method,target_scope,chart_id,field,correct,error_type,comparison_policy,pred_compact,target_compact
A1,Q4_angle,KAAA_R03,leg_1.Q4_course_or_radial,False,status_unknown,degree_display_rounding,"{""status"":""unknown"",""value"":null}","{""status"":""present"",""value"":{""course_deg"":35.3,""type"":""course_deg""}}"
A1,Q4_direct,KAAA_R03,leg_2.Q4_course_or_radial,False,status_not_applicable,exact_status_value,"{""status"":""not_applicable"",""value"":null}","{""status"":""present"",""value"":{""type"":""direct""}}"
A1,Q5_hold_other,KAAA_R03,leg_2.Q5_hold_params,False,target_not_present_but_pred_present,exact_status_value,"{""status"":""present"",""value"":{""inbound_course_deg"":null,""leg_distance_nm"":null,""leg_time_min"":1.0,""turn"":""RIGHT""}}","{""status"":""not_applicable"",""value"":null}"
A1,Q4_not_applicable,KAAA_R03,leg_3.Q4_course_or_radial,False,missing_leg_or_field,exact_status_value,null,"{""status"":""not_applicable"",""value"":null}"
A1,Q5_hold_inbound_course,KAAA_R03,leg_3.Q5_hold_params,False,missing_leg_or_field,degree_display_rounding,null,"{""status"":""present"",""value"":{""inbound_course_deg"":215.4,""leg_distance_nm"":4.0,""leg_time_min"":null,""turn"":""RIGHT""}}"
A1,Q4_angle,KAAA_R21,leg_1.Q4_course_or_radial,False,status_not_applicable,degree_display_rounding,"{""status"":""not_applicable"",""value"":null}","{""status"":""present"",""value"":{""course_deg"":215.3,""type"":""course_deg""}}"
A1,Q5_hold_other,KAAA_R21,leg_1.Q5_hold_params,False,target_not_present_but_pred_present,exact_status_value,"{""status"":""present"",""value"":{""inbound_course_deg"":null,""leg_distance_nm"":null,""leg_time_min"":1.0,""turn"":""RIGHT""}}","{""status"":""not_applicable"",""value"":null}"
A1,Q4_direct,KAAA_R21,leg_2.Q4_course_or_radial,False,missing_leg_or_field,exact_status_value,null,"{""status"":""present"",""value"":{""type"":""direct""}}"
A1,Q4_not_applicable,KAAA_R21,leg_3.Q4_course_or_radial,False,missing_leg_or_field,exact_status_value,null,"{""status"":""not_applicable"",""value"":null}"
A1,Q5_hold_inbound_course,KAAA_R21,leg_3.Q5_hold_params,False,missing_leg_or_field,degree_display_rounding,null,"{""status"":""present"",""value"":{""inbound_course_deg"":215.4,""leg_distance_nm"":4.0,""leg_time_min"":null,""turn"":""RIGHT""}}"
A1,Q4_angle,KAAF_R06,leg_1.Q4_course_or_radial,False,status_unknown,degree_display_rounding,"{""status"":""unknown"",""value"":null}","{""status"":""present"",""value"":{""course_deg"":63.3,""type"":""course_deg""}}"
A1,Q4_direct,KAAF_R06,leg_2.Q4_course_or_radial,False,status_not_applicable,exact_status_value,"{""status"":""not_applicable"",""value"":null}","{""status"":""present"",""value"":{""type"":""direct""}}"
A1,Q5_hold_other,KAAF_R06,leg_2.Q5_hold_params,False,target_not_present_but_pred_present,exact_status_value,"{""status"":""present"",""value"":{""inbound_course_deg"":null,""leg_distance_nm"":null,""leg_time_min"":1.0,""turn"":""RIGHT""}}","{""status"":""not_applicable"",""value"":null}"
A1,Q4_not_applicable,KAAF_R06,leg_3.Q4_course_or_radial,False,missing_leg_or_field,exact_status_value,null,"{""status"":""not_applicable"",""value"":null}"
A1,Q5_hold_inbound_course,KAAF_R06,leg_3.Q5_hold_params,False,missing_leg_or_field,degree_display_rounding,null,"{""status"":""present"",""value"":{""inbound_course_deg"":243.4,""leg_distance_nm"":4.0,""leg_time_min"":null,""turn"":""RIGHT""}}"
A1,Q4_angle,KAAF_R14,leg_1.Q4_course_or_radial,False,status_unknown,degree_display_rounding,"{""status"":""unknown"",""value"":null}","{""status"":""present"",""value"":{""course_deg"":138.3,""type"":""course_deg""}}"
A1,Q4_direct,KAAF_R14,leg_2.Q4_course_or_radial,True,correct,exact_status_value,"{""status"":""present"",""value"":{""type"":""direct""}}","{""status"":""present"",""value"":{""type"":""direct""}}"
A1,Q4_not_applicable,KAAF_R14,leg_3.Q4_course_or_radial,True,correct,exact_status_value,"{""status"":""not_applicable"",""value"":null}","{""status"":""not_applicable"",""value"":null}"
A1,Q5_hold_inbound_course,KAAF_R14,leg_3.Q5_hold_params,False,missing_inbound_course_deg,degree_display_rounding,"{""status"":""present"",""value"":{""inbound_course_deg"":null,""leg_distance_nm"":null,""leg_time_min"":1.0,""turn"":""RIGHT""}}","{""status"":""present"",""value"":{""inbound_course_deg"":243.4,""leg_distance_nm"":4.0,""leg_time_min"":null,""turn"":""RIGHT""}}"
A1,Q4_angle,KAAF_R24,leg_1.Q4_course_or_radial,False,status_unknown,degree_display_rounding,"{""status"":""unknown"",""value"":null}","{""status"":""present"",""value"":{""course_deg"":243.3,""type"":""course_deg""}}"
A1,Q4_direct,KAAF_R24,leg_2.Q4_course_or_radial,False,missing_leg_or_field,exact_status_value,null,"{""status"":""present"",""value"":{""type"":""direct""}}"
A1,Q4_not_applicable,KAAF_R24,leg_3.Q4_course_or_radial,False,missing_leg_or_field,exact_status_value,null,"{""status"":""not_applicable"",""value"":null}"
A1,Q5_hold_inbound_course,KAAF_R24,leg_3.Q5_hold_params,False,missing_leg_or_field,degree_display_rounding,null,"{""status"":""present"",""value"":{""inbound_course_deg"":138.3,""leg_distance_nm"":4.0,""leg_time_min"":null,""turn"":""RIGHT""}}"
A1,Q4_angle,KAAS_R05,leg_1.Q4_course_or_radial,False,status_unknown,degree_display_rounding,"{""status"":""unknown"",""value"":null}","{""status"":""present"",""value"":{""course_deg"":54.9,""type"":""course_deg""}}"
A1,Q4_direct,KAAS_R05,leg_2.Q4_course_or_radial,False,status_not_applicable,exact_status_value,"{""status"":""not_applicable"",""value"":null}","{""status"":""present"",""value"":{""type"":""direct""}}"
A1,Q5_hold_other,KAAS_R05,leg_2.Q5_hold_params,False,target_not_present_but_pred_present,exact_status_value,"{""status"":""present"",""value"":{""inbound_course_deg"":null,""leg_distance_nm"":null,""leg_time_min"":1.0,""turn"":""RIGHT""}}","{""status"":""not_applicable"",""value"":null}"
A1,Q4_not_applicable,KAAS_R05,leg_3.Q4_course_or_radial,False,missing_leg_or_field,exact_status_value,null,"{""status"":""not_applicable"",""value"":null}"
A1,Q5_hold_inbound_course,KAAS_R05,leg_3.Q5_hold_params,False,missing_leg_or_field,exact_status_value,null,"{""status"":""present"",""value"":{""inbound_course_deg"":235.0,""leg_distance_nm"":4.0,""leg_time_min"":null,""turn"":""RIGHT""}}"
A1,Q4_angle,KAAS_R23,leg_1.Q4_course_or_radial,False,status_not_applicable,degree_display_rounding,"{""status"":""not_applicable"",""value"":null}","{""status"":""present"",""value"":{""course_deg"":235.0,""type"":""course_deg""}}"
A1,Q5_hold_other,KAAS_R23,leg_1.Q5_hold_params,False,target_not_present_but_pred_present,exact_status_value,"{""status"":""present"",""value"":{""inbound_course_deg"":null,""leg_distance_nm"":null,""leg_time_min"":1.0,""turn"":""RIGHT""}}","{""status"":""not_applicable"",""value"":null}"
A1,Q4_direct,KAAS_R23,leg_2.Q4_course_or_radial,False,missing_leg_or_field,exact_status_value,null,"{""status"":""present"",""value"":{""type"":""direct""}}"
A1,Q4_not_applicable,KAAS_R23,leg_3.Q4_course_or_radial,False,missing_leg_or_field,exact_status_value,null,"{""status"":""not_applicable"",""value"":null}"
A1,Q5_hold_inbound_course,KAAS_R23,leg_3.Q5_hold_params,False,missing_leg_or_field,degree_display_rounding,null,"{""status"":""present"",""value"":{""inbound_course_deg"":54.8,""leg_distance_nm"":4.0,""leg_time_min"":null,""turn"":""RIGHT""}}"
A1,Q4_angle,KABE_I06,leg_1.Q4_course_or_radial,False,status_unknown,degree_display_rounding,"{""status"":""unknown"",""value"":null}","{""status"":""present"",""value"":{""course_deg"":63.3,""type"":""course_deg""}}"
A1,Q4_angle,KABE_I06,leg_2.Q4_course_or_radial,False,round_equivalent_but_other_mismatch,degree_display_rounding,"{""status"":""present"",""value"":{""direction"":""outbound"",""navaid"":""STW"",""radial_deg"":243.0,""type"":""navaid_radial""}}","{""status"":""present"",""value"":{""direction"":""inbound"",""navaid"":""STW"",""radial_deg"":243.1,""type"":""navaid_radial""}}"
A1,Q4_not_applicable,KABE_I06,leg_3.Q4_course_or_radial,True,correct,exact_status_value,"{""status"":""not_applicable"",""value"":null}","{""status"":""not_applicable"",""value"":null}"
A1,Q5_hold_inbound_course,KABE_I06,leg_3.Q5_hold_params,False,missing_inbound_course_deg,degree_display_rounding,"{""status"":""present"",""value"":{""inbound_course_deg"":null,""leg_distance_nm"":null,""leg_time_min"":1.0,""turn"":""RIGHT""}}","{""status"":""present"",""value"":{""inbound_course_deg"":243.1,""leg_distance_nm"":null,""leg_time_min"":1.0,""turn"":""RIGHT""}}"
A1,Q4_angle,KABE_R13,leg_1.Q4_course_or_radial,False,status_unknown,degree_display_rounding,"{""status"":""unknown"",""value"":null}","{""status"":""present"",""value"":{""course_deg"":134.9,""type"":""course_deg""}}"
A1,Q4_direct,KABE_R13,leg_2.Q4_course_or_radial,True,correct,exact_status_value,"{""status"":""present"",""value"":{""type"":""direct""}}","{""status"":""present"",""value"":{""type"":""direct""}}"
A1,Q4_not_applicable,KABE_R13,leg_3.Q4_course_or_radial,True,correct,exact_status_value,"{""status"":""not_applicable"",""value"":null}","{""status"":""not_applicable"",""value"":null}"
A1,Q5_hold_other,KABE_R13,leg_3.Q5_hold_params,False,target_not_present_but_pred_present,exact_status_value,"{""status"":""present"",""value"":{""inbound_course_deg"":null,""leg_distance_nm"":null,""leg_time_min"":1.0,""turn"":""RIGHT""}}","{""status"":""not_applicable"",""value"":null}"
A1,Q4_not_applicable,KABE_R13,leg_4.Q4_course_or_radial,False,missing_leg_or_field,exact_status_value,null,"{""status"":""not_applicable"",""value"":null}"
A1,Q5_hold_inbound_course,KABE_R13,leg_4.Q5_hold_params,False,missing_leg_or_field,degree_display_rounding,null,"{""status"":""present"",""value"":{""inbound_course_deg"":115.1,""leg_distance_nm"":4.0,""leg_time_min"":null,""turn"":""RIGHT""}}"
A1,Q4_angle,KABE_R24,leg_1.Q4_course_or_radial,False,type_mismatch:direct->course_deg,degree_display_rounding,"{""status"":""present"",""value"":{""type"":""direct""}}","{""status"":""present"",""value"":{""course_deg"":243.4,""type"":""course_deg""}}"
A1,Q4_direct,KABE_R24,leg_2.Q4_course_or_radial,False,status_not_applicable,exact_status_value,"{""status"":""not_applicable"",""value"":null}","{""status"":""present"",""value"":{""type"":""direct""}}"
A1,Q5_hold_other,KABE_R24,leg_2.Q5_hold_params,False,target_not_present_but_pred_present,exact_status_value,"{""status"":""present"",""value"":{""inbound_course_deg"":null,""leg_distance_nm"":null,""leg_time_min"":1.0,""turn"":""RIGHT""}}","{""status"":""not_applicable"",""value"":null}"
A1,Q4_not_applicable,KABE_R24,leg_3.Q4_course_or_radial,False,missing_leg_or_field,exact_status_value,null,"{""status"":""not_applicable"",""value"":null}"
A1,Q4_not_applicable,KABE_R24,leg_4.Q4_course_or_radial,False,missing_leg_or_field,exact_status_value,null,"{""status"":""not_applicable"",""value"":null}"
A1,Q5_hold_inbound_course,KABE_R24,leg_4.Q5_hold_params,False,missing_leg_or_field,exact_status_value,null,"{""status"":""present"",""value"":{""inbound_course_deg"":239.0,""leg_distance_nm"":4.0,""leg_time_min"":null,""turn"":""RIGHT""}}"
A1,Q4_angle,KABI_R17L,leg_1.Q4_course_or_radial,False,type_mismatch:direct->course_deg,degree_display_rounding,"{""status"":""present"",""value"":{""type"":""direct""}}","{""status"":""present"",""value"":{""course_deg"":174.8,""type"":""course_deg""}}"
A1,Q4_direct,KABI_R17L,leg_2.Q4_course_or_radial,False,status_not_applicable,exact_status_value,"{""status"":""not_applicable"",""value"":null}","{""status"":""present"",""value"":{""type"":""direct""}}"
A1,Q5_hold_other,KABI_R17L,leg_2.Q5_hold_params,False,target_not_present_but_pred_present,exact_status_value,"{""status"":""present"",""value"":{""inbound_course_deg"":null,""leg_distance_nm"":null,""leg_time_min"":1.0,""turn"":""RIGHT""}}","{""status"":""not_applicable"",""value"":null}"
A1,Q4_not_applicable,KABI_R17L,leg_3.Q4_course_or_radial,False,missing_leg_or_field,exact_status_value,null,"{""status"":""not_applicable"",""value"":null}"
A1,Q5_hold_inbound_course,KABI_R17L,leg_3.Q5_hold_params,False,missing_leg_or_field,degree_display_rounding,null,"{""status"":""present"",""value"":{""inbound_course_deg"":354.8,""leg_distance_nm"":4.0,""leg_time_min"":null,""turn"":""RIGHT""}}"
A1,Q4_angle,KABI_R35R,leg_1.Q4_course_or_radial,False,status_unknown,degree_display_rounding,"{""status"":""unknown"",""value"":null}","{""status"":""present"",""value"":{""course_deg"":354.8,""type"":""course_deg""}}"
A1,Q4_direct,KABI_R35R,leg_2.Q4_course_or_radial,False,status_not_applicable,exact_status_value,"{""status"":""not_applicable"",""value"":null}","{""status"":""present"",""value"":{""type"":""direct""}}"
A1,Q5_hold_other,KABI_R35R,leg_2.Q5_hold_params,False,target_not_present_but_pred_present,exact_status_value,"{""status"":""present"",""value"":{""inbound_course_deg"":null,""leg_distance_nm"":null,""leg_time_min"":1.0,""turn"":""RIGHT""}}","{""status"":""not_applicable"",""value"":null}"
A1,Q4_not_applicable,KABI_R35R,leg_3.Q4_course_or_radial,True,correct,exact_status_value,"{""status"":""not_applicable"",""value"":null}","{""status"":""not_applicable"",""value"":null}"
A1,Q5_hold_inbound_course,KABI_R35R,leg_3.Q5_hold_params,False,missing_inbound_course_deg,degree_display_rounding,"{""status"":""present"",""value"":{""inbound_course_deg"":null,""leg_distance_nm"":null,""leg_time_min"":1.0,""turn"":""RIGHT""}}","{""status"":""present"",""value"":{""inbound_course_deg"":174.8,""leg_distance_nm"":4.0,""leg_time_min"":null,""turn"":""RIGHT""}}"
A1,Q4_angle,KABR_R13,leg_1.Q4_course_or_radial,False,status_not_applicable,degree_display_rounding,"{""status"":""not_applicable"",""value"":null}","{""status"":""present"",""value"":{""course_deg"":128.0,""type"":""course_deg""}}"
A1,Q5_hold_other,KABR_R13,leg_1.Q5_hold_params,False,target_not_present_but_pred_present,exact_status_value,"{""status"":""present"",""value"":{""inbound_course_deg"":null,""leg_distance_nm"":null,""leg_time_min"":1.0,""turn"":""RIGHT""}}","{""status"":""not_applicable"",""value"":null}"
A1,Q4_direct,KABR_R13,leg_2.Q4_course_or_radial,False,missing_leg_or_field,exact_status_value,null,"{""status"":""present"",""value"":{""type"":""direct""}}"
A1,Q4_not_applicable,KABR_R13,leg_3.Q4_course_or_radial,False,missing_leg_or_field,exact_status_value,null,"{""status"":""not_applicable"",""value"":null}"
A1,Q5_hold_inbound_course,KABR_R13,leg_3.Q5_hold_params,False,missing_leg_or_field,degree_display_rounding,null,"{""status"":""present"",""value"":{""inbound_course_deg"":308.2,""leg_distance_nm"":4.0,""leg_time_min"":null,""turn"":""RIGHT""}}"
A1,Q4_angle,KABR_R17,leg_1.Q4_course_or_radial,False,status_not_applicable,degree_display_rounding,"{""status"":""not_applicable"",""value"":null}","{""status"":""present"",""value"":{""course_deg"":172.9,""type"":""course_deg""}}"
A1,Q5_hold_other,KABR_R17,leg_1.Q5_hold_params,False,target_not_present_but_pred_present,exact_status_value,"{""status"":""present"",""value"":{""inbound_course_deg"":null,""leg_distance_nm"":null,""leg_time_min"":1.0,""turn"":""RIGHT""}}","{""status"":""not_applicable"",""value"":null}"
A1,Q4_direct,KABR_R17,leg_2.Q4_course_or_radial,False,missing_leg_or_field,exact_status_value,null,"{""status"":""present"",""value"":{""type"":""direct""}}"
A1,Q4_not_applicable,KABR_R17,leg_3.Q4_course_or_radial,False,missing_leg_or_field,exact_status_value,null,"{""status"":""not_applicable"",""value"":null}"
A1,Q5_hold_inbound_course,KABR_R17,leg_3.Q5_hold_params,False,missing_leg_or_field,degree_display_rounding,null,"{""status"":""present"",""value"":{""inbound_course_deg"":352.9,""leg_distance_nm"":4.0,""leg_time_min"":null,""turn"":""RIGHT""}}"
A1,Q4_angle,KABR_R31,leg_1.Q4_course_or_radial,False,status_unknown,degree_display_rounding,"{""status"":""unknown"",""value"":null}","{""status"":""present"",""value"":{""course_deg"":308.1,""type"":""course_deg""}}"
A1,Q4_direct,KABR_R31,leg_2.Q4_course_or_radial,False,status_not_applicable,exact_status_value,"{""status"":""not_applicable"",""value"":null}","{""status"":""present"",""value"":{""type"":""direct""}}"
A1,Q5_hold_other,KABR_R31,leg_2.Q5_hold_params,False,target_not_present_but_pred_present,exact_status_value,"{""status"":""present"",""value"":{""inbound_course_deg"":null,""leg_distance_nm"":null,""leg_time_min"":1.0,""turn"":""RIGHT""}}","{""status"":""not_applicable"",""value"":null}"
A1,Q4_not_applicable,KABR_R31,leg_3.Q4_course_or_radial,True,correct,exact_status_value,"{""status"":""not_applicable"",""value"":null}","{""status"":""not_applicable"",""value"":null}"
A1,Q5_hold_inbound_course,KABR_R31,leg_3.Q5_hold_params,False,missing_inbound_course_deg,degree_display_rounding,"{""status"":""present"",""value"":{""inbound_course_deg"":null,""leg_distance_nm"":4.0,""leg_time_min"":null,""turn"":""RIGHT""}}","{""status"":""present"",""value"":{""inbound_course_deg"":127.9,""leg_distance_nm"":4.0,""leg_time_min"":null,""turn"":""RIGHT""}}"
A1,Q4_angle,KABY_R05,leg_1.Q4_course_or_radial,False,status_unknown,degree_display_rounding,"{""status"":""unknown"",""value"":null}","{""status"":""present"",""value"":{""course_deg"":47.1,""type"":""course_deg""}}"
A1,Q4_direct,KABY_R05,leg_2.Q4_course_or_radial,True,correct,exact_status_value,"{""status"":""present"",""value"":{""type"":""direct""}}","{""status"":""present"",""value"":{""type"":""direct""}}"
A1,Q4_not_applicable,KABY_R05,leg_3.Q4_course_or_radial,True,correct,exact_status_value,"{""status"":""not_applicable"",""value"":null}","{""status"":""not_applicable"",""value"":null}"
A1,Q5_hold_other,KABY_R05,leg_3.Q5_hold_params,False,target_not_present_but_pred_present,exact_status_value,"{""status"":""present"",""value"":{""inbound_course_deg"":null,""leg_distance_nm"":null,""leg_time_min"":1.0,""turn"":""RIGHT""}}","{""status"":""not_applicable"",""value"":null}"
A1,Q4_not_applicable,KABY_R05,leg_4.Q4_course_or_radial,False,missing_leg_or_field,exact_status_value,null,"{""status"":""not_applicable"",""value"":null}"
A1,Q5_hold_inbound_course,KABY_R05,leg_4.Q5_hold_params,False,missing_leg_or_field,degree_display_rounding,null,"{""status"":""present"",""value"":{""inbound_course_deg"":60.7,""leg_distance_nm"":4.0,""leg_time_min"":null,""turn"":""RIGHT""}}"
A1,Q4_angle,KABY_R17,leg_1.Q4_course_or_radial,False,type_mismatch:direct->course_deg,degree_display_rounding,"{""status"":""present"",""value"":{""type"":""direct""}}","{""status"":""present"",""value"":{""course_deg"":166.8,""type"":""course_deg""}}"
A1,Q4_direct,KABY_R17,leg_2.Q4_course_or_radial,False,status_not_applicable,exact_status_value,"{""status"":""not_applicable"",""value"":null}","{""status"":""present"",""value"":{""type"":""direct""}}"
A1,Q5_hold_other,KABY_R17,leg_2.Q5_hold_params,False,target_not_present_but_pred_present,exact_status_value,"{""status"":""present"",""value"":{""inbound_course_deg"":null,""leg_distance_nm"":null,""leg_time_min"":1.0,""turn"":""RIGHT""}}","{""status"":""not_applicable"",""value"":null}"
A1,Q4_not_applicable,KABY_R17,leg_3.Q4_course_or_radial,True,correct,exact_status_value,"{""status"":""not_applicable"",""value"":null}","{""status"":""not_applicable"",""value"":null}"
A1,Q5_hold_other,KABY_R17,leg_3.Q5_hold_params,False,target_not_present_but_pred_present,exact_status_value,"{""status"":""present"",""value"":{""inbound_course_deg"":null,""leg_distance_nm"":null,""leg_time_min"":1.0,""turn"":""RIGHT""}}","{""status"":""not_applicable"",""value"":null}"
A1,Q4_not_applicable,KABY_R17,leg_4.Q4_course_or_radial,False,missing_leg_or_field,exact_status_value,null,"{""status"":""not_applicable"",""value"":null}"
A1,Q5_hold_inbound_course,KABY_R17,leg_4.Q5_hold_params,False,missing_leg_or_field,degree_display_rounding,null,"{""status"":""present"",""value"":{""inbound_course_deg"":188.6,""leg_distance_nm"":4.0,""leg_time_min"":null,""turn"":""RIGHT""}}"
A1,Q4_angle,KABY_R23,leg_1.Q4_course_or_radial,False,type_mismatch:direct->course_deg,degree_display_rounding,"{""status"":""present"",""value"":{""type"":""direct""}}","{""status"":""present"",""value"":{""course_deg"":227.2,""type"":""course_deg""}}"
A1,Q4_direct,KABY_R23,leg_2.Q4_course_or_radial,False,status_not_applicable,exact_status_value,"{""status"":""not_applicable"",""value"":null}","{""status"":""present"",""value"":{""type"":""direct""}}"
A1,Q5_hold_other,KABY_R23,leg_2.Q5_hold_params,False,target_not_present_but_pred_present,exact_status_value,"{""status"":""present"",""value"":{""inbound_course_deg"":null,""leg_distance_nm"":null,""leg_time_min"":1.0,""turn"":""RIGHT""}}","{""status"":""not_applicable"",""value"":null}"
A1,Q4_not_applicable,KABY_R23,leg_3.Q4_course_or_radial,False,missing_leg_or_field,exact_status_value,null,"{""status"":""not_applicable"",""value"":null}"
A1,Q4_not_applicable,KABY_R23,leg_4.Q4_course_or_radial,False,missing_leg_or_field,exact_status_value,null,"{""status"":""not_applicable"",""value"":null}"
A1,Q5_hold_inbound_course,KABY_R23,leg_4.Q5_hold_params,False,missing_leg_or_field,degree_display_rounding,null,"{""status"":""present"",""value"":{""inbound_course_deg"":188.6,""leg_distance_nm"":4.0,""leg_time_min"":null,""turn"":""RIGHT""}}"
A1,Q4_angle,KACJ_R05,leg_1.Q4_course_or_radial,False,status_not_applicable,degree_display_rounding,"{""status"":""not_applicable"",""value"":null}","{""status"":""present"",""value"":{""course_deg"":49.8,""type"":""course_deg""}}"
A1,Q5_hold_other,KACJ_R05,leg_1.Q5_hold_params,False,target_not_present_but_pred_present,exact_status_value,"{""status"":""present"",""value"":{""inbound_course_deg"":null,""leg_distance_nm"":null,""leg_time_min"":1.0,""turn"":""RIGHT""}}","{""status"":""not_applicable"",""value"":null}"
A1,Q4_direct,KACJ_R05,leg_2.Q4_course_or_radial,False,missing_leg_or_field,exact_status_value,null,"{""status"":""present"",""value"":{""type"":""direct""}}"
A1,Q4_not_applicable,KACJ_R05,leg_3.Q4_course_or_radial,False,missing_leg_or_field,exact_status_value,null,"{""status"":""not_applicable"",""value"":null}"
A1,Q5_hold_inbound_course,KACJ_R05,leg_3.Q5_hold_params,False,missing_leg_or_field,degree_display_rounding,null,"{""status"":""present"",""value"":{""inbound_course_deg"":229.9,""leg_distance_nm"":4.0,""leg_time_min"":null,""turn"":""RIGHT""}}"
A1,Q4_angle,KACJ_R23,leg_1.Q4_course_or_radial,False,type_mismatch:direct->course_deg,degree_display_rounding,"{""status"":""present"",""value"":{""type"":""direct""}}","{""status"":""present"",""value"":{""course_deg"":229.9,""type"":""course_deg""}}"
A1,Q4_direct,KACJ_R23,leg_2.Q4_course_or_radial,False,status_not_applicable,exact_status_value,"{""status"":""not_applicable"",""value"":null}","{""status"":""present"",""value"":{""type"":""direct""}}"
A1,Q5_hold_other,KACJ_R23,leg_2.Q5_hold_params,False,target_not_present_but_pred_present,exact_status_value,"{""status"":""present"",""value"":{""inbound_course_deg"":null,""leg_distance_nm"":null,""leg_time_min"":1.0,""turn"":""RIGHT""}}","{""status"":""not_applicable"",""value"":null}"
A1,Q4_not_applicable,KACJ_R23,leg_3.Q4_course_or_radial,False,missing_leg_or_field,exact_status_value,null,"{""status"":""not_applicable"",""value"":null}"
A1,Q5_hold_inbound_course,KACJ_R23,leg_3.Q5_hold_params,False,missing_leg_or_field,degree_display_rounding,null,"{""status"":""present"",""value"":{""inbound_course_deg"":49.8,""leg_distance_nm"":4.0,""leg_time_min"":null,""turn"":""RIGHT""}}"
A1,Q4_angle,KACK_R06,leg_1.Q4_course_or_radial,False,status_unknown,degree_display_rounding,"{""status"":""unknown"",""value"":null}","{""status"":""present"",""value"":{""course_deg"":59.0,""type"":""course_deg""}}"
A1,Q4_direct,KACK_R06,leg_2.Q4_course_or_radial,False,status_not_applicable,exact_status_value,"{""status"":""not_applicable"",""value"":null}","{""status"":""present"",""value"":{""type"":""direct""}}"
A1,Q5_hold_other,KACK_R06,leg_2.Q5_hold_params,False,target_not_present_but_pred_present,exact_status_value,"{""status"":""present"",""value"":{""inbound_course_deg"":null,""leg_distance_nm"":null,""leg_time_min"":1.0,""turn"":""RIGHT""}}","{""status"":""not_applicable"",""value"":null}"
A1,Q4_not_applicable,KACK_R06,leg_3.Q4_course_or_radial,True,correct,exact_status_value,"{""status"":""not_applicable"",""value"":null}","{""status"":""not_applicable"",""value"":null}"
A1,Q5_hold_inbound_course,KACK_R06,leg_3.Q5_hold_params,False,missing_inbound_course_deg,degree_display_rounding,"{""status"":""present"",""value"":{""inbound_course_deg"":null,""leg_distance_nm"":null,""leg_time_min"":1.0,""turn"":""RIGHT""}}","{""status"":""present"",""value"":{""inbound_course_deg"":291.6,""leg_distance_nm"":4.0,""leg_time_min"":null,""turn"":""RIGHT""}}"
A1,Q4_angle,KACK_R15,leg_1.Q4_course_or_radial,False,status_unknown,degree_display_rounding,"{""status"":""unknown"",""value"":null}","{""status"":""present"",""value"":{""course_deg"":149.0,""type"":""course_deg""}}"
A1,Q4_direct,KACK_R15,leg_2.Q4_course_or_radial,False,status_not_applicable,exact_status_value,"{""status"":""not_applicable"",""value"":null}","{""status"":""present"",""value"":{""type"":""direct""}}"
A1,Q5_hold_other,KACK_R15,leg_2.Q5_hold_params,False,target_not_present_but_pred_present,exact_status_value,"{""status"":""present"",""value"":{""inbound_course_deg"":null,""leg_distance_nm"":null,""leg_time_min"":1.0,""turn"":""RIGHT""}}","{""status"":""not_applicable"",""value"":null}"
A1,Q4_not_applicable,KACK_R15,leg_3.Q4_course_or_radial,False,missing_leg_or_field,exact_status_value,null,"{""status"":""not_applicable"",""value"":null}"
A1,Q5_hold_inbound_course,KACK_R15,leg_3.Q5_hold_params,False,missing_leg_or_field,degree_display_rounding,null,"{""status"":""present"",""value"":{""inbound_course_deg"":329.1,""leg_distance_nm"":4.0,""leg_time_min"":null,""turn"":""RIGHT""}}"
A1,Q4_angle,KACK_R33,leg_1.Q4_course_or_radial,False,type_mismatch:direct->course_deg,degree_display_rounding,"{""status"":""present"",""value"":{""type"":""direct""}}","{""status"":""present"",""value"":{""course_deg"":329.1,""type"":""course_deg""}}"
A1,Q4_direct,KACK_R33,leg_2.Q4_course_or_radial,False,status_not_applicable,exact_status_value,"{""status"":""not_applicable"",""value"":null}","{""status"":""present"",""value"":{""type"":""direct""}}"
A1,Q5_hold_other,KACK_R33,leg_2.Q5_hold_params,False,target_not_present_but_pred_present,exact_status_value,"{""status"":""present"",""value"":{""inbound_course_deg"":null,""leg_distance_nm"":null,""leg_time_min"":1.0,""turn"":""RIGHT""}}","{""status"":""not_applicable"",""value"":null}"
A1,Q4_not_applicable,KACK_R33,leg_3.Q4_course_or_radial,False,missing_leg_or_field,exact_status_value,null,"{""status"":""not_applicable"",""value"":null}"
A1,Q4_not_applicable,KACK_R33,leg_4.Q4_course_or_radial,False,missing_leg_or_field,exact_status_value,null,"{""status"":""not_applicable"",""value"":null}"
A1,Q5_hold_inbound_course,KACK_R33,leg_4.Q5_hold_params,False,missing_leg_or_field,exact_status_value,null,"{""status"":""present"",""value"":{""inbound_course_deg"":90.0,""leg_distance_nm"":4.0,""leg_time_min"":null,""turn"":""LEFT""}}"
A1,Q4_angle,KACP_R18,leg_1.Q4_course_or_radial,False,status_not_applicable,degree_display_rounding,"{""status"":""not_applicable"",""value"":null}","{""status"":""present"",""value"":{""course_deg"":177.5,""type"":""course_deg""}}"
A1,Q5_hold_other,KACP_R18,leg_1.Q5_hold_params,False,target_not_present_but_pred_present,exact_status_value,"{""status"":""present"",""value"":{""inbound_course_deg"":null,""leg_distance_nm"":null,""leg_time_min"":1.0,""turn"":""RIGHT""}}","{""status"":""not_applicable"",""value"":null}"
A1,Q4_direct,KACP_R18,leg_2.Q4_course_or_radial,False,status_not_applicable,exact_status_value,"{""status"":""not_applicable"",""value"":null}","{""status"":""present"",""value"":{""type"":""direct""}}"
A1,Q5_hold_other,KACP_R18,leg_2.Q5_hold_params,False,target_not_present_but_pred_present,exact_status_value,"{""status"":""present"",""value"":{""inbound_course_deg"":null,""leg_distance_nm"":4.0,""leg_time_min"":null,""turn"":""RIGHT""}}","{""status"":""not_applicable"",""value"":null}"
A1,Q4_not_applicable,KACP_R18,leg_3.Q4_course_or_radial,False,missing_leg_or_field,exact_status_value,null,"{""status"":""not_applicable"",""value"":null}"
A1,Q5_hold_inbound_course,KACP_R18,leg_3.Q5_hold_params,False,missing_leg_or_field,degree_display_rounding,null,"{""status"":""present"",""value"":{""inbound_course_deg"":357.5,""leg_distance_nm"":4.0,""leg_time_min"":null,""turn"":""RIGHT""}}"
A1,Q4_angle,KACP_R36,leg_1.Q4_course_or_radial,False,status_not_applicable,degree_display_rounding,"{""status"":""not_applicable"",""value"":null}","{""status"":""present"",""value"":{""course_deg"":357.5,""type"":""course_deg""}}"
A1,Q5_hold_other,KACP_R36,leg_1.Q5_hold_params,False,target_not_present_but_pred_present,exact_status_value,"{""status"":""present"",""value"":{""inbound_course_deg"":null,""leg_distance_nm"":null,""leg_time_min"":1.0,""turn"":""RIGHT""}}","{""status"":""not_applicable"",""value"":null}"
A1,Q4_direct,KACP_R36,leg_2.Q4_course_or_radial,False,missing_leg_or_field,exact_status_value,null,"{""status"":""present"",""value"":{""type"":""direct""}}"
A1,Q4_not_applicable,KACP_R36,leg_3.Q4_course_or_radial,False,missing_leg_or_field,exact_status_value,null,"{""status"":""not_applicable"",""value"":null}"
A1,Q5_hold_inbound_course,KACP_R36,leg_3.Q5_hold_params,False,missing_leg_or_field,degree_display_rounding,null,"{""status"":""present"",""value"":{""inbound_course_deg"":177.5,""leg_distance_nm"":4.0,""leg_time_min"":null,""turn"":""RIGHT""}}"
A1,Q4_angle,KACQ_R15,leg_1.Q4_course_or_radial,False,type_mismatch:direct->course_deg,degree_display_rounding,"{""status"":""present"",""value"":{""type"":""direct""}}","{""status"":""present"",""value"":{""course_deg"":152.1,""type"":""course_deg""}}"
A1,Q4_direct,KACQ_R15,leg_2.Q4_course_or_radial,False,status_not_applicable,exact_status_value,"{""status"":""not_applicable"",""value"":null}","{""status"":""present"",""value"":{""type"":""direct""}}"
A1,Q5_hold_other,KACQ_R15,leg_2.Q5_hold_params,False,target_not_present_but_pred_present,exact_status_value,"{""status"":""present"",""value"":{""inbound_course_deg"":null,""leg_distance_nm"":null,""leg_time_min"":1.0,""turn"":""RIGHT""}}","{""status"":""not_applicable"",""value"":null}"
A1,Q4_not_applicable,KACQ_R15,leg_3.Q4_course_or_radial,True,correct,exact_status_value,"{""status"":""not_applicable"",""value"":null}","{""status"":""not_applicable"",""value"":null}"
A1,Q5_hold_inbound_course,KACQ_R15,leg_3.Q5_hold_params,False,missing_inbound_course_deg,degree_display_rounding,"{""status"":""present"",""value"":{""inbound_course_deg"":null,""leg_distance_nm"":4.0,""leg_time_min"":null,""turn"":""RIGHT""}}","{""status"":""present"",""value"":{""inbound_course_deg"":332.2,""leg_distance_nm"":4.0,""leg_time_min"":null,""turn"":""RIGHT""}}"
A1,Q4_angle,KACQ_R33,leg_1.Q4_course_or_radial,False,status_unknown,degree_display_rounding,"{""status"":""unknown"",""value"":null}","{""status"":""present"",""value"":{""course_deg"":332.2,""type"":""course_deg""}}"
A1,Q4_direct,KACQ_R33,leg_2.Q4_course_or_radial,False,status_not_applicable,exact_status_value,"{""status"":""not_applicable"",""value"":null}","{""status"":""present"",""value"":{""type"":""direct""}}"
A1,Q5_hold_other,KACQ_R33,leg_2.Q5_hold_params,False,target_not_present_but_pred_present,exact_status_value,"{""status"":""present"",""value"":{""inbound_course_deg"":null,""leg_distance_nm"":null,""leg_time_min"":1.0,""turn"":""RIGHT""}}","{""status"":""not_applicable"",""value"":null}"
A1,Q4_not_applicable,KACQ_R33,leg_3.Q4_course_or_radial,True,correct,exact_status_value,"{""status"":""not_applicable"",""value"":null}","{""status"":""not_applicable"",""value"":null}"
A1,Q5_hold_inbound_course,KACQ_R33,leg_3.Q5_hold_params,False,missing_inbound_course_deg,degree_display_rounding,"{""status"":""present"",""value"":{""inbound_course_deg"":null,""leg_distance_nm"":4.0,""leg_time_min"":null,""turn"":""RIGHT""}}","{""status"":""present"",""value"":{""inbound_course_deg"":152.1,""leg_distance_nm"":4.0,""leg_time_min"":null,""turn"":""RIGHT""}}"
A1,Q4_angle,KACY_R04,leg_1.Q4_course_or_radial,False,status_unknown,degree_display_rounding,"{""status"":""unknown"",""value"":null}","{""status"":""present"",""value"":{""course_deg"":38.0,""type"":""course_deg""}}"
A1,Q4_direct,KACY_R04,leg_2.Q4_course_or_radial,False,status_not_applicable,exact_status_value,"{""status"":""not_applicable"",""value"":null}","{""status"":""present"",""value"":{""type"":""direct""}}"
A1,Q5_hold_other,KACY_R04,leg_2.Q5_hold_params,False,target_not_present_but_pred_present,exact_status_value,"{""status"":""present"",""value"":{""inbound_course_deg"":null,""leg_distance_nm"":null,""leg_time_min"":1.0,""turn"":""RIGHT""}}","{""status"":""not_applicable"",""value"":null}"
A1,Q4_not_applicable,KACY_R04,leg_3.Q4_course_or_radial,False,missing_leg_or_field,exact_status_value,null,"{""status"":""not_applicable"",""value"":null}"
A1,Q5_hold_inbound_course,KACY_R04,leg_3.Q5_hold_params,False,missing_leg_or_field,exact_status_value,null,"{""status"":""present"",""value"":{""inbound_course_deg"":270.0,""leg_distance_nm"":6.0,""leg_time_min"":null,""turn"":""RIGHT""}}"
A1,Q4_angle,KACY_R13-Y,leg_1.Q4_course_or_radial,False,type_mismatch:direct->course_deg,degree_display_rounding,"{""status"":""present"",""value"":{""type"":""direct""}}","{""status"":""present"",""value"":{""course_deg"":127.9,""type"":""course_deg""}}"
A1,Q4_direct,KACY_R13-Y,leg_2.Q4_course_or_radial,False,status_not_applicable,exact_status_value,"{""status"":""not_applicable"",""value"":null}","{""status"":""present"",""value"":{""type"":""direct""}}"
A1,Q5_hold_other,KACY_R13-Y,leg_2.Q5_hold_params,False,target_not_present_but_pred_present,exact_status_value,"{""status"":""present"",""value"":{""inbound_course_deg"":null,""leg_distance_nm"":null,""leg_time_min"":1.0,""turn"":""RIGHT""}}","{""status"":""not_applicable"",""value"":null}"
A1,Q4_not_applicable,KACY_R13-Y,leg_3.Q4_course_or_radial,True,correct,exact_status_value,"{""status"":""not_applicable"",""value"":null}","{""status"":""not_applicable"",""value"":null}"
A1,Q5_hold_other,KACY_R13-Y,leg_3.Q5_hold_params,False,target_not_present_but_pred_present,exact_status_value,"{""status"":""present"",""value"":{""inbound_course_deg"":null,""leg_distance_nm"":5.0,""leg_time_min"":null,""turn"":""RIGHT""}}","{""status"":""not_applicable"",""value"":null}"
A1,Q4_not_applicable,KACY_R13-Y,leg_4.Q4_course_or_radial,False,missing_leg_or_field,exact_status_value,null,"{""status"":""not_applicable"",""value"":null}"
A1,Q5_hold_inbound_course,KACY_R13-Y,leg_4.Q5_hold_params,False,missing_leg_or_field,degree_display_rounding,null,"{""status"":""present"",""value"":{""inbound_course_deg"":218.2,""leg_distance_nm"":5.0,""leg_time_min"":null,""turn"":""RIGHT""}}"
A1,Q4_angle,KACY_R31-Y,leg_1.Q4_course_or_radial,False,type_mismatch:direct->course_deg,degree_display_rounding,"{""status"":""present"",""value"":{""type"":""direct""}}","{""status"":""present"",""value"":{""course_deg"":308.1,""type"":""course_deg""}}"
A1,Q4_direct,KACY_R31-Y,leg_2.Q4_course_or_radial,False,status_not_applicable,exact_status_value,"{""status"":""not_applicable"",""value"":null}","{""status"":""present"",""value"":{""type"":""direct""}}"
A1,Q5_hold_other,KACY_R31-Y,leg_2.Q5_hold_params,False,target_not_present_but_pred_present,exact_status_value,"{""status"":""present"",""value"":{""inbound_course_deg"":null,""leg_distance_nm"":null,""leg_time_min"":1.0,""turn"":""RIGHT""}}","{""status"":""not_applicable"",""value"":null}"
A1,Q4_not_applicable,KACY_R31-Y,leg_3.Q4_course_or_radial,False,missing_leg_or_field,exact_status_value,null,"{""status"":""not_applicable"",""value"":null}"
A1,Q4_not_applicable,KACY_R31-Y,leg_4.Q4_course_or_radial,False,missing_leg_or_field,exact_status_value,null,"{""status"":""not_applicable"",""value"":null}"
A1,Q5_hold_inbound_course,KACY_R31-Y,leg_4.Q5_hold_params,False,missing_leg_or_field,degree_display_rounding,null,"{""status"":""present"",""value"":{""inbound_course_deg"":37.8,""leg_distance_nm"":6.0,""leg_time_min"":null,""turn"":""RIGHT""}}"
A1,Q4_angle,KADC_R16,leg_1.Q4_course_or_radial,False,status_unknown,degree_display_rounding,"{""status"":""unknown"",""value"":null}","{""status"":""present"",""value"":{""course_deg"":159.3,""type"":""course_deg""}}"
A1,Q4_direct,KADC_R16,leg_2.Q4_course_or_radial,False,status_not_applicable,exact_status_value,"{""status"":""not_applicable"",""value"":null}","{""status"":""present"",""value"":{""type"":""direct""}}"
A1,Q5_hold_other,KADC_R16,leg_2.Q5_hold_params,False,target_not_present_but_pred_present,exact_status_value,"{""status"":""present"",""value"":{""inbound_course_deg"":null,""leg_distance_nm"":null,""leg_time_min"":1.0,""turn"":""RIGHT""}}","{""status"":""not_applicable"",""value"":null}"
A1,Q4_not_applicable,KADC_R16,leg_3.Q4_course_or_radial,True,correct,exact_status_value,"{""status"":""not_applicable"",""value"":null}","{""status"":""not_applicable"",""value"":null}"
A1,Q5_hold_inbound_course,KADC_R16,leg_3.Q5_hold_params,False,missing_inbound_course_deg,degree_display_rounding,"{""status"":""present"",""value"":{""inbound_course_deg"":null,""leg_distance_nm"":4.0,""leg_time_min"":null,""turn"":""RIGHT""}}","{""status"":""present"",""value"":{""inbound_course_deg"":339.4,""leg_distance_nm"":4.0,""leg_time_min"":null,""turn"":""RIGHT""}}"
A1,Q4_angle,KADC_R34,leg_1.Q4_course_or_radial,False,status_unknown,degree_display_rounding,"{""status"":""unknown"",""value"":null}","{""status"":""present"",""value"":{""course_deg"":339.3,""type"":""course_deg""}}"
A1,Q4_direct,KADC_R34,leg_2.Q4_course_or_radial,False,status_not_applicable,exact_status_value,"{""status"":""not_applicable"",""value"":null}","{""status"":""present"",""value"":{""type"":""direct""}}"
A1,Q5_hold_other,KADC_R34,leg_2.Q5_hold_params,False,target_not_present_but_pred_present,exact_status_value,"{""status"":""present"",""value"":{""inbound_course_deg"":null,""leg_distance_nm"":null,""leg_time_min"":1.0,""turn"":""RIGHT""}}","{""status"":""not_applicable"",""value"":null}"
A1,Q4_not_applicable,KADC_R34,leg_3.Q4_course_or_radial,False,missing_leg_or_field,exact_status_value,null,"{""status"":""not_applicable"",""value"":null}"
A1,Q5_hold_inbound_course,KADC_R34,leg_3.Q5_hold_params,False,missing_leg_or_field,degree_display_rounding,null,"{""status"":""present"",""value"":{""inbound_course_deg"":159.2,""leg_distance_nm"":4.0,""leg_time_min"":null,""turn"":""RIGHT""}}"
A1,Q4_angle,KADF_R04,leg_1.Q4_course_or_radial,False,type_mismatch:direct->course_deg,degree_display_rounding,"{""status"":""present"",""value"":{""type"":""direct""}}","{""status"":""present"",""value"":{""course_deg"":40.2,""type"":""course_deg""}}"
A1,Q4_direct,KADF_R04,leg_2.Q4_course_or_radial,False,status_not_applicable,exact_status_value,"{""status"":""not_applicable"",""value"":null}","{""status"":""present"",""value"":{""type"":""direct""}}"
A1,Q5_hold_other,KADF_R04,leg_2.Q5_hold_params,False,target_not_present_but_pred_present,exact_status_value,"{""status"":""present"",""value"":{""inbound_course_deg"":null,""leg_distance_nm"":null,""leg_time_min"":1.0,""turn"":""RIGHT""}}","{""status"":""not_applicable"",""value"":null}"
A1,Q4_not_applicable,KADF_R04,leg_3.Q4_course_or_radial,False,missing_leg_or_field,exact_status_value,null,"{""status"":""not_applicable"",""value"":null}"
A1,Q5_hold_inbound_course,KADF_R04,leg_3.Q5_hold_params,False,missing_leg_or_field,degree_display_rounding,null,"{""status"":""present"",""value"":{""inbound_course_deg"":220.3,""leg_distance_nm"":4.0,""leg_time_min"":null,""turn"":""RIGHT""}}"
A1,Q4_angle,KADF_R22,leg_1.Q4_course_or_radial,False,status_unknown,degree_display_rounding,"{""status"":""unknown"",""value"":null}","{""status"":""present"",""value"":{""course_deg"":220.3,""type"":""course_deg""}}"
A1,Q4_direct,KADF_R22,leg_2.Q4_course_or_radial,False,status_not_applicable,exact_status_value,"{""status"":""not_applicable"",""value"":null}","{""status"":""present"",""value"":{""type"":""direct""}}"
A1,Q5_hold_other,KADF_R22,leg_2.Q5_hold_params,False,target_not_present_but_pred_present,exact_status_value,"{""status"":""present"",""value"":{""inbound_course_deg"":null,""leg_distance_nm"":null,""leg_time_min"":1.0,""turn"":""RIGHT""}}","{""status"":""not_applicable"",""value"":null}"
A1,Q4_not_applicable,KADF_R22,leg_3.Q4_course_or_radial,False,missing_leg_or_field,exact_status_value,null,"{""status"":""not_applicable"",""value"":null}"
A1,Q5_hold_inbound_course,KADF_R22,leg_3.Q5_hold_params,False,missing_leg_or_field,degree_display_rounding,null,"{""status"":""present"",""value"":{""inbound_course_deg"":40.1,""leg_distance_nm"":4.0,""leg_time_min"":null,""turn"":""LEFT""}}"
A1,Q4_angle,KADH_R18,leg_1.Q4_course_or_radial,False,status_unknown,degree_display_rounding,"{""status"":""unknown"",""value"":null}","{""status"":""present"",""value"":{""course_deg"":177.0,""type"":""course_deg""}}"
A1,Q4_direct,KADH_R18,leg_2.Q4_course_or_radial,False,status_not_applicable,exact_status_value,"{""status"":""not_applicable"",""value"":null}","{""status"":""present"",""value"":{""type"":""direct""}}"
A1,Q5_hold_other,KADH_R18,leg_2.Q5_hold_params,False,target_not_present_but_pred_present,exact_status_value,"{""status"":""present"",""value"":{""inbound_course_deg"":null,""leg_distance_nm"":null,""leg_time_min"":1.0,""turn"":""RIGHT""}}","{""status"":""not_applicable"",""value"":null}"
A1,Q4_not_applicable,KADH_R18,leg_3.Q4_course_or_radial,False,missing_leg_or_field,exact_status_value,null,"{""status"":""not_applicable"",""value"":null}"
A1,Q5_hold_inbound_course,KADH_R18,leg_3.Q5_hold_params,False,missing_leg_or_field,exact_status_value,null,"{""status"":""present"",""value"":{""inbound_course_deg"":357.0,""leg_distance_nm"":4.0,""leg_time_min"":null,""turn"":""RIGHT""}}"
A1,Q4_angle,KADH_R36,leg_1.Q4_course_or_radial,False,status_not_applicable,degree_display_rounding,"{""status"":""not_applicable"",""value"":null}","{""status"":""present"",""value"":{""course_deg"":357.0,""type"":""course_deg""}}"
A1,Q5_hold_other,KADH_R36,leg_1.Q5_hold_params,False,target_not_present_but_pred_present,exact_status_value,"{""status"":""present"",""value"":{""inbound_course_deg"":null,""leg_distance_nm"":null,""leg_time_min"":1.0,""turn"":""RIGHT""}}","{""status"":""not_applicable"",""value"":null}"
A1,Q4_direct,KADH_R36,leg_2.Q4_course_or_radial,False,missing_leg_or_field,exact_status_value,null,"{""status"":""present"",""value"":{""type"":""direct""}}"
A1,Q4_not_applicable,KADH_R36,leg_3.Q4_course_or_radial,False,missing_leg_or_field,exact_status_value,null,"{""status"":""not_applicable"",""value"":null}"
A1,Q5_hold_inbound_course,KADH_R36,leg_3.Q5_hold_params,False,missing_leg_or_field,exact_status_value,null,"{""status"":""present"",""value"":{""inbound_course_deg"":177.0,""leg_distance_nm"":4.0,""leg_time_min"":null,""turn"":""RIGHT""}}"
A1,Q4_angle,KADM_R13,leg_1.Q4_course_or_radial,False,status_not_applicable,degree_display_rounding,"{""status"":""not_applicable"",""value"":null}","{""status"":""present"",""value"":{""course_deg"":129.4,""type"":""course_deg""}}"
A1,Q5_hold_other,KADM_R13,leg_1.Q5_hold_params,False,target_not_present_but_pred_present,exact_status_value,"{""status"":""present"",""value"":{""inbound_course_deg"":null,""leg_distance_nm"":null,""leg_time_min"":1.0,""turn"":""RIGHT""}}","{""status"":""not_applicable"",""value"":null}"
A1,Q4_direct,KADM_R13,leg_2.Q4_course_or_radial,False,missing_leg_or_field,exact_status_value,null,"{""status"":""present"",""value"":{""type"":""direct""}}"
A1,Q4_not_applicable,KADM_R13,leg_3.Q4_course_or_radial,False,missing_leg_or_field,exact_status_value,null,"{""status"":""not_applicable"",""value"":null}"
A1,Q5_hold_inbound_course,KADM_R13,leg_3.Q5_hold_params,False,missing_leg_or_field,degree_display_rounding,null,"{""status"":""present"",""value"":{""inbound_course_deg"":309.5,""leg_distance_nm"":4.0,""leg_time_min"":null,""turn"":""RIGHT""}}"
A1,Q4_angle,KADM_R31,leg_1.Q4_course_or_radial,False,status_unknown,degree_display_rounding,"{""status"":""unknown"",""value"":null}","{""status"":""present"",""value"":{""course_deg"":309.5,""type"":""course_deg""}}"
A1,Q4_direct,KADM_R31,leg_2.Q4_course_or_radial,False,status_not_applicable,exact_status_value,"{""status"":""not_applicable"",""value"":null}","{""status"":""present"",""value"":{""type"":""direct""}}"
A1,Q5_hold_other,KADM_R31,leg_2.Q5_hold_params,False,target_not_present_but_pred_present,exact_status_value,"{""status"":""present"",""value"":{""inbound_course_deg"":null,""leg_distance_nm"":null,""leg_time_min"":1.0,""turn"":""RIGHT""}}","{""status"":""not_applicable"",""value"":null}"
A1,Q4_not_applicable,KADM_R31,leg_3.Q4_course_or_radial,True,correct,exact_status_value,"{""status"":""not_applicable"",""value"":null}","{""status"":""not_applicable"",""value"":null}"
A1,Q5_hold_inbound_course,KADM_R31,leg_3.Q5_hold_params,False,missing_inbound_course_deg,degree_display_rounding,"{""status"":""present"",""value"":{""inbound_course_deg"":null,""leg_distance_nm"":4.0,""leg_time_min"":null,""turn"":""RIGHT""}}","{""status"":""present"",""value"":{""inbound_course_deg"":129.3,""leg_distance_nm"":4.0,""leg_time_min"":null,""turn"":""RIGHT""}}"
A1,Q4_angle,KAEG_R04,leg_1.Q4_course_or_radial,False,status_unknown,degree_display_rounding,"{""status"":""unknown"",""value"":null}","{""status"":""present"",""value"":{""course_deg"":35.1,""type"":""course_deg""}}"
A1,Q4_direct,KAEG_R04,leg_2.Q4_course_or_radial,False,status_not_applicable,exact_status_value,"{""status"":""not_applicable"",""value"":null}","{""status"":""present"",""value"":{""type"":""direct""}}"
A1,Q5_hold_other,KAEG_R04,leg_2.Q5_hold_params,False,target_not_present_but_pred_present,exact_status_value,"{""status"":""present"",""value"":{""inbound_course_deg"":null,""leg_distance_nm"":null,""leg_time_min"":1.0,""turn"":""RIGHT""}}","{""status"":""not_applicable"",""value"":null}"
A1,Q4_not_applicable,KAEG_R04,leg_3.Q4_course_or_radial,False,missing_leg_or_field,exact_status_value,null,"{""status"":""not_applicable"",""value"":null}"
A1,Q5_hold_inbound_course,KAEG_R04,leg_3.Q5_hold_params,False,missing_leg_or_field,degree_display_rounding,null,"{""status"":""present"",""value"":{""inbound_course_deg"":200.8,""leg_distance_nm"":7.0,""leg_time_min"":null,""turn"":""RIGHT""}}"
A1,Q4_angle,KAEG_R22,leg_1.Q4_course_or_radial,False,status_unknown,degree_display_rounding,"{""status"":""unknown"",""value"":null}","{""status"":""present"",""value"":{""course_deg"":215.2,""type"":""course_deg""}}"
A1,Q4_direct,KAEG_R22,leg_2.Q4_course_or_radial,False,status_not_applicable,exact_status_value,"{""status"":""not_applicable"",""value"":null}","{""status"":""present"",""value"":{""type"":""direct""}}"
A1,Q5_hold_other,KAEG_R22,leg_2.Q5_hold_params,False,target_not_present_but_pred_present,exact_status_value,"{""status"":""present"",""value"":{""inbound_course_deg"":null,""leg_distance_nm"":null,""leg_time_min"":1.0,""turn"":""RIGHT""}}","{""status"":""not_applicable"",""value"":null}"
A1,Q4_not_applicable,KAEG_R22,leg_3.Q4_course_or_radial,False,missing_leg_or_field,exact_status_value,null,"{""status"":""not_applicable"",""value"":null}"
A1,Q5_hold_inbound_course,KAEG_R22,leg_3.Q5_hold_params,False,missing_leg_or_field,degree_display_rounding,null,"{""status"":""present"",""value"":{""inbound_course_deg"":35.1,""leg_distance_nm"":7.0,""leg_time_min"":null,""turn"":""RIGHT""}}"
A1,Q4_angle,KAEL_R17,leg_1.Q4_course_or_radial,False,status_unknown,degree_display_rounding,"{""status"":""unknown"",""value"":null}","{""status"":""present"",""value"":{""course_deg"":167.2,""type"":""course_deg""}}"
A1,Q4_direct,KAEL_R17,leg_2.Q4_course_or_radial,False,status_not_applicable,exact_status_value,"{""status"":""not_applicable"",""value"":null}","{""status"":""present"",""value"":{""type"":""direct""}}"
A1,Q5_hold_other,KAEL_R17,leg_2.Q5_hold_params,False,target_not_present_but_pred_present,exact_status_value,"{""status"":""present"",""value"":{""inbound_course_deg"":null,""leg_distance_nm"":null,""leg_time_min"":1.0,""turn"":""RIGHT""}}","{""status"":""not_applicable"",""value"":null}"
A1,Q4_not_applicable,KAEL_R17,leg_3.Q4_course_or_radial,False,missing_leg_or_field,exact_status_value,null,"{""status"":""not_applicable"",""value"":null}"
A1,Q5_hold_inbound_course,KAEL_R17,leg_3.Q5_hold_params,False,missing_leg_or_field,degree_display_rounding,null,"{""status"":""present"",""value"":{""inbound_course_deg"":347.2,""leg_distance_nm"":4.0,""leg_time_min"":null,""turn"":""RIGHT""}}"
A1,Q4_angle,KAEL_R35,leg_1.Q4_course_or_radial,False,status_unknown,degree_display_rounding,"{""status"":""unknown"",""value"":null}","{""status"":""present"",""value"":{""course_deg"":347.2,""type"":""course_deg""}}"
A1,Q4_direct,KAEL_R35,leg_2.Q4_course_or_radial,False,status_not_applicable,exact_status_value,"{""status"":""not_applicable"",""value"":null}","{""status"":""present"",""value"":{""type"":""direct""}}"
A1,Q5_hold_other,KAEL_R35,leg_2.Q5_hold_params,False,target_not_present_but_pred_present,exact_status_value,"{""status"":""present"",""value"":{""inbound_course_deg"":null,""leg_distance_nm"":null,""leg_time_min"":1.0,""turn"":""RIGHT""}}","{""status"":""not_applicable"",""value"":null}"
A1,Q4_not_applicable,KAEL_R35,leg_3.Q4_course_or_radial,False,missing_leg_or_field,exact_status_value,null,"{""status"":""not_applicable"",""value"":null}"
A1,Q5_hold_inbound_course,KAEL_R35,leg_3.Q5_hold_params,False,missing_leg_or_field,degree_display_rounding,null,"{""status"":""present"",""value"":{""inbound_course_deg"":167.1,""leg_distance_nm"":4.0,""leg_time_min"":null,""turn"":""RIGHT""}}"
A1,Q4_angle,KAFJ_R09,leg_1.Q4_course_or_radial,False,type_mismatch:direct->course_deg,degree_display_rounding,"{""status"":""present"",""value"":{""type"":""direct""}}","{""status"":""present"",""value"":{""course_deg"":93.0,""type"":""course_deg""}}"
A1,Q4_direct,KAFJ_R09,leg_2.Q4_course_or_radial,False,status_not_applicable,exact_status_value,"{""status"":""not_applicable"",""value"":null}","{""status"":""present"",""value"":{""type"":""direct""}}"
A1,Q5_hold_other,KAFJ_R09,leg_2.Q5_hold_params,False,target_not_present_but_pred_present,exact_status_value,"{""status"":""present"",""value"":{""inbound_course_deg"":null,""leg_distance_nm"":null,""leg_time_min"":1.0,""turn"":""RIGHT""}}","{""status"":""not_applicable"",""value"":null}"
A1,Q4_not_applicable,KAFJ_R09,leg_3.Q4_course_or_radial,False,missing_leg_or_field,exact_status_value,null,"{""status"":""not_applicable"",""value"":null}"
A1,Q5_hold_inbound_course,KAFJ_R09,leg_3.Q5_hold_params,False,missing_leg_or_field,degree_display_rounding,null,"{""status"":""present"",""value"":{""inbound_course_deg"":273.2,""leg_distance_nm"":4.0,""leg_time_min"":null,""turn"":""RIGHT""}}"
A1,Q4_angle,KAFJ_R27,leg_1.Q4_course_or_radial,False,status_unknown,degree_display_rounding,"{""status"":""unknown"",""value"":null}","{""status"":""present"",""value"":{""course_deg"":273.1,""type"":""course_deg""}}"
A1,Q4_direct,KAFJ_R27,leg_2.Q4_course_or_radial,True,correct,exact_status_value,"{""status"":""present"",""value"":{""type"":""direct""}}","{""status"":""present"",""value"":{""type"":""direct""}}"
A1,Q4_not_applicable,KAFJ_R27,leg_3.Q4_course_or_radial,True,correct,exact_status_value,"{""status"":""not_applicable"",""value"":null}","{""status"":""not_applicable"",""value"":null}"
A1,Q5_hold_inbound_course,KAFJ_R27,leg_3.Q5_hold_params,False,missing_inbound_course_deg,exact_status_value,"{""status"":""present"",""value"":{""inbound_course_deg"":null,""leg_distance_nm"":null,""leg_time_min"":1.0,""turn"":""RIGHT""}}","{""status"":""present"",""value"":{""inbound_course_deg"":223.0,""leg_distance_nm"":4.0,""leg_time_min"":null,""turn"":""LEFT""}}"
A1,Q4_angle,KAFN_RNV-B,leg_1.Q4_course_or_radial,False,status_unknown,degree_display_rounding,"{""status"":""unknown"",""value"":null}","{""status"":""present"",""value"":{""course_deg"":22.9,""type"":""course_deg""}}"
A1,Q4_direct,KAFN_RNV-B,leg_2.Q4_course_or_radial,False,status_not_applicable,exact_status_value,"{""status"":""not_applicable"",""value"":null}","{""status"":""present"",""value"":{""type"":""direct""}}"
A1,Q5_hold_other,KAFN_RNV-B,leg_2.Q5_hold_params,False,target_not_present_but_pred_present,exact_status_value,"{""status"":""present"",""value"":{""inbound_course_deg"":null,""leg_distance_nm"":null,""leg_time_min"":1.0,""turn"":""RIGHT""}}","{""status"":""not_applicable"",""value"":null}"
A1,Q4_not_applicable,KAFN_RNV-B,leg_3.Q4_course_or_radial,True,correct,exact_status_value,"{""status"":""not_applicable"",""value"":null}","{""status"":""not_applicable"",""value"":null}"
A1,Q5_hold_inbound_course,KAFN_RNV-B,leg_3.Q5_hold_params,False,missing_inbound_course_deg,exact_status_value,"{""status"":""present"",""value"":{""inbound_course_deg"":null,""leg_distance_nm"":null,""leg_time_min"":1.0,""turn"":""RIGHT""}}","{""status"":""present"",""value"":{""inbound_course_deg"":203.0,""leg_distance_nm"":4.0,""leg_time_min"":null,""turn"":""LEFT""}}"
A1,Q4_angle,KAFN_RNV-C,leg_1.Q4_course_or_radial,False,status_unknown,degree_display_rounding,"{""status"":""unknown"",""value"":null}","{""status"":""present"",""value"":{""course_deg"":203.0,""type"":""course_deg""}}"
A1,Q4_direct,KAFN_RNV-C,leg_2.Q4_course_or_radial,False,status_not_applicable,exact_status_value,"{""status"":""not_applicable"",""value"":null}","{""status"":""present"",""value"":{""type"":""direct""}}"
A1,Q5_hold_other,KAFN_RNV-C,leg_2.Q5_hold_params,False,target_not_present_but_pred_present,exact_status_value,"{""status"":""present"",""value"":{""inbound_course_deg"":null,""leg_distance_nm"":null,""leg_time_min"":1.0,""turn"":""RIGHT""}}","{""status"":""not_applicable"",""value"":null}"
A1,Q4_not_applicable,KAFN_RNV-C,leg_3.Q4_course_or_radial,True,correct,exact_status_value,"{""status"":""not_applicable"",""value"":null}","{""status"":""not_applicable"",""value"":null}"
A1,Q5_hold_inbound_course,KAFN_RNV-C,leg_3.Q5_hold_params,False,missing_inbound_course_deg,degree_display_rounding,"{""status"":""present"",""value"":{""inbound_course_deg"":null,""leg_distance_nm"":6000.0,""leg_time_min"":null,""turn"":""RIGHT""}}","{""status"":""present"",""value"":{""inbound_course_deg"":22.9,""leg_distance_nm"":4.0,""leg_time_min"":null,""turn"":""LEFT""}}"
A1,Q4_angle,KAFP_R16,leg_1.Q4_course_or_radial,False,status_unknown,degree_display_rounding,"{""status"":""unknown"",""value"":null}","{""status"":""present"",""value"":{""course_deg"":161.5,""type"":""course_deg""}}"
A1,Q4_direct,KAFP_R16,leg_2.Q4_course_or_radial,False,status_not_applicable,exact_status_value,"{""status"":""not_applicable"",""value"":null}","{""status"":""present"",""value"":{""type"":""direct""}}"
A1,Q5_hold_other,KAFP_R16,leg_2.Q5_hold_params,False,target_not_present_but_pred_present,exact_status_value,"{""status"":""present"",""value"":{""inbound_course_deg"":null,""leg_distance_nm"":null,""leg_time_min"":1.0,""turn"":""RIGHT""}}","{""status"":""not_applicable"",""value"":null}"
A1,Q4_not_applicable,KAFP_R16,leg_3.Q4_course_or_radial,True,correct,exact_status_value,"{""status"":""not_applicable"",""value"":null}","{""status"":""not_applicable"",""value"":null}"
A1,Q5_hold_inbound_course,KAFP_R16,leg_3.Q5_hold_params,False,missing_inbound_course_deg,degree_display_rounding,"{""status"":""present"",""value"":{""inbound_course_deg"":null,""leg_distance_nm"":4.0,""leg_time_min"":null,""turn"":""RIGHT""}}","{""status"":""present"",""value"":{""inbound_course_deg"":341.6,""leg_distance_nm"":4.0,""leg_time_min"":null,""turn"":""RIGHT""}}"
A1,Q4_angle,KAFP_R34,leg_1.Q4_course_or_radial,False,status_not_applicable,degree_display_rounding,"{""status"":""not_applicable"",""value"":null}","{""status"":""present"",""value"":{""course_deg"":341.6,""type"":""course_deg""}}"
A1,Q5_hold_other,KAFP_R34,leg_1.Q5_hold_params,False,target_not_present_but_pred_present,exact_status_value,"{""status"":""present"",""value"":{""inbound_course_deg"":null,""leg_distance_nm"":null,""leg_time_min"":1.0,""turn"":""RIGHT""}}","{""status"":""not_applicable"",""value"":null}"
A1,Q4_direct,KAFP_R34,leg_2.Q4_course_or_radial,False,status_not_applicable,exact_status_value,"{""status"":""not_applicable"",""value"":null}","{""status"":""present"",""value"":{""type"":""direct""}}"
A1,Q5_hold_other,KAFP_R34,leg_2.Q5_hold_params,False,target_not_present_but_pred_present,exact_status_value,"{""status"":""present"",""value"":{""inbound_course_deg"":null,""leg_distance_nm"":1.0,""leg_time_min"":null,""turn"":""RIGHT""}}","{""status"":""not_applicable"",""value"":null}"
A1,Q4_not_applicable,KAFP_R34,leg_3.Q4_course_or_radial,False,missing_leg_or_field,exact_status_value,null,"{""status"":""not_applicable"",""value"":null}"
A1,Q5_hold_inbound_course,KAFP_R34,leg_3.Q5_hold_params,False,missing_leg_or_field,degree_display_rounding,null,"{""status"":""present"",""value"":{""inbound_course_deg"":161.5,""leg_distance_nm"":4.0,""leg_time_min"":null,""turn"":""RIGHT""}}"
A1,Q4_angle,KAFW_R16L,leg_1.Q4_course_or_radial,False,status_unknown,degree_display_rounding,"{""status"":""unknown"",""value"":null}","{""status"":""present"",""value"":{""course_deg"":166.2,""type"":""course_deg""}}"
A1,Q4_direct,KAFW_R16L,leg_2.Q4_course_or_radial,False,status_not_applicable,exact_status_value,"{""status"":""not_applicable"",""value"":null}","{""status"":""present"",""value"":{""type"":""direct""}}"
A1,Q5_hold_other,KAFW_R16L,leg_2.Q5_hold_params,False,target_not_present_but_pred_present,exact_status_value,"{""status"":""present"",""value"":{""inbound_course_deg"":null,""leg_distance_nm"":null,""leg_time_min"":1.0,""turn"":""RIGHT""}}","{""status"":""not_applicable"",""value"":null}"
A1,Q4_not_applicable,KAFW_R16L,leg_3.Q4_course_or_radial,False,missing_leg_or_field,exact_status_value,null,"{""status"":""not_applicable"",""value"":null}"
A1,Q5_hold_inbound_course,KAFW_R16L,leg_3.Q5_hold_params,False,missing_leg_or_field,degree_display_rounding,null,"{""status"":""present"",""value"":{""inbound_course_deg"":122.1,""leg_distance_nm"":9.0,""leg_time_min"":null,""turn"":""RIGHT""}}"
A1,Q4_angle,KAFW_R16R,leg_1.Q4_course_or_radial,False,status_unknown,degree_display_rounding,"{""status"":""unknown"",""value"":null}","{""status"":""present"",""value"":{""course_deg"":166.2,""type"":""course_deg""}}"
A1,Q4_direct,KAFW_R16R,leg_2.Q4_course_or_radial,False,status_not_applicable,exact_status_value,"{""status"":""not_applicable"",""value"":null}","{""status"":""present"",""value"":{""type"":""direct""}}"
A1,Q5_hold_other,KAFW_R16R,leg_2.Q5_hold_params,False,target_not_present_but_pred_present,exact_status_value,"{""status"":""present"",""value"":{""inbound_course_deg"":null,""leg_distance_nm"":null,""leg_time_min"":1.0,""turn"":""RIGHT""}}","{""status"":""not_applicable"",""value"":null}"
A1,Q4_not_applicable,KAFW_R16R,leg_3.Q4_course_or_radial,False,missing_leg_or_field,exact_status_value,null,"{""status"":""not_applicable"",""value"":null}"
A1,Q5_hold_inbound_course,KAFW_R16R,leg_3.Q5_hold_params,False,missing_leg_or_field,degree_display_rounding,null,"{""status"":""present"",""value"":{""inbound_course_deg"":122.1,""leg_distance_nm"":9.0,""leg_time_min"":null,""turn"":""RIGHT""}}"
A1,Q4_angle,KAFW_R34R,leg_1.Q4_course_or_radial,False,type_mismatch:direct->course_deg,degree_display_rounding,"{""status"":""present"",""value"":{""type"":""direct""}}","{""status"":""present"",""value"":{""course_deg"":346.2,""type"":""course_deg""}}"
A1,Q4_direct,KAFW_R34R,leg_2.Q4_course_or_radial,False,status_not_applicable,exact_status_value,"{""status"":""not_applicable"",""value"":null}","{""status"":""present"",""value"":{""type"":""direct""}}"
A1,Q5_hold_other,KAFW_R34R,leg_2.Q5_hold_params,False,target_not_present_but_pred_present,exact_status_value,"{""status"":""present"",""value"":{""inbound_course_deg"":null,""leg_distance_nm"":null,""leg_time_min"":1.0,""turn"":""RIGHT""}}","{""status"":""not_applicable"",""value"":null}"
A1,Q4_not_applicable,KAFW_R34R,leg_3.Q4_course_or_radial,False,missing_leg_or_field,exact_status_value,null,"{""status"":""not_applicable"",""value"":null}"
A1,Q4_not_applicable,KAFW_R34R,leg_4.Q4_course_or_radial,False,missing_leg_or_field,exact_status_value,null,"{""status"":""not_applicable"",""value"":null}"
A1,Q5_hold_inbound_course,KAFW_R34R,leg_4.Q5_hold_params,False,missing_leg_or_field,degree_display_rounding,null,"{""status"":""present"",""value"":{""inbound_course_deg"":122.1,""leg_distance_nm"":9.0,""leg_time_min"":null,""turn"":""RIGHT""}}"
A1,Q4_angle,KAGC_R10,leg_1.Q4_course_or_radial,False,status_unknown,degree_display_rounding,"{""status"":""unknown"",""value"":null}","{""status"":""present"",""value"":{""course_deg"":98.8,""type"":""course_deg""}}"
A1,Q4_direct,KAGC_R10,leg_2.Q4_course_or_radial,False,status_not_applicable,exact_status_value,"{""status"":""not_applicable"",""value"":null}","{""status"":""present"",""value"":{""type"":""direct""}}"
A1,Q5_hold_other,KAGC_R10,leg_2.Q5_hold_params,False,target_not_present_but_pred_present,exact_status_value,"{""status"":""present"",""value"":{""inbound_course_deg"":null,""leg_distance_nm"":null,""leg_time_min"":1.0,""turn"":""RIGHT""}}","{""status"":""not_applicable"",""value"":null}"
A1,Q4_not_applicable,KAGC_R10,leg_3.Q4_course_or_radial,False,missing_leg_or_field,exact_status_value,null,"{""status"":""not_applicable"",""value"":null}"
A1,Q4_not_applicable,KAGC_R10,leg_4.Q4_course_or_radial,False,missing_leg_or_field,exact_status_value,null,"{""status"":""not_applicable"",""value"":null}"
A1,Q5_hold_inbound_course,KAGC_R10,leg_4.Q5_hold_params,False,missing_leg_or_field,exact_status_value,null,"{""status"":""present"",""value"":{""inbound_course_deg"":318.0,""leg_distance_nm"":4.0,""leg_time_min"":null,""turn"":""RIGHT""}}"
A1,Q4_angle,KAGC_R28,leg_1.Q4_course_or_radial,False,type_mismatch:direct->course_deg,degree_display_rounding,"{""status"":""present"",""value"":{""type"":""direct""}}","{""status"":""present"",""value"":{""course_deg"":279.0,""type"":""course_deg""}}"
A1,Q4_direct,KAGC_R28,leg_2.Q4_course_or_radial,False,status_not_applicable,exact_status_value,"{""status"":""not_applicable"",""value"":null}","{""status"":""present"",""value"":{""type"":""direct""}}"
A1,Q5_hold_other,KAGC_R28,leg_2.Q5_hold_params,False,target_not_present_but_pred_present,exact_status_value,"{""status"":""present"",""value"":{""inbound_course_deg"":null,""leg_distance_nm"":null,""leg_time_min"":1.0,""turn"":""RIGHT""}}","{""status"":""not_applicable"",""value"":null}"
A1,Q4_not_applicable,KAGC_R28,leg_3.Q4_course_or_radial,False,missing_leg_or_field,exact_status_value,null,"{""status"":""not_applicable"",""value"":null}"
A1,Q4_not_applicable,KAGC_R28,leg_4.Q4_course_or_radial,False,missing_leg_or_field,exact_status_value,null,"{""status"":""not_applicable"",""value"":null}"
A1,Q5_hold_inbound_course,KAGC_R28,leg_4.Q5_hold_params,False,missing_leg_or_field,exact_status_value,null,"{""status"":""present"",""value"":{""inbound_course_deg"":56.0,""leg_distance_nm"":4.0,""leg_time_min"":null,""turn"":""RIGHT""}}"
A1,Q4_angle,KAGO_R18,leg_1.Q4_course_or_radial,False,status_unknown,degree_display_rounding,"{""status"":""unknown"",""value"":null}","{""status"":""present"",""value"":{""course_deg"":180.8,""type"":""course_deg""}}"
A1,Q4_direct,KAGO_R18,leg_2.Q4_course_or_radial,False,status_not_applicable,exact_status_value,"{""status"":""not_applicable"",""value"":null}","{""status"":""present"",""value"":{""type"":""direct""}}"
A1,Q5_hold_other,KAGO_R18,leg_2.Q5_hold_params,False,target_not_present_but_pred_present,exact_status_value,"{""status"":""present"",""value"":{""inbound_course_deg"":null,""leg_distance_nm"":null,""leg_time_min"":1.0,""turn"":""RIGHT""}}","{""status"":""not_applicable"",""value"":null}"
A1,Q4_not_applicable,KAGO_R18,leg_3.Q4_course_or_radial,False,missing_leg_or_field,exact_status_value,null,"{""status"":""not_applicable"",""value"":null}"
A1,Q5_hold_inbound_course,KAGO_R18,leg_3.Q5_hold_params,False,missing_leg_or_field,degree_display_rounding,null,"{""status"":""present"",""value"":{""inbound_course_deg"":0.8,""leg_distance_nm"":4.0,""leg_time_min"":null,""turn"":""RIGHT""}}"
A1,Q4_angle,KAGO_R36,leg_1.Q4_course_or_radial,False,status_not_applicable,degree_display_rounding,"{""status"":""not_applicable"",""value"":null}","{""status"":""present"",""value"":{""course_deg"":0.8,""type"":""course_deg""}}"
A1,Q5_hold_other,KAGO_R36,leg_1.Q5_hold_params,False,target_not_present_but_pred_present,exact_status_value,"{""status"":""present"",""value"":{""inbound_course_deg"":null,""leg_distance_nm"":null,""leg_time_min"":1.0,""turn"":""RIGHT""}}","{""status"":""not_applicable"",""value"":null}"
A1,Q4_direct,KAGO_R36,leg_2.Q4_course_or_radial,False,missing_leg_or_field,exact_status_value,null,"{""status"":""present"",""value"":{""type"":""direct""}}"
A1,Q4_not_applicable,KAGO_R36,leg_3.Q4_course_or_radial,False,missing_leg_or_field,exact_status_value,null,"{""status"":""not_applicable"",""value"":null}"
A1,Q5_hold_inbound_course,KAGO_R36,leg_3.Q5_hold_params,False,missing_leg_or_field,degree_display_rounding,null,"{""status"":""present"",""value"":{""inbound_course_deg"":180.8,""leg_distance_nm"":4.0,""leg_time_min"":null,""turn"":""RIGHT""}}"
A1,Q4_angle,KAGZ_R09,leg_1.Q4_course_or_radial,False,status_not_applicable,degree_display_rounding,"{""status"":""not_applicable"",""value"":null}","{""status"":""present"",""value"":{""course_deg"":89.7,""type"":""course_deg""}}"
A1,Q5_hold_other,KAGZ_R09,leg_1.Q5_hold_params,False,target_not_present_but_pred_present,exact_status_value,"{""status"":""present"",""value"":{""inbound_course_deg"":null,""leg_distance_nm"":null,""leg_time_min"":1.0,""turn"":""RIGHT""}}","{""status"":""not_applicable"",""value"":null}"
A1,Q4_direct,KAGZ_R09,leg_2.Q4_course_or_radial,False,status_not_applicable,exact_status_value,"{""status"":""not_applicable"",""value"":null}","{""status"":""present"",""value"":{""type"":""direct""}}"
A1,Q5_hold_other,KAGZ_R09,leg_2.Q5_hold_params,False,target_not_present_but_pred_present,exact_status_value,"{""status"":""present"",""value"":{""inbound_course_deg"":null,""leg_distance_nm"":8.0,""leg_time_min"":null,""turn"":""RIGHT""}}","{""status"":""not_applicable"",""value"":null}"
A1,Q4_not_applicable,KAGZ_R09,leg_3.Q4_course_or_radial,False,missing_leg_or_field,exact_status_value,null,"{""status"":""not_applicable"",""value"":null}"
A1,Q5_hold_inbound_course,KAGZ_R09,leg_3.Q5_hold_params,False,missing_leg_or_field,degree_display_rounding,null,"{""status"":""present"",""value"":{""inbound_course_deg"":269.9,""leg_distance_nm"":4.0,""leg_time_min"":null,""turn"":""RIGHT""}}"
A1,Q4_angle,KAGZ_R27,leg_1.Q4_course_or_radial,False,status_not_applicable,degree_display_rounding,"{""status"":""not_applicable"",""value"":null}","{""status"":""present"",""value"":{""course_deg"":269.8,""type"":""course_deg""}}"
A1,Q5_hold_other,KAGZ_R27,leg_1.Q5_hold_params,False,target_not_present_but_pred_present,exact_status_value,"{""status"":""present"",""value"":{""inbound_course_deg"":null,""leg_distance_nm"":null,""leg_time_min"":1.0,""turn"":""RIGHT""}}","{""status"":""not_applicable"",""value"":null}"
A1,Q4_direct,KAGZ_R27,leg_2.Q4_course_or_radial,False,status_not_applicable,exact_status_value,"{""status"":""not_applicable"",""value"":null}","{""status"":""present"",""value"":{""type"":""direct""}}"
A1,Q5_hold_other,KAGZ_R27,leg_2.Q5_hold_params,False,target_not_present_but_pred_present,exact_status_value,"{""status"":""present"",""value"":{""inbound_course_deg"":null,""leg_distance_nm"":4.0,""leg_time_min"":null,""turn"":""RIGHT""}}","{""status"":""not_applicable"",""value"":null}"
A1,Q4_not_applicable,KAGZ_R27,leg_3.Q4_course_or_radial,False,missing_leg_or_field,exact_status_value,null,"{""status"":""not_applicable"",""value"":null}"
A1,Q5_hold_inbound_course,KAGZ_R27,leg_3.Q5_hold_params,False,missing_leg_or_field,degree_display_rounding,null,"{""status"":""present"",""value"":{""inbound_course_deg"":89.6,""leg_distance_nm"":4.0,""leg_time_min"":null,""turn"":""RIGHT""}}"
A1,Q4_angle,KAHN_R02,leg_1.Q4_course_or_radial,False,type_mismatch:direct->course_deg,degree_display_rounding,"{""status"":""present"",""value"":{""type"":""direct""}}","{""status"":""present"",""value"":{""course_deg"":26.8,""type"":""course_deg""}}"
A1,Q4_direct,KAHN_R02,leg_2.Q4_course_or_radial,False,status_not_applicable,exact_status_value,"{""status"":""not_applicable"",""value"":null}","{""status"":""present"",""value"":{""type"":""direct""}}"
A1,Q5_hold_other,KAHN_R02,leg_2.Q5_hold_params,False,target_not_present_but_pred_present,exact_status_value,"{""status"":""present"",""value"":{""inbound_course_deg"":null,""leg_distance_nm"":null,""leg_time_min"":1.0,""turn"":""RIGHT""}}","{""status"":""not_applicable"",""value"":null}"
A1,Q4_not_applicable,KAHN_R02,leg_3.Q4_course_or_radial,False,missing_leg_or_field,exact_status_value,null,"{""status"":""not_applicable"",""value"":null}"
A1,Q5_hold_inbound_course,KAHN_R02,leg_3.Q5_hold_params,False,missing_leg_or_field,degree_display_rounding,null,"{""status"":""present"",""value"":{""inbound_course_deg"":206.8,""leg_distance_nm"":4.0,""leg_time_min"":null,""turn"":""RIGHT""}}"
A1,Q4_angle,KAHN_R09,leg_1.Q4_course_or_radial,False,type_mismatch:direct->course_deg,degree_display_rounding,"{""status"":""present"",""value"":{""type"":""direct""}}","{""status"":""present"",""value"":{""course_deg"":94.3,""type"":""course_deg""}}"
A1,Q4_direct,KAHN_R09,leg_2.Q4_course_or_radial,False,status_not_applicable,exact_status_value,"{""status"":""not_applicable"",""value"":null}","{""status"":""present"",""value"":{""type"":""direct""}}"
A1,Q5_hold_other,KAHN_R09,leg_2.Q5_hold_params,False,target_not_present_but_pred_present,exact_status_value,"{""status"":""present"",""value"":{""inbound_course_deg"":null,""leg_distance_nm"":null,""leg_time_min"":1.0,""turn"":""RIGHT""}}","{""status"":""not_applicable"",""value"":null}"
A1,Q4_not_applicable,KAHN_R09,leg_3.Q4_course_or_radial,True,correct,exact_status_value,"{""status"":""not_applicable"",""value"":null}","{""status"":""not_applicable"",""value"":null}"
A1,Q5_hold_inbound_course,KAHN_R09,leg_3.Q5_hold_params,False,missing_inbound_course_deg,degree_display_rounding,"{""status"":""present"",""value"":{""inbound_course_deg"":null,""leg_distance_nm"":null,""leg_time_min"":1.0,""turn"":""RIGHT""}}","{""status"":""present"",""value"":{""inbound_course_deg"":274.5,""leg_distance_nm"":4.0,""leg_time_min"":null,""turn"":""RIGHT""}}"
A1,Q4_angle,KAHN_R20,leg_1.Q4_course_or_radial,False,status_unknown,degree_display_rounding,"{""status"":""unknown"",""value"":null}","{""status"":""present"",""value"":{""course_deg"":206.8,""type"":""course_deg""}}"
A1,Q4_direct,KAHN_R20,leg_2.Q4_course_or_radial,False,status_not_applicable,exact_status_value,"{""status"":""not_applicable"",""value"":null}","{""status"":""present"",""value"":{""type"":""direct""}}"
A1,Q5_hold_other,KAHN_R20,leg_2.Q5_hold_params,False,target_not_present_but_pred_present,exact_status_value,"{""status"":""present"",""value"":{""inbound_course_deg"":null,""leg_distance_nm"":null,""leg_time_min"":1.0,""turn"":""RIGHT""}}","{""status"":""not_applicable"",""value"":null}"
A1,Q4_not_applicable,KAHN_R20,leg_3.Q4_course_or_radial,False,missing_leg_or_field,exact_status_value,null,"{""status"":""not_applicable"",""value"":null}"
A1,Q5_hold_inbound_course,KAHN_R20,leg_3.Q5_hold_params,False,missing_leg_or_field,degree_display_rounding,null,"{""status"":""present"",""value"":{""inbound_course_deg"":206.8,""leg_distance_nm"":4.0,""leg_time_min"":null,""turn"":""RIGHT""}}"
A1,Q4_angle,KAIA_R08,leg_1.Q4_course_or_radial,False,status_not_applicable,degree_display_rounding,"{""status"":""not_applicable"",""value"":null}","{""status"":""present"",""value"":{""course_deg"":82.2,""type"":""course_deg""}}"
A1,Q5_hold_other,KAIA_R08,leg_1.Q5_hold_params,False,target_not_present_but_pred_present,exact_status_value,"{""status"":""present"",""value"":{""inbound_course_deg"":null,""leg_distance_nm"":null,""leg_time_min"":1.0,""turn"":""RIGHT""}}","{""status"":""not_applicable"",""value"":null}"
A1,Q4_direct,KAIA_R08,leg_2.Q4_course_or_radial,False,status_not_applicable,exact_status_value,"{""status"":""not_applicable"",""value"":null}","{""status"":""present"",""value"":{""type"":""direct""}}"
A1,Q5_hold_other,KAIA_R08,leg_2.Q5_hold_params,False,target_not_present_but_pred_present,exact_status_value,"{""status"":""present"",""value"":{""inbound_course_deg"":null,""leg_distance_nm"":null,""leg_time_min"":1.0,""turn"":""RIGHT""}}","{""status"":""not_applicable"",""value"":null}"
A1,Q4_not_applicable,KAIA_R08,leg_3.Q4_course_or_radial,False,missing_leg_or_field,exact_status_value,null,"{""status"":""not_applicable"",""value"":null}"
A1,Q5_hold_inbound_course,KAIA_R08,leg_3.Q5_hold_params,False,missing_leg_or_field,degree_display_rounding,null,"{""status"":""present"",""value"":{""inbound_course_deg"":262.5,""leg_distance_nm"":5.0,""leg_time_min"":null,""turn"":""RIGHT""}}"
A1,Q4_angle,KAIA_R12,leg_1.Q4_course_or_radial,False,status_not_applicable,degree_display_rounding,"{""status"":""not_applicable"",""value"":null}","{""status"":""present"",""value"":{""course_deg"":127.2,""type"":""course_deg""}}"
A1,Q5_hold_other,KAIA_R12,leg_1.Q5_hold_params,False,target_not_present_but_pred_present,exact_status_value,"{""status"":""present"",""value"":{""inbound_course_deg"":null,""leg_distance_nm"":null,""leg_time_min"":1.0,""turn"":""RIGHT""}}","{""status"":""not_applicable"",""value"":null}"
A1,Q4_direct,KAIA_R12,leg_2.Q4_course_or_radial,False,status_not_applicable,exact_status_value,"{""status"":""not_applicable"",""value"":null}","{""status"":""present"",""value"":{""type"":""direct""}}"
A1,Q5_hold_other,KAIA_R12,leg_2.Q5_hold_params,False,target_not_present_but_pred_present,exact_status_value,"{""status"":""present"",""value"":{""inbound_course_deg"":null,""leg_distance_nm"":5.0,""leg_time_min"":null,""turn"":""RIGHT""}}","{""status"":""not_applicable"",""value"":null}"
A1,Q4_not_applicable,KAIA_R12,leg_3.Q4_course_or_radial,False,missing_leg_or_field,exact_status_value,null,"{""status"":""not_applicable"",""value"":null}"
A1,Q5_hold_inbound_course,KAIA_R12,leg_3.Q5_hold_params,False,missing_leg_or_field,degree_display_rounding,null,"{""status"":""present"",""value"":{""inbound_course_deg"":307.4,""leg_distance_nm"":7.0,""leg_time_min"":null,""turn"":""RIGHT""}}"
A1,Q4_angle,KAIA_R26,leg_1.Q4_course_or_radial,False,status_not_applicable,degree_display_rounding,"{""status"":""not_applicable"",""value"":null}","{""status"":""present"",""value"":{""course_deg"":262.4,""type"":""course_deg""}}"
A1,Q5_hold_other,KAIA_R26,leg_1.Q5_hold_params,False,target_not_present_but_pred_present,exact_status_value,"{""status"":""present"",""value"":{""inbound_course_deg"":null,""leg_distance_nm"":null,""leg_time_min"":1.0,""turn"":""RIGHT""}}","{""status"":""not_applicable"",""value"":null}"
A1,Q4_direct,KAIA_R26,leg_2.Q4_course_or_radial,False,status_not_applicable,exact_status_value,"{""status"":""not_applicable"",""value"":null}","{""status"":""present"",""value"":{""type"":""direct""}}"
A1,Q5_hold_other,KAIA_R26,leg_2.Q5_hold_params,False,target_not_present_but_pred_present,exact_status_value,"{""status"":""present"",""value"":{""inbound_course_deg"":null,""leg_distance_nm"":5.0,""leg_time_min"":null,""turn"":""RIGHT""}}","{""status"":""not_applicable"",""value"":null}"
A1,Q4_not_applicable,KAIA_R26,leg_3.Q4_course_or_radial,False,missing_leg_or_field,exact_status_value,null,"{""status"":""not_applicable"",""value"":null}"
A1,Q5_hold_inbound_course,KAIA_R26,leg_3.Q5_hold_params,False,missing_leg_or_field,degree_display_rounding,null,"{""status"":""present"",""value"":{""inbound_course_deg"":82.1,""leg_distance_nm"":5.0,""leg_time_min"":null,""turn"":""RIGHT""}}"
A1,Q4_angle,KAIG_R09,leg_1.Q4_course_or_radial,False,type_mismatch:direct->course_deg,degree_display_rounding,"{""status"":""present"",""value"":{""type"":""direct""}}","{""status"":""present"",""value"":{""course_deg"":85.0,""type"":""course_deg""}}"
A1,Q4_direct,KAIG_R09,leg_2.Q4_course_or_radial,False,status_not_applicable,exact_status_value,"{""status"":""not_applicable"",""value"":null}","{""status"":""present"",""value"":{""type"":""direct""}}"
A1,Q5_hold_other,KAIG_R09,leg_2.Q5_hold_params,False,target_not_present_but_pred_present,exact_status_value,"{""status"":""present"",""value"":{""inbound_course_deg"":null,""leg_distance_nm"":null,""leg_time_min"":1.0,""turn"":""RIGHT""}}","{""status"":""not_applicable"",""value"":null}"
A1,Q4_not_applicable,KAIG_R09,leg_3.Q4_course_or_radial,True,correct,exact_status_value,"{""status"":""not_applicable"",""value"":null}","{""status"":""not_applicable"",""value"":null}"
A1,Q5_hold_inbound_course,KAIG_R09,leg_3.Q5_hold_params,False,missing_inbound_course_deg,degree_display_rounding,"{""status"":""present"",""value"":{""inbound_course_deg"":null,""leg_distance_nm"":4.0,""leg_time_min"":null,""turn"":""RIGHT""}}","{""status"":""present"",""value"":{""inbound_course_deg"":265.3,""leg_distance_nm"":4.0,""leg_time_min"":null,""turn"":""RIGHT""}}"
A1,Q4_angle,KAIG_R17,leg_1.Q4_course_or_radial,False,type_mismatch:direct->course_deg,degree_display_rounding,"{""status"":""present"",""value"":{""type"":""direct""}}","{""status"":""present"",""value"":{""course_deg"":166.1,""type"":""course_deg""}}"
A1,Q4_direct,KAIG_R17,leg_2.Q4_course_or_radial,False,status_not_applicable,exact_status_value,"{""status"":""not_applicable"",""value"":null}","{""status"":""present"",""value"":{""type"":""direct""}}"
A1,Q5_hold_other,KAIG_R17,leg_2.Q5_hold_params,False,target_not_present_but_pred_present,exact_status_value,"{""status"":""present"",""value"":{""inbound_course_deg"":null,""leg_distance_nm"":null,""leg_time_min"":1.0,""turn"":""RIGHT""}}","{""status"":""not_applicable"",""value"":null}"
A1,Q4_not_applicable,KAIG_R17,leg_3.Q4_course_or_radial,False,missing_leg_or_field,exact_status_value,null,"{""status"":""not_applicable"",""value"":null}"
A1,Q5_hold_inbound_course,KAIG_R17,leg_3.Q5_hold_params,False,missing_leg_or_field,degree_display_rounding,null,"{""status"":""present"",""value"":{""inbound_course_deg"":346.2,""leg_distance_nm"":4.0,""leg_time_min"":null,""turn"":""RIGHT""}}"
A1,Q4_angle,KAIG_R27,leg_1.Q4_course_or_radial,False,status_unknown,degree_display_rounding,"{""status"":""unknown"",""value"":null}","{""status"":""present"",""value"":{""course_deg"":265.2,""type"":""course_deg""}}"
A1,Q4_direct,KAIG_R27,leg_2.Q4_course_or_radial,False,status_not_applicable,exact_status_value,"{""status"":""not_applicable"",""value"":null}","{""status"":""present"",""value"":{""type"":""direct""}}"
A1,Q5_hold_other,KAIG_R27,leg_2.Q5_hold_params,False,target_not_present_but_pred_present,exact_status_value,"{""status"":""present"",""value"":{""inbound_course_deg"":null,""leg_distance_nm"":null,""leg_time_min"":1.0,""turn"":""RIGHT""}}","{""status"":""not_applicable"",""value"":null}"
A1,Q4_not_applicable,KAIG_R27,leg_3.Q4_course_or_radial,True,correct,exact_status_value,"{""status"":""not_applicable"",""value"":null}","{""status"":""not_applicable"",""value"":null}"
A1,Q5_hold_inbound_course,KAIG_R27,leg_3.Q5_hold_params,False,missing_inbound_course_deg,degree_display_rounding,"{""status"":""present"",""value"":{""inbound_course_deg"":null,""leg_distance_nm"":4.0,""leg_time_min"":null,""turn"":""RIGHT""}}","{""status"":""present"",""value"":{""inbound_course_deg"":84.9,""leg_distance_nm"":4.0,""leg_time_min"":null,""turn"":""RIGHT""}}"
A1,Q4_angle,KAIK_R07,leg_1.Q4_course_or_radial,False,status_unknown,degree_display_rounding,"{""status"":""unknown"",""value"":null}","{""status"":""present"",""value"":{""course_deg"":66.3,""type"":""course_deg""}}"
A1,Q4_direct,KAIK_R07,leg_2.Q4_course_or_radial,False,status_not_applicable,exact_status_value,"{""status"":""not_applicable"",""value"":null}","{""status"":""present"",""value"":{""type"":""direct""}}"
A1,Q5_hold_other,KAIK_R07,leg_2.Q5_hold_params,False,target_not_present_but_pred_present,exact_status_value,"{""status"":""present"",""value"":{""inbound_course_deg"":null,""leg_distance_nm"":null,""leg_time_min"":1.0,""turn"":""RIGHT""}}","{""status"":""not_applicable"",""value"":null}"
A1,Q4_not_applicable,KAIK_R07,leg_3.Q4_course_or_radial,False,missing_leg_or_field,exact_status_value,null,"{""status"":""not_applicable"",""value"":null}"
A1,Q5_hold_inbound_course,KAIK_R07,leg_3.Q5_hold_params,False,missing_leg_or_field,degree_display_rounding,null,"{""status"":""present"",""value"":{""inbound_course_deg"":246.5,""leg_distance_nm"":4.0,""leg_time_min"":null,""turn"":""RIGHT""}}"
A1,Q4_angle,KAIK_R25,leg_1.Q4_course_or_radial,False,type_mismatch:direct->course_deg,degree_display_rounding,"{""status"":""present"",""value"":{""type"":""direct""}}","{""status"":""present"",""value"":{""course_deg"":246.4,""type"":""course_deg""}}"
A1,Q4_direct,KAIK_R25,leg_2.Q4_course_or_radial,False,status_not_applicable,exact_status_value,"{""status"":""not_applicable"",""value"":null}","{""status"":""present"",""value"":{""type"":""direct""}}"
A1,Q5_hold_other,KAIK_R25,leg_2.Q5_hold_params,False,target_not_present_but_pred_present,exact_status_value,"{""status"":""present"",""value"":{""inbound_course_deg"":null,""leg_distance_nm"":null,""leg_time_min"":1.0,""turn"":""RIGHT""}}","{""status"":""not_applicable"",""value"":null}"
A1,Q4_not_applicable,KAIK_R25,leg_3.Q4_course_or_radial,False,missing_leg_or_field,exact_status_value,null,"{""status"":""not_applicable"",""value"":null}"
A1,Q5_hold_inbound_course,KAIK_R25,leg_3.Q5_hold_params,False,missing_leg_or_field,degree_display_rounding,null,"{""status"":""present"",""value"":{""inbound_course_deg"":66.2,""leg_distance_nm"":4.0,""leg_time_min"":null,""turn"":""RIGHT""}}"
A1,Q4_angle,KAIO_R02,leg_1.Q4_course_or_radial,False,type_mismatch:direct->course_deg,degree_display_rounding,"{""status"":""present"",""value"":{""type"":""direct""}}","{""status"":""present"",""value"":{""course_deg"":17.8,""type"":""course_deg""}}"
A1,Q4_direct,KAIO_R02,leg_2.Q4_course_or_radial,False,status_not_applicable,exact_status_value,"{""status"":""not_applicable"",""value"":null}","{""status"":""present"",""value"":{""type"":""direct""}}"
A1,Q5_hold_other,KAIO_R02,leg_2.Q5_hold_params,False,target_not_present_but_pred_present,exact_status_value,"{""status"":""present"",""value"":{""inbound_course_deg"":null,""leg_distance_nm"":null,""leg_time_min"":1.0,""turn"":""RIGHT""}}","{""status"":""not_applicable"",""value"":null}"
A1,Q4_not_applicable,KAIO_R02,leg_3.Q4_course_or_radial,False,missing_leg_or_field,exact_status_value,null,"{""status"":""not_applicable"",""value"":null}"
A1,Q5_hold_inbound_course,KAIO_R02,leg_3.Q5_hold_params,False,missing_leg_or_field,degree_display_rounding,null,"{""status"":""present"",""value"":{""inbound_course_deg"":197.9,""leg_distance_nm"":4.0,""leg_time_min"":null,""turn"":""RIGHT""}}"
A1,Q4_angle,KAIO_R20,leg_1.Q4_course_or_radial,False,type_mismatch:direct->course_deg,degree_display_rounding,"{""status"":""present"",""value"":{""type"":""direct""}}","{""status"":""present"",""value"":{""course_deg"":197.8,""type"":""course_deg""}}"
A1,Q4_direct,KAIO_R20,leg_2.Q4_course_or_radial,False,status_not_applicable,exact_status_value,"{""status"":""not_applicable"",""value"":null}","{""status"":""present"",""value"":{""type"":""direct""}}"
A1,Q5_hold_other,KAIO_R20,leg_2.Q5_hold_params,False,target_not_present_but_pred_present,exact_status_value,"{""status"":""present"",""value"":{""inbound_course_deg"":null,""leg_distance_nm"":null,""leg_time_min"":1.0,""turn"":""RIGHT""}}","{""status"":""not_applicable"",""value"":null}"
A1,Q4_not_applicable,KAIO_R20,leg_3.Q4_course_or_radial,True,correct,exact_status_value,"{""status"":""not_applicable"",""value"":null}","{""status"":""not_applicable"",""value"":null}"
A1,Q5_hold_inbound_course,KAIO_R20,leg_3.Q5_hold_params,False,missing_inbound_course_deg,degree_display_rounding,"{""status"":""present"",""value"":{""inbound_course_deg"":null,""leg_distance_nm"":4.0,""leg_time_min"":null,""turn"":""RIGHT""}}","{""status"":""present"",""value"":{""inbound_course_deg"":17.7,""leg_distance_nm"":4.0,""leg_time_min"":null,""turn"":""RIGHT""}}"
A1,Q4_angle,KAIT_R16,leg_1.Q4_course_or_radial,False,type_mismatch:direct->course_deg,degree_display_rounding,"{""status"":""present"",""value"":{""type"":""direct""}}","{""status"":""present"",""value"":{""course_deg"":164.4,""type"":""course_deg""}}"
A1,Q4_direct,KAIT_R16,leg_2.Q4_course_or_radial,False,status_not_applicable,exact_status_value,"{""status"":""not_applicable"",""value"":null}","{""status"":""present"",""value"":{""type"":""direct""}}"
A1,Q5_hold_other,KAIT_R16,leg_2.Q5_hold_params,False,target_not_present_but_pred_present,exact_status_value,"{""status"":""present"",""value"":{""inbound_course_deg"":null,""leg_distance_nm"":null,""leg_time_min"":1.0,""turn"":""RIGHT""}}","{""status"":""not_applicable"",""value"":null}"
A1,Q4_not_applicable,KAIT_R16,leg_3.Q4_course_or_radial,False,missing_leg_or_field,exact_status_value,null,"{""status"":""not_applicable"",""value"":null}"
A1,Q5_hold_inbound_course,KAIT_R16,leg_3.Q5_hold_params,False,missing_leg_or_field,degree_display_rounding,null,"{""status"":""present"",""value"":{""inbound_course_deg"":344.5,""leg_distance_nm"":4.0,""leg_time_min"":null,""turn"":""RIGHT""}}"
A1,Q4_angle,KAIT_R34,leg_1.Q4_course_or_radial,False,type_mismatch:direct->course_deg,degree_display_rounding,"{""status"":""present"",""value"":{""type"":""direct""}}","{""status"":""present"",""value"":{""course_deg"":344.5,""type"":""course_deg""}}"
A1,Q4_direct,KAIT_R34,leg_2.Q4_course_or_radial,False,status_not_applicable,exact_status_value,"{""status"":""not_applicable"",""value"":null}","{""status"":""present"",""value"":{""type"":""direct""}}"
A1,Q5_hold_other,KAIT_R34,leg_2.Q5_hold_params,False,target_not_present_but_pred_present,exact_status_value,"{""status"":""present"",""value"":{""inbound_course_deg"":null,""leg_distance_nm"":null,""leg_time_min"":1.0,""turn"":""RIGHT""}}","{""status"":""not_applicable"",""value"":null}"
A1,Q4_not_applicable,KAIT_R34,leg_3.Q4_course_or_radial,True,correct,exact_status_value,"{""status"":""not_applicable"",""value"":null}","{""status"":""not_applicable"",""value"":null}"
A1,Q5_hold_inbound_course,KAIT_R34,leg_3.Q5_hold_params,False,missing_inbound_course_deg,degree_display_rounding,"{""status"":""present"",""value"":{""inbound_course_deg"":null,""leg_distance_nm"":8.0,""leg_time_min"":null,""turn"":""RIGHT""}}","{""status"":""present"",""value"":{""inbound_course_deg"":164.4,""leg_distance_nm"":4.0,""leg_time_min"":null,""turn"":""LEFT""}}"
A1,Q4_angle,KAIV_R06,leg_1.Q4_course_or_radial,False,type_mismatch:direct->course_deg,degree_display_rounding,"{""status"":""present"",""value"":{""type"":""direct""}}","{""status"":""present"",""value"":{""course_deg"":63.6,""type"":""course_deg""}}"
A1,Q4_direct,KAIV_R06,leg_2.Q4_course_or_radial,False,status_not_applicable,exact_status_value,"{""status"":""not_applicable"",""value"":null}","{""status"":""present"",""value"":{""type"":""direct""}}"
A1,Q5_hold_other,KAIV_R06,leg_2.Q5_hold_params,False,target_not_present_but_pred_present,exact_status_value,"{""status"":""present"",""value"":{""inbound_course_deg"":null,""leg_distance_nm"":null,""leg_time_min"":1.0,""turn"":""RIGHT""}}","{""status"":""not_applicable"",""value"":null}"
A1,Q4_not_applicable,KAIV_R06,leg_3.Q4_course_or_radial,True,correct,exact_status_value,"{""status"":""not_applicable"",""value"":null}","{""status"":""not_applicable"",""value"":null}"
A1,Q5_hold_inbound_course,KAIV_R06,leg_3.Q5_hold_params,False,missing_inbound_course_deg,degree_display_rounding,"{""status"":""present"",""value"":{""inbound_course_deg"":null,""leg_distance_nm"":4.0,""leg_time_min"":null,""turn"":""RIGHT""}}","{""status"":""present"",""value"":{""inbound_course_deg"":243.8,""leg_distance_nm"":4.0,""leg_time_min"":null,""turn"":""RIGHT""}}"
A1,Q4_angle,KAIV_R24,leg_1.Q4_course_or_radial,False,status_not_applicable,degree_display_rounding,"{""status"":""not_applicable"",""value"":null}","{""status"":""present"",""value"":{""course_deg"":243.7,""type"":""course_deg""}}"
A1,Q5_hold_other,KAIV_R24,leg_1.Q5_hold_params,False,target_not_present_but_pred_present,exact_status_value,"{""status"":""present"",""value"":{""inbound_course_deg"":null,""leg_distance_nm"":null,""leg_time_min"":1.0,""turn"":""RIGHT""}}","{""status"":""not_applicable"",""value"":null}"
A1,Q4_direct,KAIV_R24,leg_2.Q4_course_or_radial,False,status_not_applicable,exact_status_value,"{""status"":""not_applicable"",""value"":null}","{""status"":""present"",""value"":{""type"":""direct""}}"
A1,Q5_hold_other,KAIV_R24,leg_2.Q5_hold_params,False,target_not_present_but_pred_present,exact_status_value,"{""status"":""present"",""value"":{""inbound_course_deg"":null,""leg_distance_nm"":4.0,""leg_time_min"":null,""turn"":""RIGHT""}}","{""status"":""not_applicable"",""value"":null}"
A1,Q4_not_applicable,KAIV_R24,leg_3.Q4_course_or_radial,False,missing_leg_or_field,exact_status_value,null,"{""status"":""not_applicable"",""value"":null}"
A1,Q5_hold_inbound_course,KAIV_R24,leg_3.Q5_hold_params,False,missing_leg_or_field,degree_display_rounding,null,"{""status"":""present"",""value"":{""inbound_course_deg"":63.5,""leg_distance_nm"":4.0,""leg_time_min"":null,""turn"":""RIGHT""}}"
A1,Q4_angle,KAIZ_R04,leg_1.Q4_course_or_radial,False,status_unknown,degree_display_rounding,"{""status"":""unknown"",""value"":null}","{""status"":""present"",""value"":{""course_deg"":37.0,""type"":""course_deg""}}"
A1,Q4_direct,KAIZ_R04,leg_2.Q4_course_or_radial,False,status_not_applicable,exact_status_value,"{""status"":""not_applicable"",""value"":null}","{""status"":""present"",""value"":{""type"":""direct""}}"
A1,Q5_hold_other,KAIZ_R04,leg_2.Q5_hold_params,False,target_not_present_but_pred_present,exact_status_value,"{""status"":""present"",""value"":{""inbound_course_deg"":null,""leg_distance_nm"":null,""leg_time_min"":1.0,""turn"":""RIGHT""}}","{""status"":""not_applicable"",""value"":null}"
A1,Q4_not_applicable,KAIZ_R04,leg_3.Q4_course_or_radial,True,correct,exact_status_value,"{""status"":""not_applicable"",""value"":null}","{""status"":""not_applicable"",""value"":null}"
A1,Q5_hold_inbound_course,KAIZ_R04,leg_3.Q5_hold_params,False,missing_inbound_course_deg,degree_display_rounding,"{""status"":""present"",""value"":{""inbound_course_deg"":null,""leg_distance_nm"":4.0,""leg_time_min"":null,""turn"":""RIGHT""}}","{""status"":""present"",""value"":{""inbound_course_deg"":217.2,""leg_distance_nm"":4.0,""leg_time_min"":null,""turn"":""RIGHT""}}"
A1,Q4_angle,KAIZ_R22,leg_1.Q4_course_or_radial,False,status_unknown,degree_display_rounding,"{""status"":""unknown"",""value"":null}","{""status"":""present"",""value"":{""course_deg"":217.1,""type"":""course_deg""}}"
A1,Q4_direct,KAIZ_R22,leg_2.Q4_course_or_radial,False,status_not_applicable,exact_status_value,"{""status"":""not_applicable"",""value"":null}","{""status"":""present"",""value"":{""type"":""direct""}}"
A1,Q5_hold_other,KAIZ_R22,leg_2.Q5_hold_params,False,target_not_present_but_pred_present,exact_status_value,"{""status"":""present"",""value"":{""inbound_course_deg"":null,""leg_distance_nm"":null,""leg_time_min"":1.0,""turn"":""RIGHT""}}","{""status"":""not_applicable"",""value"":null}"
A1,Q4_not_applicable,KAIZ_R22,leg_3.Q4_course_or_radial,False,missing_leg_or_field,exact_status_value,null,"{""status"":""not_applicable"",""value"":null}"
A1,Q5_hold_inbound_course,KAIZ_R22,leg_3.Q5_hold_params,False,missing_leg_or_field,exact_status_value,null,"{""status"":""present"",""value"":{""inbound_course_deg"":37.0,""leg_distance_nm"":4.0,""leg_time_min"":null,""turn"":""RIGHT""}}"
A1,Q4_angle,KAJR_R06,leg_1.Q4_course_or_radial,False,status_unknown,degree_display_rounding,"{""status"":""unknown"",""value"":null}","{""status"":""present"",""value"":{""course_deg"":62.9,""type"":""course_deg""}}"
A1,Q4_direct,KAJR_R06,leg_2.Q4_course_or_radial,False,status_not_applicable,exact_status_value,"{""status"":""not_applicable"",""value"":null}","{""status"":""present"",""value"":{""type"":""direct""}}"
A1,Q5_hold_other,KAJR_R06,leg_2.Q5_hold_params,False,target_not_present_but_pred_present,exact_status_value,"{""status"":""present"",""value"":{""inbound_course_deg"":null,""leg_distance_nm"":null,""leg_time_min"":1.0,""turn"":""RIGHT""}}","{""status"":""not_applicable"",""value"":null}"
A1,Q4_not_applicable,KAJR_R06,leg_3.Q4_course_or_radial,True,correct,exact_status_value,"{""status"":""not_applicable"",""value"":null}","{""status"":""not_applicable"",""value"":null}"
A1,Q5_hold_inbound_course,KAJR_R06,leg_3.Q5_hold_params,False,missing_inbound_course_deg,degree_display_rounding,"{""status"":""present"",""value"":{""inbound_course_deg"":null,""leg_distance_nm"":5.0,""leg_time_min"":null,""turn"":""RIGHT""}}","{""status"":""present"",""value"":{""inbound_course_deg"":62.9,""leg_distance_nm"":5.0,""leg_time_min"":null,""turn"":""RIGHT""}}"
A1,Q4_angle,KAJR_R24,leg_1.Q4_course_or_radial,False,status_not_applicable,degree_display_rounding,"{""status"":""not_applicable"",""value"":null}","{""status"":""present"",""value"":{""course_deg"":245.8,""type"":""course_deg""}}"
A1,Q5_hold_other,KAJR_R24,leg_1.Q5_hold_params,False,target_not_present_but_pred_present,exact_status_value,"{""status"":""present"",""value"":{""inbound_course_deg"":null,""leg_distance_nm"":null,""leg_time_min"":1.0,""turn"":""RIGHT""}}","{""status"":""not_applicable"",""value"":null}"
A1,Q4_direct,KAJR_R24,leg_2.Q4_course_or_radial,False,status_not_applicable,exact_status_value,"{""status"":""not_applicable"",""value"":null}","{""status"":""present"",""value"":{""type"":""direct""}}"
A1,Q5_hold_other,KAJR_R24,leg_2.Q5_hold_params,False,target_not_present_but_pred_present,exact_status_value,"{""status"":""present"",""value"":{""inbound_course_deg"":null,""leg_distance_nm"":null,""leg_time_min"":1.0,""turn"":""RIGHT""}}","{""status"":""not_applicable"",""value"":null}"
A1,Q4_not_applicable,KAJR_R24,leg_3.Q4_course_or_radial,False,status_unknown,exact_status_value,"{""status"":""unknown"",""value"":null}","{""status"":""not_applicable"",""value"":null}"
A1,Q5_hold_inbound_course,KAJR_R24,leg_3.Q5_hold_params,False,status_not_applicable,degree_display_rounding,"{""status"":""not_applicable"",""value"":null}","{""status"":""present"",""value"":{""inbound_course_deg"":62.9,""leg_distance_nm"":5.0,""leg_time_min"":null,""turn"":""RIGHT""}}"
A1,Q4_angle,KAKH_R03,leg_1.Q4_course_or_radial,False,type_mismatch:direct->course_deg,degree_display_rounding,"{""status"":""present"",""value"":{""type"":""direct""}}","{""status"":""present"",""value"":{""course_deg"":34.3,""type"":""course_deg""}}"
A1,Q4_direct,KAKH_R03,leg_2.Q4_course_or_radial,False,status_not_applicable,exact_status_value,"{""status"":""not_applicable"",""value"":null}","{""status"":""present"",""value"":{""type"":""direct""}}"
A1,Q5_hold_other,KAKH_R03,leg_2.Q5_hold_params,False,target_not_present_but_pred_present,exact_status_value,"{""status"":""present"",""value"":{""inbound_course_deg"":null,""leg_distance_nm"":null,""leg_time_min"":1.0,""turn"":""RIGHT""}}","{""status"":""not_applicable"",""value"":null}"
A1,Q4_not_applicable,KAKH_R03,leg_3.Q4_course_or_radial,False,missing_leg_or_field,exact_status_value,null,"{""status"":""not_applicable"",""value"":null}"
A1,Q4_not_applicable,KAKH_R03,leg_4.Q4_course_or_radial,False,missing_leg_or_field,exact_status_value,null,"{""status"":""not_applicable"",""value"":null}"
A1,Q4_not_applicable,KAKH_R03,leg_5.Q4_course_or_radial,False,missing_leg_or_field,exact_status_value,null,"{""status"":""not_applicable"",""value"":null}"
A1,Q5_hold_inbound_course,KAKH_R03,leg_5.Q5_hold_params,False,missing_leg_or_field,degree_display_rounding,null,"{""status"":""present"",""value"":{""inbound_course_deg"":260.7,""leg_distance_nm"":4.0,""leg_time_min"":null,""turn"":""RIGHT""}}"
A1,Q4_angle,KAKH_R21,leg_1.Q4_course_or_radial,False,type_mismatch:direct->course_deg,degree_display_rounding,"{""status"":""present"",""value"":{""type"":""direct""}}","{""status"":""present"",""value"":{""course_deg"":214.4,""type"":""course_deg""}}"
A1,Q4_direct,KAKH_R21,leg_2.Q4_course_or_radial,False,status_not_applicable,exact_status_value,"{""status"":""not_applicable"",""value"":null}","{""status"":""present"",""value"":{""type"":""direct""}}"
A1,Q5_hold_other,KAKH_R21,leg_2.Q5_hold_params,False,target_not_present_but_pred_present,exact_status_value,"{""status"":""present"",""value"":{""inbound_course_deg"":null,""leg_distance_nm"":null,""leg_time_min"":1.0,""turn"":""RIGHT""}}","{""status"":""not_applicable"",""value"":null}"
A1,Q4_not_applicable,KAKH_R21,leg_3.Q4_course_or_radial,False,missing_leg_or_field,exact_status_value,null,"{""status"":""not_applicable"",""value"":null}"
A1,Q4_not_applicable,KAKH_R21,leg_4.Q4_course_or_radial,False,missing_leg_or_field,exact_status_value,null,"{""status"":""not_applicable"",""value"":null}"
A1,Q5_hold_inbound_course,KAKH_R21,leg_4.Q5_hold_params,False,missing_leg_or_field,degree_display_rounding,null,"{""status"":""present"",""value"":{""inbound_course_deg"":260.7,""leg_distance_nm"":4.0,""leg_time_min"":null,""turn"":""RIGHT""}}"
A1,Q4_angle,KAKO_R11,leg_1.Q4_course_or_radial,False,status_unknown,degree_display_rounding,"{""status"":""unknown"",""value"":null}","{""status"":""present"",""value"":{""course_deg"":109.3,""type"":""course_deg""}}"
A1,Q4_direct,KAKO_R11,leg_2.Q4_course_or_radial,False,status_not_applicable,exact_status_value,"{""status"":""not_applicable"",""value"":null}","{""status"":""present"",""value"":{""type"":""direct""}}"
A1,Q5_hold_other,KAKO_R11,leg_2.Q5_hold_params,False,target_not_present_but_pred_present,exact_status_value,"{""status"":""present"",""value"":{""inbound_course_deg"":null,""leg_distance_nm"":null,""leg_time_min"":1.0,""turn"":""RIGHT""}}","{""status"":""not_applicable"",""value"":null}"
A1,Q4_not_applicable,KAKO_R11,leg_3.Q4_course_or_radial,True,correct,exact_status_value,"{""status"":""not_applicable"",""value"":null}","{""status"":""not_applicable"",""value"":null}"
A1,Q5_hold_inbound_course,KAKO_R11,leg_3.Q5_hold_params,False,missing_inbound_course_deg,degree_display_rounding,"{""status"":""present"",""value"":{""inbound_course_deg"":null,""leg_distance_nm"":7.0,""leg_time_min"":null,""turn"":""RIGHT""}}","{""status"":""present"",""value"":{""inbound_course_deg"":289.5,""leg_distance_nm"":7.0,""leg_time_min"":null,""turn"":""RIGHT""}}"
A1,Q4_angle,KAKO_R29,leg_1.Q4_course_or_radial,False,status_not_applicable,degree_display_rounding,"{""status"":""not_applicable"",""value"":null}","{""status"":""present"",""value"":{""course_deg"":289.4,""type"":""course_deg""}}"
A1,Q5_hold_other,KAKO_R29,leg_1.Q5_hold_params,False,target_not_present_but_pred_present,exact_status_value,"{""status"":""present"",""value"":{""inbound_course_deg"":null,""leg_distance_nm"":null,""leg_time_min"":1.0,""turn"":""RIGHT""}}","{""status"":""not_applicable"",""value"":null}"
A1,Q4_direct,KAKO_R29,leg_2.Q4_course_or_radial,False,status_not_applicable,exact_status_value,"{""status"":""not_applicable"",""value"":null}","{""status"":""present"",""value"":{""type"":""direct""}}"
A1,Q5_hold_other,KAKO_R29,leg_2.Q5_hold_params,False,target_not_present_but_pred_present,exact_status_value,"{""status"":""present"",""value"":{""inbound_course_deg"":null,""leg_distance_nm"":7.0,""leg_time_min"":null,""turn"":""RIGHT""}}","{""status"":""not_applicable"",""value"":null}"
A1,Q4_not_applicable,KAKO_R29,leg_3.Q4_course_or_radial,False,missing_leg_or_field,exact_status_value,null,"{""status"":""not_applicable"",""value"":null}"
A1,Q5_hold_inbound_course,KAKO_R29,leg_3.Q5_hold_params,False,missing_leg_or_field,degree_display_rounding,null,"{""status"":""present"",""value"":{""inbound_course_deg"":109.2,""leg_distance_nm"":7.0,""leg_time_min"":null,""turn"":""RIGHT""}}"
A1,Q4_angle,KALB_R10,leg_1.Q4_course_or_radial,False,type_mismatch:direct->course_deg,degree_display_rounding,"{""status"":""present"",""value"":{""type"":""direct""}}","{""status"":""present"",""value"":{""course_deg"":101.1,""type"":""course_deg""}}"
A1,Q4_direct,KALB_R10,leg_2.Q4_course_or_radial,False,status_not_applicable,exact_status_value,"{""status"":""not_applicable"",""value"":null}","{""status"":""present"",""value"":{""type"":""direct""}}"
A1,Q5_hold_other,KALB_R10,leg_2.Q5_hold_params,False,target_not_present_but_pred_present,exact_status_value,"{""status"":""present"",""value"":{""inbound_course_deg"":null,""leg_distance_nm"":null,""leg_time_min"":1.0,""turn"":""RIGHT""}}","{""status"":""not_applicable"",""value"":null}"
A1,Q4_not_applicable,KALB_R10,leg_3.Q4_course_or_radial,True,correct,exact_status_value,"{""status"":""not_applicable"",""value"":null}","{""status"":""not_applicable"",""value"":null}"
A1,Q5_hold_other,KALB_R10,leg_3.Q5_hold_params,False,target_not_present_but_pred_present,exact_status_value,"{""status"":""present"",""value"":{""inbound_course_deg"":null,""leg_distance_nm"":null,""leg_time_min"":1.0,""turn"":""RIGHT""}}","{""status"":""not_applicable"",""value"":null}"
A1,Q4_not_applicable,KALB_R10,leg_4.Q4_course_or_radial,False,missing_leg_or_field,exact_status_value,null,"{""status"":""not_applicable"",""value"":null}"
A1,Q5_hold_inbound_course,KALB_R10,leg_4.Q5_hold_params,False,missing_leg_or_field,exact_status_value,null,"{""status"":""present"",""value"":{""inbound_course_deg"":277.0,""leg_distance_nm"":5.0,""leg_time_min"":null,""turn"":""RIGHT""}}"
A1,Q4_angle,KALB_R19-Y,leg_1.Q4_course_or_radial,False,status_unknown,degree_display_rounding,"{""status"":""unknown"",""value"":null}","{""status"":""present"",""value"":{""course_deg"":191.2,""type"":""course_deg""}}"
A1,Q4_direct,KALB_R19-Y,leg_2.Q4_course_or_radial,True,correct,exact_status_value,"{""status"":""present"",""value"":{""type"":""direct""}}","{""status"":""present"",""value"":{""type"":""direct""}}"
A1,Q4_not_applicable,KALB_R19-Y,leg_3.Q4_course_or_radial,True,correct,exact_status_value,"{""status"":""not_applicable"",""value"":null}","{""status"":""not_applicable"",""value"":null}"
A1,Q5_hold_other,KALB_R19-Y,leg_3.Q5_hold_params,False,target_not_present_but_pred_present,exact_status_value,"{""status"":""present"",""value"":{""inbound_course_deg"":null,""leg_distance_nm"":null,""leg_time_min"":1.0,""turn"":""RIGHT""}}","{""status"":""not_applicable"",""value"":null}"
A1,Q4_not_applicable,KALB_R19-Y,leg_4.Q4_course_or_radial,False,missing_leg_or_field,exact_status_value,null,"{""status"":""not_applicable"",""value"":null}"
A1,Q5_hold_inbound_course,KALB_R19-Y,leg_4.Q5_hold_params,False,missing_leg_or_field,degree_display_rounding,null,"{""status"":""present"",""value"":{""inbound_course_deg"":13.8,""leg_distance_nm"":4.0,""leg_time_min"":null,""turn"":""RIGHT""}}"
A1,Q4_angle,KALB_R28,leg_1.Q4_course_or_radial,False,status_unknown,degree_display_rounding,"{""status"":""unknown"",""value"":null}","{""status"":""present"",""value"":{""course_deg"":281.3,""type"":""course_deg""}}"
A1,Q4_direct,KALB_R28,leg_2.Q4_course_or_radial,True,correct,exact_status_value,"{""status"":""present"",""value"":{""type"":""direct""}}","{""status"":""present"",""value"":{""type"":""direct""}}"
A1,Q4_not_applicable,KALB_R28,leg_3.Q4_course_or_radial,False,missing_leg_or_field,exact_status_value,null,"{""status"":""not_applicable"",""value"":null}"
A1,Q4_not_applicable,KALB_R28,leg_4.Q4_course_or_radial,False,missing_leg_or_field,exact_status_value,null,"{""status"":""not_applicable"",""value"":null}"
A1,Q5_hold_inbound_course,KALB_R28,leg_4.Q5_hold_params,False,missing_leg_or_field,degree_display_rounding,null,"{""status"":""present"",""value"":{""inbound_course_deg"":119.1,""leg_distance_nm"":4.0,""leg_time_min"":null,""turn"":""RIGHT""}}"
A1,Q4_angle,KALI_R13,leg_1.Q4_course_or_radial,False,status_not_applicable,degree_display_rounding,"{""status"":""not_applicable"",""value"":null}","{""status"":""present"",""value"":{""course_deg"":128.5,""type"":""course_deg""}}"
A1,Q5_hold_other,KALI_R13,leg_1.Q5_hold_params,False,target_not_present_but_pred_present,exact_status_value,"{""status"":""present"",""value"":{""inbound_course_deg"":null,""leg_distance_nm"":null,""leg_time_min"":1.0,""turn"":""RIGHT""}}","{""status"":""not_applicable"",""value"":null}"
A1,Q4_direct,KALI_R13,leg_2.Q4_course_or_radial,False,missing_leg_or_field,exact_status_value,null,"{""status"":""present"",""value"":{""type"":""direct""}}"
A1,Q4_not_applicable,KALI_R13,leg_3.Q4_course_or_radial,False,missing_leg_or_field,exact_status_value,null,"{""status"":""not_applicable"",""value"":null}"
A1,Q5_hold_inbound_course,KALI_R13,leg_3.Q5_hold_params,False,missing_leg_or_field,degree_display_rounding,null,"{""status"":""present"",""value"":{""inbound_course_deg"":308.6,""leg_distance_nm"":4.0,""leg_time_min"":null,""turn"":""RIGHT""}}"
A1,Q4_angle,KALI_R31,leg_1.Q4_course_or_radial,False,type_mismatch:direct->course_deg,degree_display_rounding,"{""status"":""present"",""value"":{""type"":""direct""}}","{""status"":""present"",""value"":{""course_deg"":308.5,""type"":""course_deg""}}"
A1,Q4_direct,KALI_R31,leg_2.Q4_course_or_radial,False,missing_leg_or_field,exact_status_value,null,"{""status"":""present"",""value"":{""type"":""direct""}}"
A1,Q4_not_applicable,KALI_R31,leg_3.Q4_course_or_radial,False,missing_leg_or_field,exact_status_value,null,"{""status"":""not_applicable"",""value"":null}"
A1,Q5_hold_inbound_course,KALI_R31,leg_3.Q5_hold_params,False,missing_leg_or_field,degree_display_rounding,null,"{""status"":""present"",""value"":{""inbound_course_deg"":128.4,""leg_distance_nm"":4.0,""leg_time_min"":null,""turn"":""RIGHT""}}"
A1,Q4_angle,KALM_R04,leg_1.Q4_course_or_radial,False,status_unknown,degree_display_rounding,"{""status"":""unknown"",""value"":null}","{""status"":""present"",""value"":{""course_deg"":37.5,""type"":""course_deg""}}"
A1,Q4_direct,KALM_R04,leg_2.Q4_course_or_radial,False,status_not_applicable,exact_status_value,"{""status"":""not_applicable"",""value"":null}","{""status"":""present"",""value"":{""type"":""direct""}}"
A1,Q5_hold_other,KALM_R04,leg_2.Q5_hold_params,False,target_not_present_but_pred_present,exact_status_value,"{""status"":""present"",""value"":{""inbound_course_deg"":null,""leg_distance_nm"":null,""leg_time_min"":1.0,""turn"":""RIGHT""}}","{""status"":""not_applicable"",""value"":null}"
A1,Q4_not_applicable,KALM_R04,leg_3.Q4_course_or_radial,True,correct,exact_status_value,"{""status"":""not_applicable"",""value"":null}","{""status"":""not_applicable"",""value"":null}"
A1,Q5_hold_inbound_course,KALM_R04,leg_3.Q5_hold_params,False,missing_inbound_course_deg,exact_status_value,"{""status"":""present"",""value"":{""inbound_course_deg"":null,""leg_distance_nm"":5.0,""leg_time_min"":null,""turn"":""RIGHT""}}","{""status"":""present"",""value"":{""inbound_course_deg"":160.0,""leg_distance_nm"":5.0,""leg_time_min"":null,""turn"":""RIGHT""}}"
A1,Q4_angle,KALN_L29,leg_1.Q4_course_or_radial,False,status_unknown,degree_display_rounding,"{""status"":""unknown"",""value"":null}","{""status"":""present"",""value"":{""course_deg"":294.4,""type"":""course_deg""}}"
A1,Q4_angle,KALN_L29,leg_2.Q4_course_or_radial,False,status_not_applicable,degree_display_rounding,"{""status"":""not_applicable"",""value"":null}","{""status"":""present"",""value"":{""course_deg"":310.0,""type"":""course_deg""}}"
A1,Q5_hold_other,KALN_L29,leg_2.Q5_hold_params,False,target_not_present_but_pred_present,exact_status_value,"{""status"":""present"",""value"":{""inbound_course_deg"":null,""leg_distance_nm"":null,""leg_time_min"":1.0,""turn"":""RIGHT""}}","{""status"":""not_applicable"",""value"":null}"
A1,Q4_angle,KALN_L29,leg_3.Q4_course_or_radial,False,status_unknown,degree_display_rounding,"{""status"":""unknown"",""value"":null}","{""status"":""present"",""value"":{""direction"":""inbound"",""navaid"":""TOY"",""radial_deg"":322.0,""type"":""navaid_radial""}}"
A1,Q4_not_applicable,KALN_L29,leg_4.Q4_course_or_radial,False,status_unknown,exact_status_value,"{""status"":""unknown"",""value"":null}","{""status"":""not_applicable"",""value"":null}"
A1,Q5_hold_inbound_course,KALN_L29,leg_4.Q5_hold_params,False,status_not_applicable,exact_status_value,"{""status"":""not_applicable"",""value"":null}","{""status"":""present"",""value"":{""inbound_course_deg"":142.0,""leg_distance_nm"":null,""leg_time_min"":1.0,""turn"":""LEFT""}}"
A1,Q4_angle,KALN_R11,leg_1.Q4_course_or_radial,False,status_unknown,degree_display_rounding,"{""status"":""unknown"",""value"":null}","{""status"":""present"",""value"":{""course_deg"":114.3,""type"":""course_deg""}}"
A1,Q4_direct,KALN_R11,leg_2.Q4_course_or_radial,False,status_not_applicable,exact_status_value,"{""status"":""not_applicable"",""value"":null}","{""status"":""present"",""value"":{""type"":""direct""}}"
A1,Q5_hold_other,KALN_R11,leg_2.Q5_hold_params,False,target_not_present_but_pred_present,exact_status_value,"{""status"":""present"",""value"":{""inbound_course_deg"":null,""leg_distance_nm"":null,""leg_time_min"":1.0,""turn"":""RIGHT""}}","{""status"":""not_applicable"",""value"":null}"
A1,Q4_not_applicable,KALN_R11,leg_3.Q4_course_or_radial,True,correct,exact_status_value,"{""status"":""not_applicable"",""value"":null}","{""status"":""not_applicable"",""value"":null}"
A1,Q5_hold_inbound_course,KALN_R11,leg_3.Q5_hold_params,False,missing_inbound_course_deg,degree_display_rounding,"{""status"":""present"",""value"":{""inbound_course_deg"":null,""leg_distance_nm"":4.0,""leg_time_min"":null,""turn"":""RIGHT""}}","{""status"":""present"",""value"":{""inbound_course_deg"":294.5,""leg_distance_nm"":4.0,""leg_time_min"":null,""turn"":""RIGHT""}}"
A1,Q4_angle,KALN_R17,leg_1.Q4_course_or_radial,False,type_mismatch:direct->course_deg,degree_display_rounding,"{""status"":""present"",""value"":{""type"":""direct""}}","{""status"":""present"",""value"":{""course_deg"":174.3,""type"":""course_deg""}}"
A1,Q4_direct,KALN_R17,leg_2.Q4_course_or_radial,False,status_not_applicable,exact_status_value,"{""status"":""not_applicable"",""value"":null}","{""status"":""present"",""value"":{""type"":""direct""}}"
A1,Q5_hold_other,KALN_R17,leg_2.Q5_hold_params,False,target_not_present_but_pred_present,exact_status_value,"{""status"":""present"",""value"":{""inbound_course_deg"":null,""leg_distance_nm"":null,""leg_time_min"":1.0,""turn"":""RIGHT""}}","{""status"":""not_applicable"",""value"":null}"
A1,Q4_not_applicable,KALN_R17,leg_3.Q4_course_or_radial,True,correct,exact_status_value,"{""status"":""not_applicable"",""value"":null}","{""status"":""not_applicable"",""value"":null}"
A1,Q5_hold_other,KALN_R17,leg_3.Q5_hold_params,False,target_not_present_but_pred_present,exact_status_value,"{""status"":""present"",""value"":{""inbound_course_deg"":null,""leg_distance_nm"":4.0,""leg_time_min"":null,""turn"":""RIGHT""}}","{""status"":""not_applicable"",""value"":null}"
A1,Q4_not_applicable,KALN_R17,leg_4.Q4_course_or_radial,False,missing_leg_or_field,exact_status_value,null,"{""status"":""not_applicable"",""value"":null}"
A1,Q5_hold_inbound_course,KALN_R17,leg_4.Q5_hold_params,False,missing_leg_or_field,exact_status_value,null,"{""status"":""present"",""value"":{""inbound_course_deg"":82.0,""leg_distance_nm"":4.0,""leg_time_min"":null,""turn"":""RIGHT""}}"
A1,Q4_angle,KALO_L12,leg_1.Q4_course_or_radial,False,status_unknown,degree_display_rounding,"{""status"":""unknown"",""value"":null}","{""status"":""present"",""value"":{""course_deg"":127.8,""type"":""course_deg""}}"
A1,Q4_angle,KALO_L12,leg_2.Q4_course_or_radial,False,status_unknown,degree_display_rounding,"{""status"":""unknown"",""value"":null}","{""status"":""present"",""value"":{""direction"":""inbound"",""navaid"":""ALO"",""radial_deg"":96.5,""type"":""navaid_radial""}}"
A1,Q4_not_applicable,KALO_L12,leg_3.Q4_course_or_radial,True,correct,exact_status_value,"{""status"":""not_applicable"",""value"":null}","{""status"":""not_applicable"",""value"":null}"
A1,Q5_hold_inbound_course,KALO_L12,leg_3.Q5_hold_params,False,missing_inbound_course_deg,degree_display_rounding,"{""status"":""present"",""value"":{""inbound_course_deg"":null,""leg_distance_nm"":null,""leg_time_min"":1.0,""turn"":""RIGHT""}}","{""status"":""present"",""value"":{""inbound_course_deg"":276.5,""leg_distance_nm"":null,""leg_time_min"":1.0,""turn"":""RIGHT""}}"
A1,Q4_angle,KALO_R12,leg_1.Q4_course_or_radial,False,status_unknown,degree_display_rounding,"{""status"":""unknown"",""value"":null}","{""status"":""present"",""value"":{""course_deg"":127.7,""type"":""course_deg""}}"
A1,Q4_direct,KALO_R12,leg_2.Q4_course_or_radial,False,status_not_applicable,exact_status_value,"{""status"":""not_applicable"",""value"":null}","{""status"":""present"",""value"":{""type"":""direct""}}"
A1,Q5_hold_other,KALO_R12,leg_2.Q5_hold_params,False,target_not_present_but_pred_present,exact_status_value,"{""status"":""present"",""value"":{""inbound_course_deg"":null,""leg_distance_nm"":null,""leg_time_min"":1.0,""turn"":""RIGHT""}}","{""status"":""not_applicable"",""value"":null}"
A1,Q4_not_applicable,KALO_R12,leg_3.Q4_course_or_radial,True,correct,exact_status_value,"{""status"":""not_applicable"",""value"":null}","{""status"":""not_applicable"",""value"":null}"
A1,Q5_hold_inbound_course,KALO_R12,leg_3.Q5_hold_params,False,missing_inbound_course_deg,degree_display_rounding,"{""status"":""present"",""value"":{""inbound_course_deg"":null,""leg_distance_nm"":4.0,""leg_time_min"":null,""turn"":""RIGHT""}}","{""status"":""present"",""value"":{""inbound_course_deg"":307.9,""leg_distance_nm"":5.0,""leg_time_min"":null,""turn"":""RIGHT""}}"
A1,Q4_angle,KALO_R18,leg_1.Q4_course_or_radial,False,status_unknown,degree_display_rounding,"{""status"":""unknown"",""value"":null}","{""status"":""present"",""value"":{""course_deg"":187.8,""type"":""course_deg""}}"
A1,Q4_direct,KALO_R18,leg_2.Q4_course_or_radial,False,status_not_applicable,exact_status_value,"{""status"":""not_applicable"",""value"":null}","{""status"":""present"",""value"":{""type"":""direct""}}"
A1,Q5_hold_other,KALO_R18,leg_2.Q5_hold_params,False,target_not_present_but_pred_present,exact_status_value,"{""status"":""present"",""value"":{""inbound_course_deg"":null,""leg_distance_nm"":null,""leg_time_min"":1.0,""turn"":""RIGHT""}}","{""status"":""not_applicable"",""value"":null}"
A1,Q4_not_applicable,KALO_R18,leg_3.Q4_course_or_radial,True,correct,exact_status_value,"{""status"":""not_applicable"",""value"":null}","{""status"":""not_applicable"",""value"":null}"
A1,Q5_hold_inbound_course,KALO_R18,leg_3.Q5_hold_params,False,missing_inbound_course_deg,degree_display_rounding,"{""status"":""present"",""value"":{""inbound_course_deg"":null,""leg_distance_nm"":30.0,""leg_time_min"":null,""turn"":""RIGHT""}}","{""status"":""present"",""value"":{""inbound_course_deg"":187.8,""leg_distance_nm"":4.0,""leg_time_min"":null,""turn"":""RIGHT""}}"
A1,Q4_angle,KALS_I02,leg_1.Q4_course_or_radial,False,status_unknown,degree_display_rounding,"{""status"":""unknown"",""value"":null}","{""status"":""present"",""value"":{""course_deg"":22.8,""type"":""course_deg""}}"
A1,Q4_direct,KALS_I02,leg_2.Q4_course_or_radial,False,status_not_applicable,exact_status_value,"{""status"":""not_applicable"",""value"":null}","{""status"":""present"",""value"":{""type"":""direct""}}"
A1,Q5_hold_other,KALS_I02,leg_2.Q5_hold_params,False,target_not_present_but_pred_present,exact_status_value,"{""status"":""present"",""value"":{""inbound_course_deg"":null,""leg_distance_nm"":null,""leg_time_min"":1.0,""turn"":""RIGHT""}}","{""status"":""not_applicable"",""value"":null}"
A1,Q4_not_applicable,KALS_I02,leg_3.Q4_course_or_radial,False,target_not_present_but_pred_present,exact_status_value,"{""status"":""present"",""value"":{""direction"":""outbound"",""navaid"":""INT"",""radial_deg"":296.0,""type"":""navaid_radial""}}","{""status"":""not_applicable"",""value"":null}"
A1,Q5_hold_inbound_course,KALS_I02,leg_3.Q5_hold_params,False,status_not_applicable,exact_status_value,"{""status"":""not_applicable"",""value"":null}","{""status"":""present"",""value"":{""inbound_course_deg"":142.0,""leg_distance_nm"":null,""leg_time_min"":1.0,""turn"":""RIGHT""}}"
A1,Q4_angle,KALS_R02,leg_1.Q4_course_or_radial,False,type_mismatch:direct->course_deg,degree_display_rounding,"{""status"":""present"",""value"":{""type"":""direct""}}","{""status"":""present"",""value"":{""course_deg"":22.7,""type"":""course_deg""}}"
A1,Q4_direct,KALS_R02,leg_2.Q4_course_or_radial,False,status_not_applicable,exact_status_value,"{""status"":""not_applicable"",""value"":null}","{""status"":""present"",""value"":{""type"":""direct""}}"
A1,Q5_hold_other,KALS_R02,leg_2.Q5_hold_params,False,target_not_present_but_pred_present,exact_status_value,"{""status"":""present"",""value"":{""inbound_course_deg"":null,""leg_distance_nm"":null,""leg_time_min"":1.0,""turn"":""RIGHT""}}","{""status"":""not_applicable"",""value"":null}"
A1,Q4_not_applicable,KALS_R02,leg_3.Q4_course_or_radial,True,correct,exact_status_value,"{""status"":""not_applicable"",""value"":null}","{""status"":""not_applicable"",""value"":null}"
A1,Q5_hold_other,KALS_R02,leg_3.Q5_hold_params,False,target_not_present_but_pred_present,exact_status_value,"{""status"":""present"",""value"":{""inbound_course_deg"":null,""leg_distance_nm"":7.0,""leg_time_min"":null,""turn"":""RIGHT""}}","{""status"":""not_applicable"",""value"":null}"
A1,Q4_not_applicable,KALS_R02,leg_4.Q4_course_or_radial,False,missing_leg_or_field,exact_status_value,null,"{""status"":""not_applicable"",""value"":null}"
A1,Q5_hold_inbound_course,KALS_R02,leg_4.Q5_hold_params,False,missing_leg_or_field,degree_display_rounding,null,"{""status"":""present"",""value"":{""inbound_course_deg"":317.1,""leg_distance_nm"":9.0,""leg_time_min"":null,""turn"":""RIGHT""}}"
A1,Q4_angle,KALS_R20,leg_1.Q4_course_or_radial,False,status_unknown,degree_display_rounding,"{""status"":""unknown"",""value"":null}","{""status"":""present"",""value"":{""course_deg"":202.8,""type"":""course_deg""}}"
A1,Q4_direct,KALS_R20,leg_2.Q4_course_or_radial,False,status_not_applicable,exact_status_value,"{""status"":""not_applicable"",""value"":null}","{""status"":""present"",""value"":{""type"":""direct""}}"
A1,Q5_hold_other,KALS_R20,leg_2.Q5_hold_params,False,target_not_present_but_pred_present,exact_status_value,"{""status"":""present"",""value"":{""inbound_course_deg"":null,""leg_distance_nm"":null,""leg_time_min"":1.0,""turn"":""RIGHT""}}","{""status"":""not_applicable"",""value"":null}"
A1,Q4_not_applicable,KALS_R20,leg_3.Q4_course_or_radial,True,correct,exact_status_value,"{""status"":""not_applicable"",""value"":null}","{""status"":""not_applicable"",""value"":null}"
A1,Q5_hold_inbound_course,KALS_R20,leg_3.Q5_hold_params,False,missing_inbound_course_deg,degree_display_rounding,"{""status"":""present"",""value"":{""inbound_course_deg"":null,""leg_distance_nm"":null,""leg_time_min"":1.0,""turn"":""RIGHT""}}","{""status"":""present"",""value"":{""inbound_course_deg"":202.7,""leg_distance_nm"":7.0,""leg_time_min"":null,""turn"":""LEFT""}}"
A1,Q4_angle,KALW_R02,leg_1.Q4_course_or_radial,False,status_unknown,degree_display_rounding,"{""status"":""unknown"",""value"":null}","{""status"":""present"",""value"":{""course_deg"":22.1,""type"":""course_deg""}}"
A1,Q4_direct,KALW_R02,leg_2.Q4_course_or_radial,True,correct,exact_status_value,"{""status"":""present"",""value"":{""type"":""direct""}}","{""status"":""present"",""value"":{""type"":""direct""}}"
A1,Q4_not_applicable,KALW_R02,leg_3.Q4_course_or_radial,True,correct,exact_status_value,"{""status"":""not_applicable"",""value"":null}","{""status"":""not_applicable"",""value"":null}"
A1,Q5_hold_other,KALW_R02,leg_3.Q5_hold_params,False,target_not_present_but_pred_present,exact_status_value,"{""status"":""present"",""value"":{""inbound_course_deg"":null,""leg_distance_nm"":null,""leg_time_min"":1.0,""turn"":""RIGHT""}}","{""status"":""not_applicable"",""value"":null}"
A1,Q4_not_applicable,KALW_R02,leg_4.Q4_course_or_radial,False,missing_leg_or_field,exact_status_value,null,"{""status"":""not_applicable"",""value"":null}"
A1,Q5_hold_inbound_course,KALW_R02,leg_4.Q5_hold_params,False,missing_leg_or_field,degree_display_rounding,null,"{""status"":""present"",""value"":{""inbound_course_deg"":71.3,""leg_distance_nm"":4.0,""leg_time_min"":null,""turn"":""RIGHT""}}"
A1,Q4_angle,KALW_R20,leg_1.Q4_course_or_radial,False,status_unknown,degree_display_rounding,"{""status"":""unknown"",""value"":null}","{""status"":""present"",""value"":{""course_deg"":202.3,""type"":""course_deg""}}"
A1,Q4_direct,KALW_R20,leg_2.Q4_course_or_radial,False,status_not_applicable,exact_status_value,"{""status"":""not_applicable"",""value"":null}","{""status"":""present"",""value"":{""type"":""direct""}}"
A1,Q5_hold_other,KALW_R20,leg_2.Q5_hold_params,False,target_not_present_but_pred_present,exact_status_value,"{""status"":""present"",""value"":{""inbound_course_deg"":null,""leg_distance_nm"":null,""leg_time_min"":1.0,""turn"":""RIGHT""}}","{""status"":""not_applicable"",""value"":null}"
A1,Q4_not_applicable,KALW_R20,leg_3.Q4_course_or_radial,True,correct,exact_status_value,"{""status"":""not_applicable"",""value"":null}","{""status"":""not_applicable"",""value"":null}"
A1,Q5_hold_inbound_course,KALW_R20,leg_3.Q5_hold_params,False,missing_inbound_course_deg,degree_display_rounding,"{""status"":""present"",""value"":{""inbound_course_deg"":null,""leg_distance_nm"":25.0,""leg_time_min"":null,""turn"":""RIGHT""}}","{""status"":""present"",""value"":{""inbound_course_deg"":22.1,""leg_distance_nm"":4.0,""leg_time_min"":null,""turn"":""RIGHT""}}"
A1,Q4_angle,KALX_R18,leg_1.Q4_course_or_radial,False,status_unknown,degree_display_rounding,"{""status"":""unknown"",""value"":null}","{""status"":""present"",""value"":{""course_deg"":181.5,""type"":""course_deg""}}"
A1,Q4_direct,KALX_R18,leg_2.Q4_course_or_radial,False,status_not_applicable,exact_status_value,"{""status"":""not_applicable"",""value"":null}","{""status"":""present"",""value"":{""type"":""direct""}}"
A1,Q5_hold_other,KALX_R18,leg_2.Q5_hold_params,False,target_not_present_but_pred_present,exact_status_value,"{""status"":""present"",""value"":{""inbound_course_deg"":null,""leg_distance_nm"":null,""leg_time_min"":1.0,""turn"":""RIGHT""}}","{""status"":""not_applicable"",""value"":null}"
A1,Q4_not_applicable,KALX_R18,leg_3.Q4_course_or_radial,False,missing_leg_or_field,exact_status_value,null,"{""status"":""not_applicable"",""value"":null}"
A1,Q5_hold_inbound_course,KALX_R18,leg_3.Q5_hold_params,False,missing_leg_or_field,degree_display_rounding,null,"{""status"":""present"",""value"":{""inbound_course_deg"":1.5,""leg_distance_nm"":4.0,""leg_time_min"":null,""turn"":""RIGHT""}}"
A1,Q4_angle,KALX_R36,leg_1.Q4_course_or_radial,False,status_unknown,degree_display_rounding,"{""status"":""unknown"",""value"":null}","{""status"":""present"",""value"":{""course_deg"":1.5,""type"":""course_deg""}}"
A1,Q4_direct,KALX_R36,leg_2.Q4_course_or_radial,False,status_not_applicable,exact_status_value,"{""status"":""not_applicable"",""value"":null}","{""status"":""present"",""value"":{""type"":""direct""}}"
A1,Q5_hold_other,KALX_R36,leg_2.Q5_hold_params,False,target_not_present_but_pred_present,exact_status_value,"{""status"":""present"",""value"":{""inbound_course_deg"":null,""leg_distance_nm"":null,""leg_time_min"":1.0,""turn"":""LEFT""}}","{""status"":""not_applicable"",""value"":null}"
A1,Q4_not_applicable,KALX_R36,leg_3.Q4_course_or_radial,False,missing_leg_or_field,exact_status_value,null,"{""status"":""not_applicable"",""value"":null}"
A1,Q5_hold_inbound_course,KALX_R36,leg_3.Q5_hold_params,False,missing_leg_or_field,degree_display_rounding,null,"{""status"":""present"",""value"":{""inbound_course_deg"":1.5,""leg_distance_nm"":4.0,""leg_time_min"":null,""turn"":""RIGHT""}}"
A1,Q4_angle,KAMA_I04,leg_1.Q4_course_or_radial,False,status_unknown,degree_display_rounding,"{""status"":""unknown"",""value"":null}","{""status"":""present"",""value"":{""course_deg"":38.0,""type"":""course_deg""}}"
A1,Q4_angle,KAMA_I04,leg_2.Q4_course_or_radial,False,round_equivalent_but_other_mismatch,degree_display_rounding,"{""status"":""present"",""value"":{""direction"":""outbound"",""navaid"":""AND"",""radial_deg"":118.0,""type"":""navaid_radial""}}","{""status"":""present"",""value"":{""direction"":""inbound"",""navaid"":""PNH"",""radial_deg"":118.3,""type"":""navaid_radial""}}"
A1,Q4_not_applicable,KAMA_I04,leg_3.Q4_course_or_radial,True,correct,exact_status_value,"{""status"":""not_applicable"",""value"":null}","{""status"":""not_applicable"",""value"":null}"
A1,Q5_hold_inbound_course,KAMA_I04,leg_3.Q5_hold_params,False,missing_inbound_course_deg,degree_display_rounding,"{""status"":""present"",""value"":{""inbound_course_deg"":null,""leg_distance_nm"":null,""leg_time_min"":1.0,""turn"":""RIGHT""}}","{""status"":""present"",""value"":{""inbound_course_deg"":298.3,""leg_distance_nm"":null,""leg_time_min"":1.0,""turn"":""RIGHT""}}"
A1,Q4_angle,KAMA_R04-Y,leg_1.Q4_course_or_radial,False,status_unknown,degree_display_rounding,"{""status"":""unknown"",""value"":null}","{""status"":""present"",""value"":{""course_deg"":37.9,""type"":""course_deg""}}"
A1,Q4_direct,KAMA_R04-Y,leg_2.Q4_course_or_radial,True,correct,exact_status_value,"{""status"":""present"",""value"":{""type"":""direct""}}","{""status"":""present"",""value"":{""type"":""direct""}}"
A1,Q4_not_applicable,KAMA_R04-Y,leg_3.Q4_course_or_radial,True,correct,exact_status_value,"{""status"":""not_applicable"",""value"":null}","{""status"":""not_applicable"",""value"":null}"
A1,Q5_hold_other,KAMA_R04-Y,leg_3.Q5_hold_params,False,target_not_present_but_pred_present,exact_status_value,"{""status"":""present"",""value"":{""inbound_course_deg"":null,""leg_distance_nm"":null,""leg_time_min"":1.0,""turn"":""RIGHT""}}","{""status"":""not_applicable"",""value"":null}"
A1,Q4_not_applicable,KAMA_R04-Y,leg_4.Q4_course_or_radial,False,missing_leg_or_field,exact_status_value,null,"{""status"":""not_applicable"",""value"":null}"
A1,Q5_hold_inbound_course,KAMA_R04-Y,leg_4.Q5_hold_params,False,missing_leg_or_field,degree_display_rounding,null,"{""status"":""present"",""value"":{""inbound_course_deg"":233.1,""leg_distance_nm"":5.0,""leg_time_min"":null,""turn"":""LEFT""}}"
A1,Q4_angle,KAMA_R13-Y,leg_1.Q4_course_or_radial,False,status_unknown,degree_display_rounding,"{""status"":""unknown"",""value"":null}","{""status"":""present"",""value"":{""course_deg"":129.4,""type"":""course_deg""}}"
A1,Q4_direct,KAMA_R13-Y,leg_2.Q4_course_or_radial,False,status_not_applicable,exact_status_value,"{""status"":""not_applicable"",""value"":null}","{""status"":""present"",""value"":{""type"":""direct""}}"
A1,Q5_hold_other,KAMA_R13-Y,leg_2.Q5_hold_params,False,target_not_present_but_pred_present,exact_status_value,"{""status"":""present"",""value"":{""inbound_course_deg"":null,""leg_distance_nm"":null,""leg_time_min"":1.0,""turn"":""RIGHT""}}","{""status"":""not_applicable"",""value"":null}"
A1,Q4_not_applicable,KAMA_R13-Y,leg_3.Q4_course_or_radial,False,missing_leg_or_field,exact_status_value,null,"{""status"":""not_applicable"",""value"":null}"
A1,Q4_not_applicable,KAMA_R13-Y,leg_4.Q4_course_or_radial,False,missing_leg_or_field,exact_status_value,null,"{""status"":""not_applicable"",""value"":null}"
A1,Q5_hold_inbound_course,KAMA_R13-Y,leg_4.Q5_hold_params,False,missing_leg_or_field,degree_display_rounding,null,"{""status"":""present"",""value"":{""inbound_course_deg"":298.3,""leg_distance_nm"":5.0,""leg_time_min"":null,""turn"":""RIGHT""}}"
A1,Q4_angle,KAMG_R16,leg_1.Q4_course_or_radial,False,status_not_applicable,degree_display_rounding,"{""status"":""not_applicable"",""value"":null}","{""status"":""present"",""value"":{""course_deg"":156.9,""type"":""course_deg""}}"
A1,Q5_hold_other,KAMG_R16,leg_1.Q5_hold_params,False,target_not_present_but_pred_present,exact_status_value,"{""status"":""present"",""value"":{""inbound_course_deg"":null,""leg_distance_nm"":null,""leg_time_min"":1.0,""turn"":""RIGHT""}}","{""status"":""not_applicable"",""value"":null}"
A1,Q4_direct,KAMG_R16,leg_2.Q4_course_or_radial,False,status_not_applicable,exact_status_value,"{""status"":""not_applicable"",""value"":null}","{""status"":""present"",""value"":{""type"":""direct""}}"
A1,Q5_hold_other,KAMG_R16,leg_2.Q5_hold_params,False,target_not_present_but_pred_present,exact_status_value,"{""status"":""present"",""value"":{""inbound_course_deg"":null,""leg_distance_nm"":4.0,""leg_time_min"":null,""turn"":""RIGHT""}}","{""status"":""not_applicable"",""value"":null}"
A1,Q4_not_applicable,KAMG_R16,leg_3.Q4_course_or_radial,False,missing_leg_or_field,exact_status_value,null,"{""status"":""not_applicable"",""value"":null}"
A1,Q5_hold_inbound_course,KAMG_R16,leg_3.Q5_hold_params,False,missing_leg_or_field,exact_status_value,null,"{""status"":""present"",""value"":{""inbound_course_deg"":337.0,""leg_distance_nm"":4.0,""leg_time_min"":null,""turn"":""RIGHT""}}"
A1,Q4_angle,KAMG_R34,leg_1.Q4_course_or_radial,False,status_not_applicable,degree_display_rounding,"{""status"":""not_applicable"",""value"":null}","{""status"":""present"",""value"":{""course_deg"":336.9,""type"":""course_deg""}}"
A1,Q5_hold_other,KAMG_R34,leg_1.Q5_hold_params,False,target_not_present_but_pred_present,exact_status_value,"{""status"":""present"",""value"":{""inbound_course_deg"":null,""leg_distance_nm"":null,""leg_time_min"":1.0,""turn"":""RIGHT""}}","{""status"":""not_applicable"",""value"":null}"
A1,Q4_direct,KAMG_R34,leg_2.Q4_course_or_radial,False,status_not_applicable,exact_status_value,"{""status"":""not_applicable"",""value"":null}","{""status"":""present"",""value"":{""type"":""direct""}}"
A1,Q5_hold_other,KAMG_R34,leg_2.Q5_hold_params,False,target_not_present_but_pred_present,exact_status_value,"{""status"":""present"",""value"":{""inbound_course_deg"":null,""leg_distance_nm"":4.0,""leg_time_min"":null,""turn"":""RIGHT""}}","{""status"":""not_applicable"",""value"":null}"
A1,Q4_not_applicable,KAMG_R34,leg_3.Q4_course_or_radial,False,missing_leg_or_field,exact_status_value,null,"{""status"":""not_applicable"",""value"":null}"
A1,Q5_hold_inbound_course,KAMG_R34,leg_3.Q5_hold_params,False,missing_leg_or_field,degree_display_rounding,null,"{""status"":""present"",""value"":{""inbound_course_deg"":156.8,""leg_distance_nm"":4.0,""leg_time_min"":null,""turn"":""RIGHT""}}"
A1,Q4_angle,KAMN_R09,leg_1.Q4_course_or_radial,False,status_not_applicable,degree_display_rounding,"{""status"":""not_applicable"",""value"":null}","{""status"":""present"",""value"":{""course_deg"":95.2,""type"":""course_deg""}}"
A1,Q5_hold_other,KAMN_R09,leg_1.Q5_hold_params,False,target_not_present_but_pred_present,exact_status_value,"{""status"":""present"",""value"":{""inbound_course_deg"":null,""leg_distance_nm"":null,""leg_time_min"":1.0,""turn"":""RIGHT""}}","{""status"":""not_applicable"",""value"":null}"
A1,Q4_direct,KAMN_R09,leg_2.Q4_course_or_radial,False,status_unknown,exact_status_value,"{""status"":""unknown"",""value"":null}","{""status"":""present"",""value"":{""type"":""direct""}}"
A1,Q4_not_applicable,KAMN_R09,leg_3.Q4_course_or_radial,False,missing_leg_or_field,exact_status_value,null,"{""status"":""not_applicable"",""value"":null}"
A1,Q5_hold_inbound_course,KAMN_R09,leg_3.Q5_hold_params,False,missing_leg_or_field,degree_display_rounding,null,"{""status"":""present"",""value"":{""inbound_course_deg"":275.4,""leg_distance_nm"":4.0,""leg_time_min"":null,""turn"":""RIGHT""}}"
A1,Q4_angle,KAMN_R18,leg_1.Q4_course_or_radial,False,status_not_applicable,degree_display_rounding,"{""status"":""not_applicable"",""value"":null}","{""status"":""present"",""value"":{""course_deg"":185.3,""type"":""course_deg""}}"
A1,Q5_hold_other,KAMN_R18,leg_1.Q5_hold_params,False,target_not_present_but_pred_present,exact_status_value,"{""status"":""present"",""value"":{""inbound_course_deg"":null,""leg_distance_nm"":null,""leg_time_min"":1.0,""turn"":""RIGHT""}}","{""status"":""not_applicable"",""value"":null}"
A1,Q4_direct,KAMN_R18,leg_2.Q4_course_or_radial,False,missing_leg_or_field,exact_status_value,null,"{""status"":""present"",""value"":{""type"":""direct""}}"
A1,Q4_not_applicable,KAMN_R18,leg_3.Q4_course_or_radial,False,missing_leg_or_field,exact_status_value,null,"{""status"":""not_applicable"",""value"":null}"
A1,Q5_hold_inbound_course,KAMN_R18,leg_3.Q5_hold_params,False,missing_leg_or_field,degree_display_rounding,null,"{""status"":""present"",""value"":{""inbound_course_deg"":185.3,""leg_distance_nm"":4.0,""leg_time_min"":null,""turn"":""RIGHT""}}"
A1,Q4_angle,KAMN_R27,leg_1.Q4_course_or_radial,False,status_unknown,degree_display_rounding,"{""status"":""unknown"",""value"":null}","{""status"":""present"",""value"":{""course_deg"":275.3,""type"":""course_deg""}}"
A1,Q4_direct,KAMN_R27,leg_2.Q4_course_or_radial,False,status_not_applicable,exact_status_value,"{""status"":""not_applicable"",""value"":null}","{""status"":""present"",""value"":{""type"":""direct""}}"
A1,Q5_hold_other,KAMN_R27,leg_2.Q5_hold_params,False,target_not_present_but_pred_present,exact_status_value,"{""status"":""present"",""value"":{""inbound_course_deg"":null,""leg_distance_nm"":null,""leg_time_min"":1.0,""turn"":""RIGHT""}}","{""status"":""not_applicable"",""value"":null}"
A1,Q4_not_applicable,KAMN_R27,leg_3.Q4_course_or_radial,True,correct,exact_status_value,"{""status"":""not_applicable"",""value"":null}","{""status"":""not_applicable"",""value"":null}"
A1,Q5_hold_inbound_course,KAMN_R27,leg_3.Q5_hold_params,False,missing_inbound_course_deg,degree_display_rounding,"{""status"":""present"",""value"":{""inbound_course_deg"":null,""leg_distance_nm"":4.0,""leg_time_min"":null,""turn"":""RIGHT""}}","{""status"":""present"",""value"":{""inbound_course_deg"":275.4,""leg_distance_nm"":4.0,""leg_time_min"":null,""turn"":""RIGHT""}}"
A1,Q4_angle,KAMT_R05,leg_1.Q4_course_or_radial,False,status_unknown,degree_display_rounding,"{""status"":""unknown"",""value"":null}","{""status"":""present"",""value"":{""course_deg"":49.1,""type"":""course_deg""}}"
A1,Q4_direct,KAMT_R05,leg_2.Q4_course_or_radial,False,status_not_applicable,exact_status_value,"{""status"":""not_applicable"",""value"":null}","{""status"":""present"",""value"":{""type"":""direct""}}"
A1,Q5_hold_other,KAMT_R05,leg_2.Q5_hold_params,False,target_not_present_but_pred_present,exact_status_value,"{""status"":""present"",""value"":{""inbound_course_deg"":null,""leg_distance_nm"":null,""leg_time_min"":1.0,""turn"":""RIGHT""}}","{""status"":""not_applicable"",""value"":null}"
A1,Q4_not_applicable,KAMT_R05,leg_3.Q4_course_or_radial,False,missing_leg_or_field,exact_status_value,null,"{""status"":""not_applicable"",""value"":null}"
A1,Q5_hold_inbound_course,KAMT_R05,leg_3.Q5_hold_params,False,missing_leg_or_field,degree_display_rounding,null,"{""status"":""present"",""value"":{""inbound_course_deg"":229.3,""leg_distance_nm"":4.0,""leg_time_min"":null,""turn"":""RIGHT""}}"
A1,Q4_angle,KAMT_R23,leg_1.Q4_course_or_radial,False,status_unknown,degree_display_rounding,"{""status"":""unknown"",""value"":null}","{""status"":""present"",""value"":{""course_deg"":229.2,""type"":""course_deg""}}"
A1,Q4_direct,KAMT_R23,leg_2.Q4_course_or_radial,False,status_not_applicable,exact_status_value,"{""status"":""not_applicable"",""value"":null}","{""status"":""present"",""value"":{""type"":""direct""}}"
A1,Q5_hold_other,KAMT_R23,leg_2.Q5_hold_params,False,target_not_present_but_pred_present,exact_status_value,"{""status"":""present"",""value"":{""inbound_course_deg"":null,""leg_distance_nm"":null,""leg_time_min"":1.0,""turn"":""RIGHT""}}","{""status"":""not_applicable"",""value"":null}"
A1,Q4_not_applicable,KAMT_R23,leg_3.Q4_course_or_radial,False,missing_leg_or_field,exact_status_value,null,"{""status"":""not_applicable"",""value"":null}"
A1,Q5_hold_inbound_course,KAMT_R23,leg_3.Q5_hold_params,False,missing_leg_or_field,degree_display_rounding,null,"{""status"":""present"",""value"":{""inbound_course_deg"":49.1,""leg_distance_nm"":4.0,""leg_time_min"":null,""turn"":""RIGHT""}}"
A1,Q4_angle,KAMW_R01,leg_1.Q4_course_or_radial,False,status_unknown,degree_display_rounding,"{""status"":""unknown"",""value"":null}","{""status"":""present"",""value"":{""course_deg"":13.6,""type"":""course_deg""}}"
A1,Q4_direct,KAMW_R01,leg_2.Q4_course_or_radial,False,status_not_applicable,exact_status_value,"{""status"":""not_applicable"",""value"":null}","{""status"":""present"",""value"":{""type"":""direct""}}"
A1,Q5_hold_other,KAMW_R01,leg_2.Q5_hold_params,False,target_not_present_but_pred_present,exact_status_value,"{""status"":""present"",""value"":{""inbound_course_deg"":null,""leg_distance_nm"":null,""leg_time_min"":1.0,""turn"":""RIGHT""}}","{""status"":""not_applicable"",""value"":null}"
A1,Q4_not_applicable,KAMW_R01,leg_3.Q4_course_or_radial,False,missing_leg_or_field,exact_status_value,null,"{""status"":""not_applicable"",""value"":null}"
A1,Q5_hold_inbound_course,KAMW_R01,leg_3.Q5_hold_params,False,missing_leg_or_field,degree_display_rounding,null,"{""status"":""present"",""value"":{""inbound_course_deg"":193.7,""leg_distance_nm"":4.0,""leg_time_min"":null,""turn"":""LEFT""}}"
A1,Q4_angle,KAMW_R13,leg_1.Q4_course_or_radial,False,status_unknown,degree_display_rounding,"{""status"":""unknown"",""value"":null}","{""status"":""present"",""value"":{""course_deg"":133.1,""type"":""course_deg""}}"
A1,Q4_direct,KAMW_R13,leg_2.Q4_course_or_radial,False,status_not_applicable,exact_status_value,"{""status"":""not_applicable"",""value"":null}","{""status"":""present"",""value"":{""type"":""direct""}}"
A1,Q5_hold_other,KAMW_R13,leg_2.Q5_hold_params,False,target_not_present_but_pred_present,exact_status_value,"{""status"":""present"",""value"":{""inbound_course_deg"":null,""leg_distance_nm"":null,""leg_time_min"":1.0,""turn"":""RIGHT""}}","{""status"":""not_applicable"",""value"":null}"
A1,Q4_not_applicable,KAMW_R13,leg_3.Q4_course_or_radial,False,missing_leg_or_field,exact_status_value,null,"{""status"":""not_applicable"",""value"":null}"
A1,Q5_hold_inbound_course,KAMW_R13,leg_3.Q5_hold_params,False,missing_leg_or_field,degree_display_rounding,null,"{""status"":""present"",""value"":{""inbound_course_deg"":313.3,""leg_distance_nm"":4.0,""leg_time_min"":null,""turn"":""RIGHT""}}"
A1,Q4_angle,KAMW_R19,leg_1.Q4_course_or_radial,False,status_unknown,degree_display_rounding,"{""status"":""unknown"",""value"":null}","{""status"":""present"",""value"":{""course_deg"":193.6,""type"":""course_deg""}}"
A1,Q4_direct,KAMW_R19,leg_2.Q4_course_or_radial,False,status_not_applicable,exact_status_value,"{""status"":""not_applicable"",""value"":null}","{""status"":""present"",""value"":{""type"":""direct""}}"
A1,Q5_hold_other,KAMW_R19,leg_2.Q5_hold_params,False,target_not_present_but_pred_present,exact_status_value,"{""status"":""present"",""value"":{""inbound_course_deg"":null,""leg_distance_nm"":null,""leg_time_min"":1.0,""turn"":""RIGHT""}}","{""status"":""not_applicable"",""value"":null}"
A1,Q4_not_applicable,KAMW_R19,leg_3.Q4_course_or_radial,False,missing_leg_or_field,exact_status_value,null,"{""status"":""not_applicable"",""value"":null}"
A1,Q5_hold_inbound_course,KAMW_R19,leg_3.Q5_hold_params,False,missing_leg_or_field,degree_display_rounding,null,"{""status"":""present"",""value"":{""inbound_course_deg"":13.5,""leg_distance_nm"":4.0,""leg_time_min"":null,""turn"":""RIGHT""}}"
A1,Q4_angle,KANB_R05,leg_1.Q4_course_or_radial,False,status_unknown,degree_display_rounding,"{""status"":""unknown"",""value"":null}","{""status"":""present"",""value"":{""course_deg"":52.4,""type"":""course_deg""}}"
A1,Q4_direct,KANB_R05,leg_2.Q4_course_or_radial,True,correct,exact_status_value,"{""status"":""present"",""value"":{""type"":""direct""}}","{""status"":""present"",""value"":{""type"":""direct""}}"
A1,Q4_angle,KANB_R05,leg_3.Q4_course_or_radial,False,status_not_applicable,degree_display_rounding,"{""status"":""not_applicable"",""value"":null}","{""status"":""present"",""value"":{""course_deg"":209.8,""type"":""course_deg""}}"
A1,Q5_hold_other,KANB_R05,leg_3.Q5_hold_params,False,target_not_present_but_pred_present,exact_status_value,"{""status"":""present"",""value"":{""inbound_course_deg"":null,""leg_distance_nm"":null,""leg_time_min"":1.0,""turn"":""RIGHT""}}","{""status"":""not_applicable"",""value"":null}"
A1,Q4_angle,KANB_R05,leg_4.Q4_course_or_radial,False,missing_leg_or_field,degree_display_rounding,null,"{""status"":""present"",""value"":{""course_deg"":299.7,""type"":""course_deg""}}"
A1,Q4_not_applicable,KANB_R05,leg_5.Q4_course_or_radial,False,missing_leg_or_field,exact_status_value,null,"{""status"":""not_applicable"",""value"":null}"
A1,Q5_hold_inbound_course,KANB_R05,leg_5.Q5_hold_params,False,missing_leg_or_field,degree_display_rounding,null,"{""status"":""present"",""value"":{""inbound_course_deg"":52.3,""leg_distance_nm"":4.0,""leg_time_min"":null,""turn"":""LEFT""}}"
A1,Q4_angle,KANB_R23,leg_1.Q4_course_or_radial,False,status_not_applicable,degree_display_rounding,"{""status"":""not_applicable"",""value"":null}","{""status"":""present"",""value"":{""course_deg"":232.5,""type"":""course_deg""}}"
A1,Q5_hold_other,KANB_R23,leg_1.Q5_hold_params,False,target_not_present_but_pred_present,exact_status_value,"{""status"":""present"",""value"":{""inbound_course_deg"":null,""leg_distance_nm"":null,""leg_time_min"":1.0,""turn"":""RIGHT""}}","{""status"":""not_applicable"",""value"":null}"
A1,Q4_direct,KANB_R23,leg_2.Q4_course_or_radial,False,missing_leg_or_field,exact_status_value,null,"{""status"":""present"",""value"":{""type"":""direct""}}"
A1,Q4_not_applicable,KANB_R23,leg_3.Q4_course_or_radial,False,missing_leg_or_field,exact_status_value,null,"{""status"":""not_applicable"",""value"":null}"
A1,Q5_hold_inbound_course,KANB_R23,leg_3.Q5_hold_params,False,missing_leg_or_field,degree_display_rounding,null,"{""status"":""present"",""value"":{""inbound_course_deg"":52.3,""leg_distance_nm"":4.0,""leg_time_min"":null,""turn"":""LEFT""}}"
A1,Q4_angle,KANJ_R14,leg_1.Q4_course_or_radial,False,status_unknown,degree_display_rounding,"{""status"":""unknown"",""value"":null}","{""status"":""present"",""value"":{""course_deg"":142.8,""type"":""course_deg""}}"
A1,Q4_direct,KANJ_R14,leg_2.Q4_course_or_radial,False,status_not_applicable,exact_status_value,"{""status"":""not_applicable"",""value"":null}","{""status"":""present"",""value"":{""type"":""direct""}}"
A1,Q5_hold_other,KANJ_R14,leg_2.Q5_hold_params,False,target_not_present_but_pred_present,exact_status_value,"{""status"":""present"",""value"":{""inbound_course_deg"":null,""leg_distance_nm"":null,""leg_time_min"":1.0,""turn"":""RIGHT""}}","{""status"":""not_applicable"",""value"":null}"
A1,Q4_angle,KANJ_R14,leg_3.Q4_course_or_radial,False,missing_leg_or_field,degree_display_rounding,null,"{""status"":""present"",""value"":{""course_deg"":146.7,""type"":""course_deg""}}"
A1,Q4_not_applicable,KANJ_R14,leg_4.Q4_course_or_radial,False,missing_leg_or_field,exact_status_value,null,"{""status"":""not_applicable"",""value"":null}"
A1,Q5_hold_inbound_course,KANJ_R14,leg_4.Q5_hold_params,False,missing_leg_or_field,degree_display_rounding,null,"{""status"":""present"",""value"":{""inbound_course_deg"":129.3,""leg_distance_nm"":4.0,""leg_time_min"":null,""turn"":""RIGHT""}}"
A1,Q4_angle,KANJ_R32,leg_1.Q4_course_or_radial,False,status_unknown,degree_display_rounding,"{""status"":""unknown"",""value"":null}","{""status"":""present"",""value"":{""course_deg"":322.9,""type"":""course_deg""}}"
A1,Q4_direct,KANJ_R32,leg_2.Q4_course_or_radial,True,correct,exact_status_value,"{""status"":""present"",""value"":{""type"":""direct""}}","{""status"":""present"",""value"":{""type"":""direct""}}"
A1,Q4_not_applicable,KANJ_R32,leg_3.Q4_course_or_radial,True,correct,exact_status_value,"{""status"":""not_applicable"",""value"":null}","{""status"":""not_applicable"",""value"":null}"
A1,Q5_hold_inbound_course,KANJ_R32,leg_3.Q5_hold_params,False,missing_inbound_course_deg,degree_display_rounding,"{""status"":""present"",""value"":{""inbound_course_deg"":null,""leg_distance_nm"":null,""leg_time_min"":1.0,""turn"":""RIGHT""}}","{""status"":""present"",""value"":{""inbound_course_deg"":142.7,""leg_distance_nm"":4.0,""leg_time_min"":null,""turn"":""RIGHT""}}"
A1,Q4_angle,KANP_RNV-A,leg_1.Q4_course_or_radial,False,status_not_applicable,degree_display_rounding,"{""status"":""not_applicable"",""value"":null}","{""status"":""present"",""value"":{""course_deg"":297.6,""type"":""course_deg""}}"
A1,Q5_hold_other,KANP_RNV-A,leg_1.Q5_hold_params,False,target_not_present_but_pred_present,exact_status_value,"{""status"":""present"",""value"":{""inbound_course_deg"":null,""leg_distance_nm"":null,""leg_time_min"":1.0,""turn"":""RIGHT""}}","{""status"":""not_applicable"",""value"":null}"
A1,Q4_direct,KANP_RNV-A,leg_2.Q4_course_or_radial,False,status_not_applicable,exact_status_value,"{""status"":""not_applicable"",""value"":null}","{""status"":""present"",""value"":{""type"":""direct""}}"
A1,Q5_hold_other,KANP_RNV-A,leg_2.Q5_hold_params,False,target_not_present_but_pred_present,exact_status_value,"{""status"":""present"",""value"":{""inbound_course_deg"":null,""leg_distance_nm"":25.0,""leg_time_min"":null,""turn"":""RIGHT""}}","{""status"":""not_applicable"",""value"":null}"
A1,Q4_not_applicable,KANP_RNV-A,leg_3.Q4_course_or_radial,False,missing_leg_or_field,exact_status_value,null,"{""status"":""not_applicable"",""value"":null}"
A1,Q5_hold_inbound_course,KANP_RNV-A,leg_3.Q5_hold_params,False,missing_leg_or_field,degree_display_rounding,null,"{""status"":""present"",""value"":{""inbound_course_deg"":297.7,""leg_distance_nm"":4.0,""leg_time_min"":null,""turn"":""LEFT""}}"
A1,Q4_angle,KANQ_R05,leg_1.Q4_course_or_radial,False,type_mismatch:direct->course_deg,degree_display_rounding,"{""status"":""present"",""value"":{""type"":""direct""}}","{""status"":""present"",""value"":{""course_deg"":52.0,""type"":""course_deg""}}"
A1,Q4_direct,KANQ_R05,leg_2.Q4_course_or_radial,False,status_not_applicable,exact_status_value,"{""status"":""not_applicable"",""value"":null}","{""status"":""present"",""value"":{""type"":""direct""}}"
A1,Q5_hold_other,KANQ_R05,leg_2.Q5_hold_params,False,target_not_present_but_pred_present,exact_status_value,"{""status"":""present"",""value"":{""inbound_course_deg"":null,""leg_distance_nm"":null,""leg_time_min"":1.0,""turn"":""RIGHT""}}","{""status"":""not_applicable"",""value"":null}"
A1,Q4_not_applicable,KANQ_R05,leg_3.Q4_course_or_radial,False,missing_leg_or_field,exact_status_value,null,"{""status"":""not_applicable"",""value"":null}"
A1,Q5_hold_inbound_course,KANQ_R05,leg_3.Q5_hold_params,False,missing_leg_or_field,degree_display_rounding,null,"{""status"":""present"",""value"":{""inbound_course_deg"":232.2,""leg_distance_nm"":4.0,""leg_time_min"":null,""turn"":""RIGHT""}}"
A1,Q4_angle,KANQ_R23,leg_1.Q4_course_or_radial,False,status_unknown,degree_display_rounding,"{""status"":""unknown"",""value"":null}","{""status"":""present"",""value"":{""course_deg"":232.1,""type"":""course_deg""}}"
A1,Q4_direct,KANQ_R23,leg_2.Q4_course_or_radial,False,status_not_applicable,exact_status_value,"{""status"":""not_applicable"",""value"":null}","{""status"":""present"",""value"":{""type"":""direct""}}"
A1,Q5_hold_other,KANQ_R23,leg_2.Q5_hold_params,False,target_not_present_but_pred_present,exact_status_value,"{""status"":""present"",""value"":{""inbound_course_deg"":null,""leg_distance_nm"":null,""leg_time_min"":1.0,""turn"":""RIGHT""}}","{""status"":""not_applicable"",""value"":null}"
A1,Q4_not_applicable,KANQ_R23,leg_3.Q4_course_or_radial,True,correct,exact_status_value,"{""status"":""not_applicable"",""value"":null}","{""status"":""not_applicable"",""value"":null}"
A1,Q5_hold_inbound_course,KANQ_R23,leg_3.Q5_hold_params,False,missing_inbound_course_deg,degree_display_rounding,"{""status"":""present"",""value"":{""inbound_course_deg"":null,""leg_distance_nm"":4.0,""leg_time_min"":null,""turn"":""RIGHT""}}","{""status"":""present"",""value"":{""inbound_course_deg"":51.9,""leg_distance_nm"":4.0,""leg_time_min"":null,""turn"":""RIGHT""}}"
A1,Q4_angle,KANW_R13,leg_1.Q4_course_or_radial,False,type_mismatch:direct->course_deg,degree_display_rounding,"{""status"":""present"",""value"":{""type"":""direct""}}","{""status"":""present"",""value"":{""course_deg"":128.3,""type"":""course_deg""}}"
A1,Q4_direct,KANW_R13,leg_2.Q4_course_or_radial,False,status_not_applicable,exact_status_value,"{""status"":""not_applicable"",""value"":null}","{""status"":""present"",""value"":{""type"":""direct""}}"
A1,Q5_hold_other,KANW_R13,leg_2.Q5_hold_params,False,target_not_present_but_pred_present,exact_status_value,"{""status"":""present"",""value"":{""inbound_course_deg"":null,""leg_distance_nm"":null,""leg_time_min"":1.0,""turn"":""RIGHT""}}","{""status"":""not_applicable"",""value"":null}"
A1,Q4_not_applicable,KANW_R13,leg_3.Q4_course_or_radial,True,correct,exact_status_value,"{""status"":""not_applicable"",""value"":null}","{""status"":""not_applicable"",""value"":null}"
A1,Q5_hold_inbound_course,KANW_R13,leg_3.Q5_hold_params,False,missing_inbound_course_deg,degree_display_rounding,"{""status"":""present"",""value"":{""inbound_course_deg"":null,""leg_distance_nm"":5.0,""leg_time_min"":null,""turn"":""RIGHT""}}","{""status"":""present"",""value"":{""inbound_course_deg"":308.5,""leg_distance_nm"":5.0,""leg_time_min"":null,""turn"":""RIGHT""}}"
A1,Q4_angle,KANW_R17,leg_1.Q4_course_or_radial,False,status_unknown,degree_display_rounding,"{""status"":""unknown"",""value"":null}","{""status"":""present"",""value"":{""course_deg"":173.3,""type"":""course_deg""}}"
A1,Q4_direct,KANW_R17,leg_2.Q4_course_or_radial,False,status_not_applicable,exact_status_value,"{""status"":""not_applicable"",""value"":null}","{""status"":""present"",""value"":{""type"":""direct""}}"
A1,Q5_hold_other,KANW_R17,leg_2.Q5_hold_params,False,target_not_present_but_pred_present,exact_status_value,"{""status"":""present"",""value"":{""inbound_course_deg"":null,""leg_distance_nm"":null,""leg_time_min"":1.0,""turn"":""RIGHT""}}","{""status"":""not_applicable"",""value"":null}"
A1,Q4_not_applicable,KANW_R17,leg_3.Q4_course_or_radial,True,correct,exact_status_value,"{""status"":""not_applicable"",""value"":null}","{""status"":""not_applicable"",""value"":null}"
A1,Q5_hold_inbound_course,KANW_R17,leg_3.Q5_hold_params,False,missing_inbound_course_deg,degree_display_rounding,"{""status"":""present"",""value"":{""inbound_course_deg"":null,""leg_distance_nm"":5.0,""leg_time_min"":null,""turn"":""RIGHT""}}","{""status"":""present"",""value"":{""inbound_course_deg"":353.3,""leg_distance_nm"":5.0,""leg_time_min"":null,""turn"":""RIGHT""}}"
A1,Q4_angle,KANW_R31,leg_1.Q4_course_or_radial,False,status_not_applicable,degree_display_rounding,"{""status"":""not_applicable"",""value"":null}","{""status"":""present"",""value"":{""course_deg"":308.4,""type"":""course_deg""}}"
A1,Q5_hold_other,KANW_R31,leg_1.Q5_hold_params,False,target_not_present_but_pred_present,exact_status_value,"{""status"":""present"",""value"":{""inbound_course_deg"":null,""leg_distance_nm"":null,""leg_time_min"":1.0,""turn"":""RIGHT""}}","{""status"":""not_applicable"",""value"":null}"
A1,Q4_direct,KANW_R31,leg_2.Q4_course_or_radial,False,status_not_applicable,exact_status_value,"{""status"":""not_applicable"",""value"":null}","{""status"":""present"",""value"":{""type"":""direct""}}"
A1,Q5_hold_other,KANW_R31,leg_2.Q5_hold_params,False,target_not_present_but_pred_present,exact_status_value,"{""status"":""present"",""value"":{""inbound_course_deg"":null,""leg_distance_nm"":5.0,""leg_time_min"":null,""turn"":""RIGHT""}}","{""status"":""not_applicable"",""value"":null}"
A1,Q4_not_applicable,KANW_R31,leg_3.Q4_course_or_radial,False,missing_leg_or_field,exact_status_value,null,"{""status"":""not_applicable"",""value"":null}"
A1,Q5_hold_inbound_course,KANW_R31,leg_3.Q5_hold_params,False,missing_leg_or_field,degree_display_rounding,null,"{""status"":""present"",""value"":{""inbound_course_deg"":128.2,""leg_distance_nm"":5.0,""leg_time_min"":null,""turn"":""RIGHT""}}"
A1,Q4_angle,KAOO_R03-Z,leg_1.Q4_course_or_radial,False,type_mismatch:direct->course_deg,degree_display_rounding,"{""status"":""present"",""value"":{""type"":""direct""}}","{""status"":""present"",""value"":{""course_deg"":26.0,""type"":""course_deg""}}"
A1,Q4_direct,KAOO_R03-Z,leg_2.Q4_course_or_radial,False,status_not_applicable,exact_status_value,"{""status"":""not_applicable"",""value"":null}","{""status"":""present"",""value"":{""type"":""direct""}}"
A1,Q5_hold_other,KAOO_R03-Z,leg_2.Q5_hold_params,False,target_not_present_but_pred_present,exact_status_value,"{""status"":""present"",""value"":{""inbound_course_deg"":null,""leg_distance_nm"":null,""leg_time_min"":1.0,""turn"":""RIGHT""}}","{""status"":""not_applicable"",""value"":null}"
A1,Q4_not_applicable,KAOO_R03-Z,leg_3.Q4_course_or_radial,False,missing_leg_or_field,exact_status_value,null,"{""status"":""not_applicable"",""value"":null}"
A1,Q4_not_applicable,KAOO_R03-Z,leg_4.Q4_course_or_radial,False,missing_leg_or_field,exact_status_value,null,"{""status"":""not_applicable"",""value"":null}"
A1,Q5_hold_inbound_course,KAOO_R03-Z,leg_4.Q5_hold_params,False,missing_leg_or_field,degree_display_rounding,null,"{""status"":""present"",""value"":{""inbound_course_deg"":220.1,""leg_distance_nm"":4.0,""leg_time_min"":null,""turn"":""RIGHT""}}"
A1,Q4_angle,KAOO_R21,leg_1.Q4_course_or_radial,False,status_unknown,degree_display_rounding,"{""status"":""unknown"",""value"":null}","{""status"":""present"",""value"":{""course_deg"":206.0,""type"":""course_deg""}}"
A1,Q4_direct,KAOO_R21,leg_2.Q4_course_or_radial,True,correct,exact_status_value,"{""status"":""present"",""value"":{""type"":""direct""}}","{""status"":""present"",""value"":{""type"":""direct""}}"
A1,Q4_not_applicable,KAOO_R21,leg_3.Q4_course_or_radial,True,correct,exact_status_value,"{""status"":""not_applicable"",""value"":null}","{""status"":""not_applicable"",""value"":null}"
A1,Q5_hold_other,KAOO_R21,leg_3.Q5_hold_params,False,target_not_present_but_pred_present,exact_status_value,"{""status"":""present"",""value"":{""inbound_course_deg"":null,""leg_distance_nm"":null,""leg_time_min"":1.0,""turn"":""RIGHT""}}","{""status"":""not_applicable"",""value"":null}"
A1,Q4_not_applicable,KAOO_R21,leg_4.Q4_course_or_radial,True,correct,exact_status_value,"{""status"":""not_applicable"",""value"":null}","{""status"":""not_applicable"",""value"":null}"
A1,Q5_hold_inbound_course,KAOO_R21,leg_4.Q5_hold_params,False,missing_inbound_course_deg,degree_display_rounding,"{""status"":""present"",""value"":{""inbound_course_deg"":null,""leg_distance_nm"":null,""leg_time_min"":1.0,""turn"":""RIGHT""}}","{""status"":""present"",""value"":{""inbound_course_deg"":40.9,""leg_distance_nm"":4.0,""leg_time_min"":null,""turn"":""RIGHT""}}"
A1,Q4_angle,KAOV_R13,leg_1.Q4_course_or_radial,False,status_not_applicable,degree_display_rounding,"{""status"":""not_applicable"",""value"":null}","{""status"":""present"",""value"":{""course_deg"":135.3,""type"":""course_deg""}}"
A1,Q5_hold_other,KAOV_R13,leg_1.Q5_hold_params,False,target_not_present_but_pred_present,exact_status_value,"{""status"":""present"",""value"":{""inbound_course_deg"":null,""leg_distance_nm"":null,""leg_time_min"":1.0,""turn"":""RIGHT""}}","{""status"":""not_applicable"",""value"":null}"
A1,Q4_direct,KAOV_R13,leg_2.Q4_course_or_radial,False,missing_leg_or_field,exact_status_value,null,"{""status"":""present"",""value"":{""type"":""direct""}}"
A1,Q4_not_applicable,KAOV_R13,leg_3.Q4_course_or_radial,False,missing_leg_or_field,exact_status_value,null,"{""status"":""not_applicable"",""value"":null}"
A1,Q5_hold_inbound_course,KAOV_R13,leg_3.Q5_hold_params,False,missing_leg_or_field,degree_display_rounding,null,"{""status"":""present"",""value"":{""inbound_course_deg"":315.4,""leg_distance_nm"":5.0,""leg_time_min"":null,""turn"":""RIGHT""}}"
A1,Q4_angle,KAOV_R31,leg_1.Q4_course_or_radial,False,status_not_applicable,degree_display_rounding,"{""status"":""not_applicable"",""value"":null}","{""status"":""present"",""value"":{""course_deg"":315.4,""type"":""course_deg""}}"
A1,Q5_hold_other,KAOV_R31,leg_1.Q5_hold_params,False,target_not_present_but_pred_present,exact_status_value,"{""status"":""present"",""value"":{""inbound_course_deg"":null,""leg_distance_nm"":null,""leg_time_min"":1.0,""turn"":""RIGHT""}}","{""status"":""not_applicable"",""value"":null}"
A1,Q4_direct,KAOV_R31,leg_2.Q4_course_or_radial,False,missing_leg_or_field,exact_status_value,null,"{""status"":""present"",""value"":{""type"":""direct""}}"
A1,Q4_not_applicable,KAOV_R31,leg_3.Q4_course_or_radial,False,missing_leg_or_field,exact_status_value,null,"{""status"":""not_applicable"",""value"":null}"
A1,Q5_hold_inbound_course,KAOV_R31,leg_3.Q5_hold_params,False,missing_leg_or_field,degree_display_rounding,null,"{""status"":""present"",""value"":{""inbound_course_deg"":135.3,""leg_distance_nm"":5.0,""leg_time_min"":null,""turn"":""RIGHT""}}"
A1,Q4_angle,KAPC_I01L,leg_1.Q4_course_or_radial,False,status_unknown,degree_display_rounding,"{""status"":""unknown"",""value"":null}","{""status"":""present"",""value"":{""course_deg"":5.7,""type"":""course_deg""}}"
A1,Q4_direct,KAPC_I01L,leg_2.Q4_course_or_radial,True,correct,exact_status_value,"{""status"":""present"",""value"":{""type"":""direct""}}","{""status"":""present"",""value"":{""type"":""direct""}}"
A1,Q4_not_applicable,KAPC_I01L,leg_3.Q4_course_or_radial,False,status_unknown,exact_status_value,"{""status"":""unknown"",""value"":null}","{""status"":""not_applicable"",""value"":null}"
A1,Q4_not_applicable,KAPC_I01L,leg_4.Q4_course_or_radial,True,correct,exact_status_value,"{""status"":""not_applicable"",""value"":null}","{""status"":""not_applicable"",""value"":null}"
A1,Q5_hold_inbound_course,KAPC_I01L,leg_4.Q5_hold_params,False,missing_inbound_course_deg,exact_status_value,"{""status"":""present"",""value"":{""inbound_course_deg"":null,""leg_distance_nm"":null,""leg_time_min"":1.0,""turn"":""RIGHT""}}","{""status"":""present"",""value"":{""inbound_course_deg"":230.0,""leg_distance_nm"":null,""leg_time_min"":1.0,""turn"":""RIGHT""}}"
A1,Q4_angle,KAPC_R01LY,leg_1.Q4_course_or_radial,False,status_unknown,degree_display_rounding,"{""status"":""unknown"",""value"":null}","{""status"":""present"",""value"":{""course_deg"":5.7,""type"":""course_deg""}}"
A1,Q4_direct,KAPC_R01LY,leg_2.Q4_course_or_radial,False,status_not_applicable,exact_status_value,"{""status"":""not_applicable"",""value"":null}","{""status"":""present"",""value"":{""type"":""direct""}}"
A1,Q5_hold_other,KAPC_R01LY,leg_2.Q5_hold_params,False,target_not_present_but_pred_present,exact_status_value,"{""status"":""present"",""value"":{""inbound_course_deg"":null,""leg_distance_nm"":null,""leg_time_min"":1.0,""turn"":""RIGHT""}}","{""status"":""not_applicable"",""value"":null}"
A1,Q4_not_applicable,KAPC_R01LY,leg_3.Q4_course_or_radial,False,missing_leg_or_field,exact_status_value,null,"{""status"":""not_applicable"",""value"":null}"
A1,Q4_not_applicable,KAPC_R01LY,leg_4.Q4_course_or_radial,False,missing_leg_or_field,exact_status_value,null,"{""status"":""not_applicable"",""value"":null}"
A1,Q5_hold_inbound_course,KAPC_R01LY,leg_4.Q5_hold_params,False,missing_leg_or_field,degree_display_rounding,null,"{""status"":""present"",""value"":{""inbound_course_deg"":330.4,""leg_distance_nm"":5.0,""leg_time_min"":null,""turn"":""RIGHT""}}"
A1,Q4_angle,KAPC_R01LZ,leg_1.Q4_course_or_radial,False,status_unknown,degree_display_rounding,"{""status"":""unknown"",""value"":null}","{""status"":""present"",""value"":{""course_deg"":5.7,""type"":""course_deg""}}"
A1,Q4_direct,KAPC_R01LZ,leg_2.Q4_course_or_radial,False,status_not_applicable,exact_status_value,"{""status"":""not_applicable"",""value"":null}","{""status"":""present"",""value"":{""type"":""direct""}}"
A1,Q5_hold_other,KAPC_R01LZ,leg_2.Q5_hold_params,False,target_not_present_but_pred_present,exact_status_value,"{""status"":""present"",""value"":{""inbound_course_deg"":null,""leg_distance_nm"":null,""leg_time_min"":1.0,""turn"":""RIGHT""}}","{""status"":""not_applicable"",""value"":null}"
A1,Q4_not_applicable,KAPC_R01LZ,leg_3.Q4_course_or_radial,False,missing_leg_or_field,exact_status_value,null,"{""status"":""not_applicable"",""value"":null}"
A1,Q4_not_applicable,KAPC_R01LZ,leg_4.Q4_course_or_radial,False,missing_leg_or_field,exact_status_value,null,"{""status"":""not_applicable"",""value"":null}"
A1,Q5_hold_inbound_course,KAPC_R01LZ,leg_4.Q5_hold_params,False,missing_leg_or_field,degree_display_rounding,null,"{""status"":""present"",""value"":{""inbound_course_deg"":330.4,""leg_distance_nm"":5.0,""leg_time_min"":null,""turn"":""RIGHT""}}"
A1,Q4_angle,KAPF_R05-Y,leg_1.Q4_course_or_radial,False,status_unknown,degree_display_rounding,"{""status"":""unknown"",""value"":null}","{""status"":""present"",""value"":{""course_deg"":47.2,""type"":""course_deg""}}"
A1,Q4_direct,KAPF_R05-Y,leg_2.Q4_course_or_radial,False,status_not_applicable,exact_status_value,"{""status"":""not_applicable"",""value"":null}","{""status"":""present"",""value"":{""type"":""direct""}}"
A1,Q5_hold_other,KAPF_R05-Y,leg_2.Q5_hold_params,False,target_not_present_but_pred_present,exact_status_value,"{""status"":""present"",""value"":{""inbound_course_deg"":null,""leg_distance_nm"":null,""leg_time_min"":1.0,""turn"":""RIGHT""}}","{""status"":""not_applicable"",""value"":null}"
A1,Q4_not_applicable,KAPF_R05-Y,leg_3.Q4_course_or_radial,True,correct,exact_status_value,"{""status"":""not_applicable"",""value"":null}","{""status"":""not_applicable"",""value"":null}"
A1,Q5_hold_inbound_course,KAPF_R05-Y,leg_3.Q5_hold_params,False,missing_inbound_course_deg,exact_status_value,"{""status"":""present"",""value"":{""inbound_course_deg"":null,""leg_distance_nm"":4.0,""leg_time_min"":null,""turn"":""RIGHT""}}","{""status"":""present"",""value"":{""inbound_course_deg"":8.0,""leg_distance_nm"":4.0,""leg_time_min"":null,""turn"":""RIGHT""}}"
A1,Q4_angle,KAPF_R14,leg_1.Q4_course_or_radial,False,status_unknown,degree_display_rounding,"{""status"":""unknown"",""value"":null}","{""status"":""present"",""value"":{""course_deg"":137.2,""type"":""course_deg""}}"
A1,Q4_direct,KAPF_R14,leg_2.Q4_course_or_radial,False,status_not_applicable,exact_status_value,"{""status"":""not_applicable"",""value"":null}","{""status"":""present"",""value"":{""type"":""direct""}}"
A1,Q5_hold_other,KAPF_R14,leg_2.Q5_hold_params,False,target_not_present_but_pred_present,exact_status_value,"{""status"":""present"",""value"":{""inbound_course_deg"":null,""leg_distance_nm"":null,""leg_time_min"":1.0,""turn"":""LEFT""}}","{""status"":""not_applicable"",""value"":null}"
A1,Q4_not_applicable,KAPF_R14,leg_3.Q4_course_or_radial,True,correct,exact_status_value,"{""status"":""not_applicable"",""value"":null}","{""status"":""not_applicable"",""value"":null}"
A1,Q5_hold_inbound_course,KAPF_R14,leg_3.Q5_hold_params,False,missing_inbound_course_deg,exact_status_value,"{""status"":""present"",""value"":{""inbound_course_deg"":null,""leg_distance_nm"":6.0,""leg_time_min"":null,""turn"":""RIGHT""}}","{""status"":""present"",""value"":{""inbound_course_deg"":8.0,""leg_distance_nm"":4.0,""leg_time_min"":null,""turn"":""RIGHT""}}"
A1,Q4_angle,KAPF_R23-Y,leg_1.Q4_course_or_radial,False,status_unknown,degree_display_rounding,"{""status"":""unknown"",""value"":null}","{""status"":""present"",""value"":{""course_deg"":227.3,""type"":""course_deg""}}"
A1,Q4_direct,KAPF_R23-Y,leg_2.Q4_course_or_radial,False,status_not_applicable,exact_status_value,"{""status"":""not_applicable"",""value"":null}","{""status"":""present"",""value"":{""type"":""direct""}}"
A1,Q5_hold_other,KAPF_R23-Y,leg_2.Q5_hold_params,False,target_not_present_but_pred_present,exact_status_value,"{""status"":""present"",""value"":{""inbound_course_deg"":null,""leg_distance_nm"":null,""leg_time_min"":1.0,""turn"":""RIGHT""}}","{""status"":""not_applicable"",""value"":null}"
A1,Q4_not_applicable,KAPF_R23-Y,leg_3.Q4_course_or_radial,True,correct,exact_status_value,"{""status"":""not_applicable"",""value"":null}","{""status"":""not_applicable"",""value"":null}"
A1,Q5_hold_inbound_course,KAPF_R23-Y,leg_3.Q5_hold_params,False,missing_inbound_course_deg,degree_display_rounding,"{""status"":""present"",""value"":{""inbound_course_deg"":null,""leg_distance_nm"":null,""leg_time_min"":1.0,""turn"":""RIGHT""}}","{""status"":""present"",""value"":{""inbound_course_deg"":47.2,""leg_distance_nm"":4.0,""leg_time_min"":null,""turn"":""RIGHT""}}"
A1,Q4_angle,KAPT_R04,leg_1.Q4_course_or_radial,False,status_unknown,degree_display_rounding,"{""status"":""unknown"",""value"":null}","{""status"":""present"",""value"":{""course_deg"":25.0,""type"":""course_deg""}}"
A1,Q4_direct,KAPT_R04,leg_2.Q4_course_or_radial,False,status_not_applicable,exact_status_value,"{""status"":""not_applicable"",""value"":null}","{""status"":""present"",""value"":{""type"":""direct""}}"
A1,Q5_hold_other,KAPT_R04,leg_2.Q5_hold_params,False,target_not_present_but_pred_present,exact_status_value,"{""status"":""present"",""value"":{""inbound_course_deg"":null,""leg_distance_nm"":null,""leg_time_min"":1.0,""turn"":""RIGHT""}}","{""status"":""not_applicable"",""value"":null}"
A1,Q4_not_applicable,KAPT_R04,leg_3.Q4_course_or_radial,False,status_unknown,exact_status_value,"{""status"":""unknown"",""value"":null}","{""status"":""not_applicable"",""value"":null}"
A1,Q4_not_applicable,KAPT_R04,leg_4.Q4_course_or_radial,False,missing_leg_or_field,exact_status_value,null,"{""status"":""not_applicable"",""value"":null}"
A1,Q5_hold_inbound_course,KAPT_R04,leg_4.Q5_hold_params,False,missing_leg_or_field,degree_display_rounding,null,"{""status"":""present"",""value"":{""inbound_course_deg"":24.3,""leg_distance_nm"":5.0,""leg_time_min"":null,""turn"":""RIGHT""}}"
A1,Q4_angle,KAQO_R17,leg_1.Q4_course_or_radial,False,status_unknown,degree_display_rounding,"{""status"":""unknown"",""value"":null}","{""status"":""present"",""value"":{""course_deg"":174.2,""type"":""course_deg""}}"
A1,Q4_direct,KAQO_R17,leg_2.Q4_course_or_radial,False,status_not_applicable,exact_status_value,"{""status"":""not_applicable"",""value"":null}","{""status"":""present"",""value"":{""type"":""direct""}}"
A1,Q5_hold_other,KAQO_R17,leg_2.Q5_hold_params,False,target_not_present_but_pred_present,exact_status_value,"{""status"":""present"",""value"":{""inbound_course_deg"":null,""leg_distance_nm"":null,""leg_time_min"":1.0,""turn"":""RIGHT""}}","{""status"":""not_applicable"",""value"":null}"
A1,Q4_not_applicable,KAQO_R17,leg_3.Q4_course_or_radial,True,correct,exact_status_value,"{""status"":""not_applicable"",""value"":null}","{""status"":""not_applicable"",""value"":null}"
A1,Q5_hold_inbound_course,KAQO_R17,leg_3.Q5_hold_params,False,missing_inbound_course_deg,degree_display_rounding,"{""status"":""present"",""value"":{""inbound_course_deg"":null,""leg_distance_nm"":null,""leg_time_min"":1.0,""turn"":""RIGHT""}}","{""status"":""present"",""value"":{""inbound_course_deg"":354.2,""leg_distance_nm"":4.0,""leg_time_min"":null,""turn"":""RIGHT""}}"
A1,Q4_angle,KAQO_R35,leg_1.Q4_course_or_radial,False,status_unknown,degree_display_rounding,"{""status"":""unknown"",""value"":null}","{""status"":""present"",""value"":{""course_deg"":354.2,""type"":""course_deg""}}"
A1,Q4_direct,KAQO_R35,leg_2.Q4_course_or_radial,False,status_not_applicable,exact_status_value,"{""status"":""not_applicable"",""value"":null}","{""status"":""present"",""value"":{""type"":""direct""}}"
A1,Q5_hold_other,KAQO_R35,leg_2.Q5_hold_params,False,target_not_present_but_pred_present,exact_status_value,"{""status"":""present"",""value"":{""inbound_course_deg"":null,""leg_distance_nm"":null,""leg_time_min"":1.0,""turn"":""RIGHT""}}","{""status"":""not_applicable"",""value"":null}"
A1,Q4_not_applicable,KAQO_R35,leg_3.Q4_course_or_radial,False,missing_leg_or_field,exact_status_value,null,"{""status"":""not_applicable"",""value"":null}"
A1,Q5_hold_inbound_course,KAQO_R35,leg_3.Q5_hold_params,False,missing_leg_or_field,degree_display_rounding,null,"{""status"":""present"",""value"":{""inbound_course_deg"":174.2,""leg_distance_nm"":4.0,""leg_time_min"":null,""turn"":""RIGHT""}}"
A1,Q4_angle,KAQW_RNV-A,leg_1.Q4_course_or_radial,False,status_not_applicable,degree_display_rounding,"{""status"":""not_applicable"",""value"":null}","{""status"":""present"",""value"":{""course_deg"":65.7,""type"":""course_deg""}}"
A1,Q5_hold_other,KAQW_RNV-A,leg_1.Q5_hold_params,False,target_not_present_but_pred_present,exact_status_value,"{""status"":""present"",""value"":{""inbound_course_deg"":null,""leg_distance_nm"":null,""leg_time_min"":1.0,""turn"":""RIGHT""}}","{""status"":""not_applicable"",""value"":null}"
A1,Q4_direct,KAQW_RNV-A,leg_2.Q4_course_or_radial,False,status_not_applicable,exact_status_value,"{""status"":""not_applicable"",""value"":null}","{""status"":""present"",""value"":{""type"":""direct""}}"
A1,Q5_hold_other,KAQW_RNV-A,leg_2.Q5_hold_params,False,target_not_present_but_pred_present,exact_status_value,"{""status"":""present"",""value"":{""inbound_course_deg"":null,""leg_distance_nm"":null,""leg_time_min"":1.0,""turn"":""RIGHT""}}","{""status"":""not_applicable"",""value"":null}"
A1,Q4_not_applicable,KAQW_RNV-A,leg_3.Q4_course_or_radial,True,correct,exact_status_value,"{""status"":""not_applicable"",""value"":null}","{""status"":""not_applicable"",""value"":null}"
A1,Q5_hold_inbound_course,KAQW_RNV-A,leg_3.Q5_hold_params,False,missing_inbound_course_deg,exact_status_value,"{""status"":""present"",""value"":{""inbound_course_deg"":null,""leg_distance_nm"":5.0,""leg_time_min"":null,""turn"":""RIGHT""}}","{""status"":""present"",""value"":{""inbound_course_deg"":97.0,""leg_distance_nm"":5.0,""leg_time_min"":null,""turn"":""LEFT""}}"
A1,Q4_angle,KAQW_RNV-B,leg_1.Q4_course_or_radial,False,status_not_applicable,degree_display_rounding,"{""status"":""not_applicable"",""value"":null}","{""status"":""present"",""value"":{""course_deg"":298.6,""type"":""course_deg""}}"
A1,Q5_hold_other,KAQW_RNV-B,leg_1.Q5_hold_params,False,target_not_present_but_pred_present,exact_status_value,"{""status"":""present"",""value"":{""inbound_course_deg"":null,""leg_distance_nm"":null,""leg_time_min"":1.0,""turn"":""RIGHT""}}","{""status"":""not_applicable"",""value"":null}"
A1,Q4_direct,KAQW_RNV-B,leg_2.Q4_course_or_radial,False,status_not_applicable,exact_status_value,"{""status"":""not_applicable"",""value"":null}","{""status"":""present"",""value"":{""type"":""direct""}}"
A1,Q5_hold_other,KAQW_RNV-B,leg_2.Q5_hold_params,False,target_not_present_but_pred_present,exact_status_value,"{""status"":""present"",""value"":{""inbound_course_deg"":null,""leg_distance_nm"":5.0,""leg_time_min"":null,""turn"":""RIGHT""}}","{""status"":""not_applicable"",""value"":null}"
A1,Q4_not_applicable,KAQW_RNV-B,leg_3.Q4_course_or_radial,True,correct,exact_status_value,"{""status"":""not_applicable"",""value"":null}","{""status"":""not_applicable"",""value"":null}"
A1,Q5_hold_inbound_course,KAQW_RNV-B,leg_3.Q5_hold_params,False,missing_inbound_course_deg,degree_display_rounding,"{""status"":""present"",""value"":{""inbound_course_deg"":null,""leg_distance_nm"":4.0,""leg_time_min"":null,""turn"":""RIGHT""}}","{""status"":""present"",""value"":{""inbound_course_deg"":65.6,""leg_distance_nm"":5.0,""leg_time_min"":null,""turn"":""RIGHT""}}"
A1,Q4_angle,KAQX_R17,leg_1.Q4_course_or_radial,False,status_unknown,degree_display_rounding,"{""status"":""unknown"",""value"":null}","{""status"":""present"",""value"":{""course_deg"":168.1,""type"":""course_deg""}}"
A1,Q4_direct,KAQX_R17,leg_2.Q4_course_or_radial,False,status_not_applicable,exact_status_value,"{""status"":""not_applicable"",""value"":null}","{""status"":""present"",""value"":{""type"":""direct""}}"
A1,Q5_hold_other,KAQX_R17,leg_2.Q5_hold_params,False,target_not_present_but_pred_present,exact_status_value,"{""status"":""present"",""value"":{""inbound_course_deg"":null,""leg_distance_nm"":null,""leg_time_min"":1.0,""turn"":""RIGHT""}}","{""status"":""not_applicable"",""value"":null}"
A1,Q4_not_applicable,KAQX_R17,leg_3.Q4_course_or_radial,False,missing_leg_or_field,exact_status_value,null,"{""status"":""not_applicable"",""value"":null}"
A1,Q5_hold_inbound_course,KAQX_R17,leg_3.Q5_hold_params,False,missing_leg_or_field,degree_display_rounding,null,"{""status"":""present"",""value"":{""inbound_course_deg"":78.1,""leg_distance_nm"":4.0,""leg_time_min"":null,""turn"":""RIGHT""}}"
A1,Q4_angle,KAQX_R35,leg_1.Q4_course_or_radial,False,type_mismatch:direct->course_deg,degree_display_rounding,"{""status"":""present"",""value"":{""type"":""direct""}}","{""status"":""present"",""value"":{""course_deg"":348.2,""type"":""course_deg""}}"
A1,Q4_direct,KAQX_R35,leg_2.Q4_course_or_radial,False,status_not_applicable,exact_status_value,"{""status"":""not_applicable"",""value"":null}","{""status"":""present"",""value"":{""type"":""direct""}}"
A1,Q5_hold_other,KAQX_R35,leg_2.Q5_hold_params,False,target_not_present_but_pred_present,exact_status_value,"{""status"":""present"",""value"":{""inbound_course_deg"":null,""leg_distance_nm"":null,""leg_time_min"":1.0,""turn"":""RIGHT""}}","{""status"":""not_applicable"",""value"":null}"
A1,Q4_not_applicable,KAQX_R35,leg_3.Q4_course_or_radial,False,missing_leg_or_field,exact_status_value,null,"{""status"":""not_applicable"",""value"":null}"
A1,Q5_hold_inbound_course,KAQX_R35,leg_3.Q5_hold_params,False,missing_leg_or_field,degree_display_rounding,null,"{""status"":""present"",""value"":{""inbound_course_deg"":168.1,""leg_distance_nm"":4.0,""leg_time_min"":null,""turn"":""RIGHT""}}"
A1,Q4_angle,KARA_R17,leg_1.Q4_course_or_radial,False,status_unknown,degree_display_rounding,"{""status"":""unknown"",""value"":null}","{""status"":""present"",""value"":{""course_deg"":167.5,""type"":""course_deg""}}"
A1,Q4_direct,KARA_R17,leg_2.Q4_course_or_radial,False,status_unknown,exact_status_value,"{""status"":""unknown"",""value"":null}","{""status"":""present"",""value"":{""type"":""direct""}}"
A1,Q4_not_applicable,KARA_R17,leg_3.Q4_course_or_radial,True,correct,exact_status_value,"{""status"":""not_applicable"",""value"":null}","{""status"":""not_applicable"",""value"":null}"
A1,Q5_hold_inbound_course,KARA_R17,leg_3.Q5_hold_params,False,missing_inbound_course_deg,degree_display_rounding,"{""status"":""present"",""value"":{""inbound_course_deg"":null,""leg_distance_nm"":null,""leg_time_min"":1.0,""turn"":""RIGHT""}}","{""status"":""present"",""value"":{""inbound_course_deg"":294.3,""leg_distance_nm"":4.0,""leg_time_min"":null,""turn"":""RIGHT""}}"
A1,Q4_angle,KARA_R35,leg_1.Q4_course_or_radial,False,status_unknown,degree_display_rounding,"{""status"":""unknown"",""value"":null}","{""status"":""present"",""value"":{""course_deg"":347.5,""type"":""course_deg""}}"
A1,Q4_direct,KARA_R35,leg_2.Q4_course_or_radial,False,status_not_applicable,exact_status_value,"{""status"":""not_applicable"",""value"":null}","{""status"":""present"",""value"":{""type"":""direct""}}"
A1,Q5_hold_other,KARA_R35,leg_2.Q5_hold_params,False,target_not_present_but_pred_present,exact_status_value,"{""status"":""present"",""value"":{""inbound_course_deg"":null,""leg_distance_nm"":null,""leg_time_min"":1.0,""turn"":""RIGHT""}}","{""status"":""not_applicable"",""value"":null}"
A1,Q4_not_applicable,KARA_R35,leg_3.Q4_course_or_radial,True,correct,exact_status_value,"{""status"":""not_applicable"",""value"":null}","{""status"":""not_applicable"",""value"":null}"
A1,Q5_hold_inbound_course,KARA_R35,leg_3.Q5_hold_params,False,missing_inbound_course_deg,degree_display_rounding,"{""status"":""present"",""value"":{""inbound_course_deg"":null,""leg_distance_nm"":null,""leg_time_min"":1.0,""turn"":""RIGHT""}}","{""status"":""present"",""value"":{""inbound_course_deg"":271.8,""leg_distance_nm"":4.0,""leg_time_min"":null,""turn"":""LEFT""}}"
A1,Q4_angle,KARB_R06,leg_1.Q4_course_or_radial,False,status_not_applicable,degree_display_rounding,"{""status"":""not_applicable"",""value"":null}","{""status"":""present"",""value"":{""course_deg"":59.5,""type"":""course_deg""}}"
A1,Q5_hold_other,KARB_R06,leg_1.Q5_hold_params,False,target_not_present_but_pred_present,exact_status_value,"{""status"":""present"",""value"":{""inbound_course_deg"":null,""leg_distance_nm"":null,""leg_time_min"":1.0,""turn"":""RIGHT""}}","{""status"":""not_applicable"",""value"":null}"
A1,Q4_direct,KARB_R06,leg_2.Q4_course_or_radial,False,missing_leg_or_field,exact_status_value,null,"{""status"":""present"",""value"":{""type"":""direct""}}"
A1,Q4_not_applicable,KARB_R06,leg_3.Q4_course_or_radial,False,missing_leg_or_field,exact_status_value,null,"{""status"":""not_applicable"",""value"":null}"
A1,Q5_hold_inbound_course,KARB_R06,leg_3.Q5_hold_params,False,missing_leg_or_field,degree_display_rounding,null,"{""status"":""present"",""value"":{""inbound_course_deg"":239.7,""leg_distance_nm"":5.0,""leg_time_min"":null,""turn"":""RIGHT""}}"
A1,Q4_angle,KARB_R24,leg_1.Q4_course_or_radial,False,status_unknown,degree_display_rounding,"{""status"":""unknown"",""value"":null}","{""status"":""present"",""value"":{""course_deg"":239.6,""type"":""course_deg""}}"
A1,Q4_direct,KARB_R24,leg_2.Q4_course_or_radial,False,status_not_applicable,exact_status_value,"{""status"":""not_applicable"",""value"":null}","{""status"":""present"",""value"":{""type"":""direct""}}"
A1,Q5_hold_other,KARB_R24,leg_2.Q5_hold_params,False,target_not_present_but_pred_present,exact_status_value,"{""status"":""present"",""value"":{""inbound_course_deg"":null,""leg_distance_nm"":null,""leg_time_min"":1.0,""turn"":""RIGHT""}}","{""status"":""not_applicable"",""value"":null}"
A1,Q4_not_applicable,KARB_R24,leg_3.Q4_course_or_radial,True,correct,exact_status_value,"{""status"":""not_applicable"",""value"":null}","{""status"":""not_applicable"",""value"":null}"
A1,Q5_hold_inbound_course,KARB_R24,leg_3.Q5_hold_params,False,missing_inbound_course_deg,degree_display_rounding,"{""status"":""present"",""value"":{""inbound_course_deg"":null,""leg_distance_nm"":null,""leg_time_min"":1.0,""turn"":""RIGHT""}}","{""status"":""present"",""value"":{""inbound_course_deg"":59.4,""leg_distance_nm"":5.0,""leg_time_min"":null,""turn"":""RIGHT""}}"
A1,Q4_angle,KARG_R04,leg_1.Q4_course_or_radial,False,status_unknown,degree_display_rounding,"{""status"":""unknown"",""value"":null}","{""status"":""present"",""value"":{""course_deg"":44.0,""type"":""course_deg""}}"
A1,Q4_direct,KARG_R04,leg_2.Q4_course_or_radial,False,status_not_applicable,exact_status_value,"{""status"":""not_applicable"",""value"":null}","{""status"":""present"",""value"":{""type"":""direct""}}"
A1,Q5_hold_other,KARG_R04,leg_2.Q5_hold_params,False,target_not_present_but_pred_present,exact_status_value,"{""status"":""present"",""value"":{""inbound_course_deg"":null,""leg_distance_nm"":null,""leg_time_min"":1.0,""turn"":""RIGHT""}}","{""status"":""not_applicable"",""value"":null}"
A1,Q4_not_applicable,KARG_R04,leg_3.Q4_course_or_radial,True,correct,exact_status_value,"{""status"":""not_applicable"",""value"":null}","{""status"":""not_applicable"",""value"":null}"
A1,Q5_hold_inbound_course,KARG_R04,leg_3.Q5_hold_params,False,missing_inbound_course_deg,degree_display_rounding,"{""status"":""present"",""value"":{""inbound_course_deg"":null,""leg_distance_nm"":null,""leg_time_min"":1.0,""turn"":""RIGHT""}}","{""status"":""present"",""value"":{""inbound_course_deg"":224.2,""leg_distance_nm"":4.0,""leg_time_min"":null,""turn"":""RIGHT""}}"
A1,Q4_angle,KARG_R18,leg_1.Q4_course_or_radial,False,type_mismatch:direct->course_deg,degree_display_rounding,"{""status"":""present"",""value"":{""type"":""direct""}}","{""status"":""present"",""value"":{""course_deg"":179.0,""type"":""course_deg""}}"
A1,Q4_direct,KARG_R18,leg_2.Q4_course_or_radial,False,status_not_applicable,exact_status_value,"{""status"":""not_applicable"",""value"":null}","{""status"":""present"",""value"":{""type"":""direct""}}"
A1,Q5_hold_other,KARG_R18,leg_2.Q5_hold_params,False,target_not_present_but_pred_present,exact_status_value,"{""status"":""present"",""value"":{""inbound_course_deg"":null,""leg_distance_nm"":null,""leg_time_min"":1.0,""turn"":""RIGHT""}}","{""status"":""not_applicable"",""value"":null}"
A1,Q4_not_applicable,KARG_R18,leg_3.Q4_course_or_radial,False,missing_leg_or_field,exact_status_value,null,"{""status"":""not_applicable"",""value"":null}"
A1,Q5_hold_inbound_course,KARG_R18,leg_3.Q5_hold_params,False,missing_leg_or_field,exact_status_value,null,"{""status"":""present"",""value"":{""inbound_course_deg"":359.0,""leg_distance_nm"":4.0,""leg_time_min"":null,""turn"":""RIGHT""}}"
A1,Q4_angle,KARG_R22,leg_1.Q4_course_or_radial,False,status_not_applicable,degree_display_rounding,"{""status"":""not_applicable"",""value"":null}","{""status"":""present"",""value"":{""course_deg"":224.1,""type"":""course_deg""}}"
A1,Q5_hold_other,KARG_R22,leg_1.Q5_hold_params,False,target_not_present_but_pred_present,exact_status_value,"{""status"":""present"",""value"":{""inbound_course_deg"":null,""leg_distance_nm"":null,""leg_time_min"":1.0,""turn"":""RIGHT""}}","{""status"":""not_applicable"",""value"":null}"
A1,Q4_direct,KARG_R22,leg_2.Q4_course_or_radial,False,missing_leg_or_field,exact_status_value,null,"{""status"":""present"",""value"":{""type"":""direct""}}"
A1,Q4_not_applicable,KARG_R22,leg_3.Q4_course_or_radial,False,missing_leg_or_field,exact_status_value,null,"{""status"":""not_applicable"",""value"":null}"
A1,Q5_hold_inbound_course,KARG_R22,leg_3.Q5_hold_params,False,missing_leg_or_field,exact_status_value,null,"{""status"":""present"",""value"":{""inbound_course_deg"":44.0,""leg_distance_nm"":4.0,""leg_time_min"":null,""turn"":""RIGHT""}}"
A1,Q4_angle,KARV_R18,leg_1.Q4_course_or_radial,False,status_unknown,degree_display_rounding,"{""status"":""unknown"",""value"":null}","{""status"":""present"",""value"":{""course_deg"":180.9,""type"":""course_deg""}}"
A1,Q4_direct,KARV_R18,leg_2.Q4_course_or_radial,True,correct,exact_status_value,"{""status"":""present"",""value"":{""type"":""direct""}}","{""status"":""present"",""value"":{""type"":""direct""}}"
A1,Q4_angle,KARV_R18,leg_3.Q4_course_or_radial,False,status_not_applicable,degree_display_rounding,"{""status"":""not_applicable"",""value"":null}","{""status"":""present"",""value"":{""course_deg"":283.3,""type"":""course_deg""}}"
A1,Q5_hold_other,KARV_R18,leg_3.Q5_hold_params,False,target_not_present_but_pred_present,exact_status_value,"{""status"":""present"",""value"":{""inbound_course_deg"":null,""leg_distance_nm"":null,""leg_time_min"":1.0,""turn"":""RIGHT""}}","{""status"":""not_applicable"",""value"":null}"
A1,Q4_not_applicable,KARV_R18,leg_4.Q4_course_or_radial,True,correct,exact_status_value,"{""status"":""not_applicable"",""value"":null}","{""status"":""not_applicable"",""value"":null}"
A1,Q5_hold_inbound_course,KARV_R18,leg_4.Q5_hold_params,False,missing_inbound_course_deg,degree_display_rounding,"{""status"":""present"",""value"":{""inbound_course_deg"":null,""leg_distance_nm"":4.0,""leg_time_min"":null,""turn"":""RIGHT""}}","{""status"":""present"",""value"":{""inbound_course_deg"":122.5,""leg_distance_nm"":5.0,""leg_time_min"":null,""turn"":""RIGHT""}}"
A1,Q4_angle,KARV_R28,leg_1.Q4_course_or_radial,False,status_unknown,degree_display_rounding,"{""status"":""unknown"",""value"":null}","{""status"":""present"",""value"":{""course_deg"":282.6,""type"":""course_deg""}}"
A1,Q4_direct,KARV_R28,leg_2.Q4_course_or_radial,True,correct,exact_status_value,"{""status"":""present"",""value"":{""type"":""direct""}}","{""status"":""present"",""value"":{""type"":""direct""}}"
A1,Q4_angle,KARV_R28,leg_3.Q4_course_or_radial,False,status_not_applicable,degree_display_rounding,"{""status"":""not_applicable"",""value"":null}","{""status"":""present"",""value"":{""course_deg"":248.7,""type"":""course_deg""}}"
A1,Q5_hold_other,KARV_R28,leg_3.Q5_hold_params,False,target_not_present_but_pred_present,exact_status_value,"{""status"":""present"",""value"":{""inbound_course_deg"":null,""leg_distance_nm"":null,""leg_time_min"":1.0,""turn"":""RIGHT""}}","{""status"":""not_applicable"",""value"":null}"
A1,Q4_not_applicable,KARV_R28,leg_4.Q4_course_or_radial,False,missing_leg_or_field,exact_status_value,null,"{""status"":""not_applicable"",""value"":null}"
A1,Q5_hold_inbound_course,KARV_R28,leg_4.Q5_hold_params,False,missing_leg_or_field,degree_display_rounding,null,"{""status"":""present"",""value"":{""inbound_course_deg"":122.5,""leg_distance_nm"":5.0,""leg_time_min"":null,""turn"":""RIGHT""}}"
A1,Q4_angle,KAST_R26,leg_1.Q4_course_or_radial,False,status_unknown,degree_display_rounding,"{""status"":""unknown"",""value"":null}","{""status"":""present"",""value"":{""course_deg"":260.7,""type"":""course_deg""}}"
A1,Q4_direct,KAST_R26,leg_2.Q4_course_or_radial,True,correct,exact_status_value,"{""status"":""present"",""value"":{""type"":""direct""}}","{""status"":""present"",""value"":{""type"":""direct""}}"
A1,Q4_not_applicable,KAST_R26,leg_3.Q4_course_or_radial,True,correct,exact_status_value,"{""status"":""not_applicable"",""value"":null}","{""status"":""not_applicable"",""value"":null}"
A1,Q5_hold_other,KAST_R26,leg_3.Q5_hold_params,False,target_not_present_but_pred_present,exact_status_value,"{""status"":""present"",""value"":{""inbound_course_deg"":null,""leg_distance_nm"":null,""leg_time_min"":1.0,""turn"":""RIGHT""}}","{""status"":""not_applicable"",""value"":null}"
A1,Q4_not_applicable,KAST_R26,leg_4.Q4_course_or_radial,True,correct,exact_status_value,"{""status"":""not_applicable"",""value"":null}","{""status"":""not_applicable"",""value"":null}"
A1,Q5_hold_other,KAST_R26,leg_4.Q5_hold_params,False,target_not_present_but_pred_present,exact_status_value,"{""status"":""present"",""value"":{""inbound_course_deg"":null,""leg_distance_nm"":9.0,""leg_time_min"":null,""turn"":""RIGHT""}}","{""status"":""not_applicable"",""value"":null}"
A1,Q4_not_applicable,KAST_R26,leg_5.Q4_course_or_radial,False,missing_leg_or_field,exact_status_value,null,"{""status"":""not_applicable"",""value"":null}"
A1,Q5_hold_inbound_course,KAST_R26,leg_5.Q5_hold_params,False,missing_leg_or_field,degree_display_rounding,null,"{""status"":""present"",""value"":{""inbound_course_deg"":349.6,""leg_distance_nm"":5.0,""leg_time_min"":null,""turn"":""LEFT""}}"
A1,Q4_angle,KATL_I09R,leg_1.Q4_course_or_radial,True,correct,degree_display_rounding,"{""status"":""present"",""value"":{""course_deg"":100.0,""type"":""course_deg""}}","{""status"":""present"",""value"":{""course_deg"":100.0,""type"":""course_deg""}}"
A1,Q4_angle,KATL_I09R,leg_2.Q4_course_or_radial,False,status_unknown,degree_display_rounding,"{""status"":""unknown"",""value"":null}","{""status"":""present"",""value"":{""direction"":""inbound"",""navaid"":""AHN"",""radial_deg"":234.6,""type"":""navaid_radial""}}"
A1,Q4_not_applicable,KATL_I09R,leg_3.Q4_course_or_radial,True,correct,exact_status_value,"{""status"":""not_applicable"",""value"":null}","{""status"":""not_applicable"",""value"":null}"
A1,Q5_hold_inbound_course,KATL_I09R,leg_3.Q5_hold_params,False,missing_inbound_course_deg,degree_display_rounding,"{""status"":""present"",""value"":{""inbound_course_deg"":null,""leg_distance_nm"":null,""leg_time_min"":1.0,""turn"":""RIGHT""}}","{""status"":""present"",""value"":{""inbound_course_deg"":54.6,""leg_distance_nm"":null,""leg_time_min"":1.0,""turn"":""RIGHT""}}"
A1,Q4_angle,KAUS_I18L,leg_1.Q4_course_or_radial,False,status_unknown,degree_display_rounding,"{""status"":""unknown"",""value"":null}","{""status"":""present"",""value"":{""course_deg"":174.7,""type"":""course_deg""}}"
A1,Q4_angle,KAUS_I18L,leg_2.Q4_course_or_radial,True,correct,degree_display_rounding,"{""status"":""present"",""value"":{""course_deg"":40.0,""type"":""course_deg""}}","{""status"":""present"",""value"":{""course_deg"":40.0,""type"":""course_deg""}}"
A1,Q4_angle,KAUS_I18L,leg_3.Q4_course_or_radial,False,status_not_applicable,degree_display_rounding,"{""status"":""not_applicable"",""value"":null}","{""status"":""present"",""value"":{""direction"":""inbound"",""navaid"":""CWK"",""radial_deg"":87.7,""type"":""navaid_radial""}}"
A1,Q5_hold_other,KAUS_I18L,leg_3.Q5_hold_params,False,target_not_present_but_pred_present,exact_status_value,"{""status"":""present"",""value"":{""inbound_course_deg"":null,""leg_distance_nm"":null,""leg_time_min"":1.0,""turn"":""RIGHT""}}","{""status"":""not_applicable"",""value"":null}"
A1,Q4_not_applicable,KAUS_I18L,leg_4.Q4_course_or_radial,False,status_unknown,exact_status_value,"{""status"":""unknown"",""value"":null}","{""status"":""not_applicable"",""value"":null}"
A1,Q5_hold_inbound_course,KAUS_I18L,leg_4.Q5_hold_params,False,status_not_applicable,degree_display_rounding,"{""status"":""not_applicable"",""value"":null}","{""status"":""present"",""value"":{""inbound_course_deg"":267.7,""leg_distance_nm"":null,""leg_time_min"":1.0,""turn"":""RIGHT""}}"
A1,Q4_angle,KAVQ_R12,leg_1.Q4_course_or_radial,False,status_unknown,degree_display_rounding,"{""status"":""unknown"",""value"":null}","{""status"":""present"",""value"":{""course_deg"":138.4,""type"":""course_deg""}}"
A1,Q4_direct,KAVQ_R12,leg_2.Q4_course_or_radial,False,status_not_applicable,exact_status_value,"{""status"":""not_applicable"",""value"":null}","{""status"":""present"",""value"":{""type"":""direct""}}"
A1,Q5_hold_other,KAVQ_R12,leg_2.Q5_hold_params,False,target_not_present_but_pred_present,exact_status_value,"{""status"":""present"",""value"":{""inbound_course_deg"":null,""leg_distance_nm"":null,""leg_time_min"":1.0,""turn"":""RIGHT""}}","{""status"":""not_applicable"",""value"":null}"
A1,Q4_not_applicable,KAVQ_R12,leg_3.Q4_course_or_radial,False,status_unknown,exact_status_value,"{""status"":""unknown"",""value"":null}","{""status"":""not_applicable"",""value"":null}"
A1,Q5_hold_inbound_course,KAVQ_R12,leg_3.Q5_hold_params,False,status_not_applicable,degree_display_rounding,"{""status"":""not_applicable"",""value"":null}","{""status"":""present"",""value"":{""inbound_course_deg"":128.1,""leg_distance_nm"":6.0,""leg_time_min"":null,""turn"":""RIGHT""}}"
A1,Q4_angle,KAVQ_R21,leg_1.Q4_course_or_radial,False,status_not_applicable,degree_display_rounding,"{""status"":""not_applicable"",""value"":null}","{""status"":""present"",""value"":{""course_deg"":198.6,""type"":""course_deg""}}"
A1,Q5_hold_other,KAVQ_R21,leg_1.Q5_hold_params,False,target_not_present_but_pred_present,exact_status_value,"{""status"":""present"",""value"":{""inbound_course_deg"":null,""leg_distance_nm"":null,""leg_time_min"":1.0,""turn"":""RIGHT""}}","{""status"":""not_applicable"",""value"":null}"
A1,Q4_direct,KAVQ_R21,leg_2.Q4_course_or_radial,False,missing_leg_or_field,exact_status_value,null,"{""status"":""present"",""value"":{""type"":""direct""}}"
A1,Q4_not_applicable,KAVQ_R21,leg_3.Q4_course_or_radial,False,missing_leg_or_field,exact_status_value,null,"{""status"":""not_applicable"",""value"":null}"
A1,Q4_not_applicable,KAVQ_R21,leg_4.Q4_course_or_radial,False,missing_leg_or_field,exact_status_value,null,"{""status"":""not_applicable"",""value"":null}"
A1,Q5_hold_inbound_course,KAVQ_R21,leg_4.Q5_hold_params,False,missing_leg_or_field,exact_status_value,null,"{""status"":""present"",""value"":{""inbound_course_deg"":111.0,""leg_distance_nm"":6.0,""leg_time_min"":null,""turn"":""LEFT""}}"
A1,Q4_angle,KAWG_R36,leg_1.Q4_course_or_radial,False,status_not_applicable,degree_display_rounding,"{""status"":""not_applicable"",""value"":null}","{""status"":""present"",""value"":{""course_deg"":4.1,""type"":""course_deg""}}"
A1,Q5_hold_other,KAWG_R36,leg_1.Q5_hold_params,False,target_not_present_but_pred_present,exact_status_value,"{""status"":""present"",""value"":{""inbound_course_deg"":null,""leg_distance_nm"":null,""leg_time_min"":1.0,""turn"":""RIGHT""}}","{""status"":""not_applicable"",""value"":null}"
A1,Q4_direct,KAWG_R36,leg_2.Q4_course_or_radial,False,missing_leg_or_field,exact_status_value,null,"{""status"":""present"",""value"":{""type"":""direct""}}"
A1,Q4_not_applicable,KAWG_R36,leg_3.Q4_course_or_radial,False,missing_leg_or_field,exact_status_value,null,"{""status"":""not_applicable"",""value"":null}"
A1,Q5_hold_inbound_course,KAWG_R36,leg_3.Q5_hold_params,False,missing_leg_or_field,degree_display_rounding,null,"{""status"":""present"",""value"":{""inbound_course_deg"":184.1,""leg_distance_nm"":4.0,""leg_time_min"":null,""turn"":""RIGHT""}}"
A1,Q4_angle,KAWM_L17,leg_1.Q4_course_or_radial,False,status_unknown,degree_display_rounding,"{""status"":""unknown"",""value"":null}","{""status"":""present"",""value"":{""course_deg"":179.6,""type"":""course_deg""}}"
A1,Q4_angle,KAWM_L17,leg_2.Q4_course_or_radial,False,status_not_applicable,degree_display_rounding,"{""status"":""not_applicable"",""value"":null}","{""status"":""present"",""value"":{""direction"":""inbound"",""navaid"":""GQE"",""radial_deg"":147.0,""type"":""navaid_radial""}}"
A1,Q5_hold_other,KAWM_L17,leg_2.Q5_hold_params,False,target_not_present_but_pred_present,exact_status_value,"{""status"":""present"",""value"":{""inbound_course_deg"":null,""leg_distance_nm"":null,""leg_time_min"":1.0,""turn"":""RIGHT""}}","{""status"":""not_applicable"",""value"":null}"
A1,Q4_not_applicable,KAWM_L17,leg_3.Q4_course_or_radial,False,status_unknown,exact_status_value,"{""status"":""unknown"",""value"":null}","{""status"":""not_applicable"",""value"":null}"
A1,Q5_hold_inbound_course,KAWM_L17,leg_3.Q5_hold_params,False,status_not_applicable,exact_status_value,"{""status"":""not_applicable"",""value"":null}","{""status"":""present"",""value"":{""inbound_course_deg"":122.0,""leg_distance_nm"":null,""leg_time_min"":1.0,""turn"":""RIGHT""}}"
A1,Q4_angle,KAXH_L09,leg_1.Q4_course_or_radial,False,type_mismatch:direct->course_deg,degree_display_rounding,"{""status"":""present"",""value"":{""type"":""direct""}}","{""status"":""present"",""value"":{""course_deg"":89.2,""type"":""course_deg""}}"
A1,Q4_direct,KAXH_L09,leg_2.Q4_course_or_radial,False,missing_leg_or_field,exact_status_value,null,"{""status"":""present"",""value"":{""type"":""direct""}}"
A1,Q4_angle,KAXH_R27,leg_1.Q4_course_or_radial,False,status_unknown,degree_display_rounding,"{""status"":""unknown"",""value"":null}","{""status"":""present"",""value"":{""course_deg"":269.3,""type"":""course_deg""}}"
A1,Q4_direct,KAXH_R27,leg_2.Q4_course_or_radial,True,correct,exact_status_value,"{""status"":""present"",""value"":{""type"":""direct""}}","{""status"":""present"",""value"":{""type"":""direct""}}"
A1,Q4_angle,KAXH_R27,leg_3.Q4_course_or_radial,False,missing_leg_or_field,degree_display_rounding,null,"{""status"":""present"",""value"":{""course_deg"":200.4,""type"":""course_deg""}}"
A1,Q4_angle,KAXV_R26,leg_1.Q4_course_or_radial,False,status_unknown,degree_display_rounding,"{""status"":""unknown"",""value"":null}","{""status"":""present"",""value"":{""course_deg"":260.7,""type"":""course_deg""}}"
A1,Q4_direct,KAXV_R26,leg_2.Q4_course_or_radial,False,status_not_applicable,exact_status_value,"{""status"":""not_applicable"",""value"":null}","{""status"":""present"",""value"":{""type"":""direct""}}"
A1,Q5_hold_other,KAXV_R26,leg_2.Q5_hold_params,False,target_not_present_but_pred_present,exact_status_value,"{""status"":""present"",""value"":{""inbound_course_deg"":null,""leg_distance_nm"":null,""leg_time_min"":1.0,""turn"":""RIGHT""}}","{""status"":""not_applicable"",""value"":null}"
A1,Q4_not_applicable,KAXV_R26,leg_3.Q4_course_or_radial,False,missing_leg_or_field,exact_status_value,null,"{""status"":""not_applicable"",""value"":null}"
A1,Q5_hold_inbound_course,KAXV_R26,leg_3.Q5_hold_params,False,missing_leg_or_field,degree_display_rounding,null,"{""status"":""present"",""value"":{""inbound_course_deg"":80.4,""leg_distance_nm"":4.0,""leg_time_min"":null,""turn"":""RIGHT""}}"
A1,Q4_angle,KBDL_L33,leg_1.Q4_course_or_radial,False,status_unknown,degree_display_rounding,"{""status"":""unknown"",""value"":null}","{""status"":""present"",""value"":{""course_deg"":328.4,""type"":""course_deg""}}"
A1,Q4_direct,KBDL_L33,leg_2.Q4_course_or_radial,False,status_not_applicable,exact_status_value,"{""status"":""not_applicable"",""value"":null}","{""status"":""present"",""value"":{""type"":""direct""}}"
A1,Q5_hold_other,KBDL_L33,leg_2.Q5_hold_params,False,target_not_present_but_pred_present,exact_status_value,"{""status"":""present"",""value"":{""inbound_course_deg"":null,""leg_distance_nm"":null,""leg_time_min"":1.0,""turn"":""RIGHT""}}","{""status"":""not_applicable"",""value"":null}"
A1,Q4_not_applicable,KBDL_L33,leg_3.Q4_course_or_radial,False,status_unknown,exact_status_value,"{""status"":""unknown"",""value"":null}","{""status"":""not_applicable"",""value"":null}"
A1,Q5_hold_inbound_course,KBDL_L33,leg_3.Q5_hold_params,False,status_not_applicable,degree_display_rounding,"{""status"":""not_applicable"",""value"":null}","{""status"":""present"",""value"":{""inbound_course_deg"":274.8,""leg_distance_nm"":null,""leg_time_min"":1.0,""turn"":""LEFT""}}"
A1,Q4_angle,KBDN_R34,leg_1.Q4_course_or_radial,False,type_mismatch:direct->course_deg,degree_display_rounding,"{""status"":""present"",""value"":{""type"":""direct""}}","{""status"":""present"",""value"":{""course_deg"":331.1,""type"":""course_deg""}}"
A1,Q4_direct,KBDN_R34,leg_2.Q4_course_or_radial,False,status_not_applicable,exact_status_value,"{""status"":""not_applicable"",""value"":null}","{""status"":""present"",""value"":{""type"":""direct""}}"
A1,Q5_hold_other,KBDN_R34,leg_2.Q5_hold_params,False,target_not_present_but_pred_present,exact_status_value,"{""status"":""present"",""value"":{""inbound_course_deg"":null,""leg_distance_nm"":null,""leg_time_min"":1.0,""turn"":""RIGHT""}}","{""status"":""not_applicable"",""value"":null}"
A1,Q4_not_applicable,KBDN_R34,leg_3.Q4_course_or_radial,False,status_unknown,exact_status_value,"{""status"":""unknown"",""value"":null}","{""status"":""not_applicable"",""value"":null}"
A1,Q4_not_applicable,KBDN_R34,leg_4.Q4_course_or_radial,False,missing_leg_or_field,exact_status_value,null,"{""status"":""not_applicable"",""value"":null}"
A1,Q5_hold_inbound_course,KBDN_R34,leg_4.Q5_hold_params,False,missing_leg_or_field,exact_status_value,null,"{""status"":""present"",""value"":{""inbound_course_deg"":129.0,""leg_distance_nm"":5.0,""leg_time_min"":null,""turn"":""LEFT""}}"
A1,Q4_angle,KBFD_R14,leg_1.Q4_course_or_radial,False,type_mismatch:direct->course_deg,degree_display_rounding,"{""status"":""present"",""value"":{""type"":""direct""}}","{""status"":""present"",""value"":{""course_deg"":144.8,""type"":""course_deg""}}"
A1,Q4_direct,KBFD_R14,leg_2.Q4_course_or_radial,False,status_not_applicable,exact_status_value,"{""status"":""not_applicable"",""value"":null}","{""status"":""present"",""value"":{""type"":""direct""}}"
A1,Q5_hold_other,KBFD_R14,leg_2.Q5_hold_params,False,target_not_present_but_pred_present,exact_status_value,"{""status"":""present"",""value"":{""inbound_course_deg"":null,""leg_distance_nm"":null,""leg_time_min"":1.0,""turn"":""RIGHT""}}","{""status"":""not_applicable"",""value"":null}"
A1,Q4_not_applicable,KBFD_R14,leg_3.Q4_course_or_radial,False,missing_leg_or_field,exact_status_value,null,"{""status"":""not_applicable"",""value"":null}"
A1,Q5_hold_inbound_course,KBFD_R14,leg_3.Q5_hold_params,False,missing_leg_or_field,exact_status_value,null,"{""status"":""present"",""value"":{""inbound_course_deg"":325.0,""leg_distance_nm"":5.0,""leg_time_min"":null,""turn"":""RIGHT""}}"
A1,Q4_angle,KBFF_L12,leg_1.Q4_course_or_radial,False,status_unknown,degree_display_rounding,"{""status"":""unknown"",""value"":null}","{""status"":""present"",""value"":{""course_deg"":125.6,""type"":""course_deg""}}"
A1,Q4_direct,KBFF_L12,leg_2.Q4_course_or_radial,False,status_not_applicable,exact_status_value,"{""status"":""not_applicable"",""value"":null}","{""status"":""present"",""value"":{""type"":""direct""}}"
A1,Q5_hold_other,KBFF_L12,leg_2.Q5_hold_params,False,target_not_present_but_pred_present,exact_status_value,"{""status"":""present"",""value"":{""inbound_course_deg"":null,""leg_distance_nm"":null,""leg_time_min"":1.0,""turn"":""RIGHT""}}","{""status"":""not_applicable"",""value"":null}"
A1,Q4_not_applicable,KBFF_L12,leg_3.Q4_course_or_radial,True,correct,exact_status_value,"{""status"":""not_applicable"",""value"":null}","{""status"":""not_applicable"",""value"":null}"
A1,Q5_hold_inbound_course,KBFF_L12,leg_3.Q5_hold_params,False,missing_inbound_course_deg,exact_status_value,"{""status"":""present"",""value"":{""inbound_course_deg"":null,""leg_distance_nm"":null,""leg_time_min"":1.0,""turn"":""RIGHT""}}","{""status"":""present"",""value"":{""inbound_course_deg"":245.0,""leg_distance_nm"":null,""leg_time_min"":1.0,""turn"":""RIGHT""}}"
A1,Q4_angle,KBJC_R12L,leg_1.Q4_course_or_radial,False,status_unknown,degree_display_rounding,"{""status"":""unknown"",""value"":null}","{""status"":""present"",""value"":{""course_deg"":135.3,""type"":""course_deg""}}"
A1,Q4_direct,KBJC_R12L,leg_2.Q4_course_or_radial,False,status_not_applicable,exact_status_value,"{""status"":""not_applicable"",""value"":null}","{""status"":""present"",""value"":{""type"":""direct""}}"
A1,Q5_hold_other,KBJC_R12L,leg_2.Q5_hold_params,False,target_not_present_but_pred_present,exact_status_value,"{""status"":""present"",""value"":{""inbound_course_deg"":null,""leg_distance_nm"":null,""leg_time_min"":1.0,""turn"":""RIGHT""}}","{""status"":""not_applicable"",""value"":null}"
A1,Q4_not_applicable,KBJC_R12L,leg_3.Q4_course_or_radial,False,status_unknown,exact_status_value,"{""status"":""unknown"",""value"":null}","{""status"":""not_applicable"",""value"":null}"
A1,Q5_hold_inbound_course,KBJC_R12L,leg_3.Q5_hold_params,False,status_not_applicable,degree_display_rounding,"{""status"":""not_applicable"",""value"":null}","{""status"":""present"",""value"":{""inbound_course_deg"":338.3,""leg_distance_nm"":7.0,""leg_time_min"":null,""turn"":""LEFT""}}"
A1,Q4_angle,KBKX_R30,leg_1.Q4_course_or_radial,False,status_not_applicable,degree_display_rounding,"{""status"":""not_applicable"",""value"":null}","{""status"":""present"",""value"":{""course_deg"":295.6,""type"":""course_deg""}}"
A1,Q5_hold_other,KBKX_R30,leg_1.Q5_hold_params,False,target_not_present_but_pred_present,exact_status_value,"{""status"":""present"",""value"":{""inbound_course_deg"":null,""leg_distance_nm"":null,""leg_time_min"":1.0,""turn"":""RIGHT""}}","{""status"":""not_applicable"",""value"":null}"
A1,Q4_direct,KBKX_R30,leg_2.Q4_course_or_radial,False,missing_leg_or_field,exact_status_value,null,"{""status"":""present"",""value"":{""type"":""direct""}}"
A1,Q4_not_applicable,KBKX_R30,leg_3.Q4_course_or_radial,False,missing_leg_or_field,exact_status_value,null,"{""status"":""not_applicable"",""value"":null}"
A1,Q5_hold_inbound_course,KBKX_R30,leg_3.Q5_hold_params,False,missing_leg_or_field,degree_display_rounding,null,"{""status"":""present"",""value"":{""inbound_course_deg"":115.4,""leg_distance_nm"":4.0,""leg_time_min"":null,""turn"":""RIGHT""}}"
A1,Q4_angle,KBLF_R05,leg_1.Q4_course_or_radial,False,type_mismatch:direct->course_deg,degree_display_rounding,"{""status"":""present"",""value"":{""type"":""direct""}}","{""status"":""present"",""value"":{""course_deg"":63.8,""type"":""course_deg""}}"
A1,Q4_direct,KBLF_R05,leg_2.Q4_course_or_radial,False,status_not_applicable,exact_status_value,"{""status"":""not_applicable"",""value"":null}","{""status"":""present"",""value"":{""type"":""direct""}}"
A1,Q5_hold_other,KBLF_R05,leg_2.Q5_hold_params,False,target_not_present_but_pred_present,exact_status_value,"{""status"":""present"",""value"":{""inbound_course_deg"":null,""leg_distance_nm"":null,""leg_time_min"":1.0,""turn"":""RIGHT""}}","{""status"":""not_applicable"",""value"":null}"
A1,Q4_not_applicable,KBLF_R05,leg_3.Q4_course_or_radial,False,status_unknown,exact_status_value,"{""status"":""unknown"",""value"":null}","{""status"":""not_applicable"",""value"":null}"
A1,Q5_hold_inbound_course,KBLF_R05,leg_3.Q5_hold_params,False,status_not_applicable,degree_display_rounding,"{""status"":""not_applicable"",""value"":null}","{""status"":""present"",""value"":{""inbound_course_deg"":100.6,""leg_distance_nm"":5.0,""leg_time_min"":null,""turn"":""RIGHT""}}"
A1,Q4_angle,KBLV_R32RY,leg_1.Q4_course_or_radial,False,status_unknown,degree_display_rounding,"{""status"":""unknown"",""value"":null}","{""status"":""present"",""value"":{""course_deg"":318.6,""type"":""course_deg""}}"
A1,Q4_direct,KBLV_R32RY,leg_2.Q4_course_or_radial,True,correct,exact_status_value,"{""status"":""present"",""value"":{""type"":""direct""}}","{""status"":""present"",""value"":{""type"":""direct""}}"
A1,Q4_not_applicable,KBLV_R32RY,leg_3.Q4_course_or_radial,True,correct,exact_status_value,"{""status"":""not_applicable"",""value"":null}","{""status"":""not_applicable"",""value"":null}"
A1,Q5_hold_inbound_course,KBLV_R32RY,leg_3.Q5_hold_params,False,missing_inbound_course_deg,degree_display_rounding,"{""status"":""present"",""value"":{""inbound_course_deg"":null,""leg_distance_nm"":null,""leg_time_min"":1.0,""turn"":""RIGHT""}}","{""status"":""present"",""value"":{""inbound_course_deg"":283.5,""leg_distance_nm"":4.0,""leg_time_min"":null,""turn"":""RIGHT""}}"
A1,Q4_angle,KBMQ_R01,leg_1.Q4_course_or_radial,False,status_not_applicable,degree_display_rounding,"{""status"":""not_applicable"",""value"":null}","{""status"":""present"",""value"":{""course_deg"":13.1,""type"":""course_deg""}}"
A1,Q5_hold_other,KBMQ_R01,leg_1.Q5_hold_params,False,target_not_present_but_pred_present,exact_status_value,"{""status"":""present"",""value"":{""inbound_course_deg"":null,""leg_distance_nm"":null,""leg_time_min"":1.0,""turn"":""RIGHT""}}","{""status"":""not_applicable"",""value"":null}"
A1,Q4_direct,KBMQ_R01,leg_2.Q4_course_or_radial,False,missing_leg_or_field,exact_status_value,null,"{""status"":""present"",""value"":{""type"":""direct""}}"
A1,Q4_not_applicable,KBMQ_R01,leg_3.Q4_course_or_radial,False,missing_leg_or_field,exact_status_value,null,"{""status"":""not_applicable"",""value"":null}"
A1,Q5_hold_inbound_course,KBMQ_R01,leg_3.Q5_hold_params,False,missing_leg_or_field,degree_display_rounding,null,"{""status"":""present"",""value"":{""inbound_course_deg"":193.2,""leg_distance_nm"":4.0,""leg_time_min"":null,""turn"":""RIGHT""}}"
A1,Q4_angle,KBOS_L15R,leg_1.Q4_course_or_radial,False,status_unknown,degree_display_rounding,"{""status"":""unknown"",""value"":null}","{""status"":""present"",""value"":{""direction"":""inbound"",""navaid"":""BOS"",""radial_deg"":154.0,""type"":""navaid_radial""}}"
A1,Q4_not_applicable,KBOS_L15R,leg_2.Q4_course_or_radial,True,correct,exact_status_value,"{""status"":""not_applicable"",""value"":null}","{""status"":""not_applicable"",""value"":null}"
A1,Q5_hold_inbound_course,KBOS_L15R,leg_2.Q5_hold_params,False,missing_inbound_course_deg,exact_status_value,"{""status"":""present"",""value"":{""inbound_course_deg"":null,""leg_distance_nm"":null,""leg_time_min"":1.0,""turn"":""RIGHT""}}","{""status"":""present"",""value"":{""inbound_course_deg"":334.0,""leg_distance_nm"":null,""leg_time_min"":1.0,""turn"":""RIGHT""}}"
A1,Q4_angle,KBOS_R32,leg_1.Q4_course_or_radial,False,status_not_applicable,degree_display_rounding,"{""status"":""not_applicable"",""value"":null}","{""status"":""present"",""value"":{""course_deg"":330.7,""type"":""course_deg""}}"
A1,Q5_hold_other,KBOS_R32,leg_1.Q5_hold_params,False,target_not_present_but_pred_present,exact_status_value,"{""status"":""present"",""value"":{""inbound_course_deg"":null,""leg_distance_nm"":null,""leg_time_min"":1.0,""turn"":""RIGHT""}}","{""status"":""not_applicable"",""value"":null}"
A1,Q4_direct,KBOS_R32,leg_2.Q4_course_or_radial,False,status_unknown,exact_status_value,"{""status"":""unknown"",""value"":null}","{""status"":""present"",""value"":{""type"":""direct""}}"
A1,Q4_not_applicable,KBOS_R32,leg_3.Q4_course_or_radial,False,missing_leg_or_field,exact_status_value,null,"{""status"":""not_applicable"",""value"":null}"
A1,Q4_not_applicable,KBOS_R32,leg_4.Q4_course_or_radial,False,missing_leg_or_field,exact_status_value,null,"{""status"":""not_applicable"",""value"":null}"
A1,Q5_hold_inbound_course,KBOS_R32,leg_4.Q5_hold_params,False,missing_leg_or_field,degree_display_rounding,null,"{""status"":""present"",""value"":{""inbound_course_deg"":284.1,""leg_distance_nm"":5.0,""leg_time_min"":null,""turn"":""RIGHT""}}"
A1,Q4_angle,KBRD_L34,leg_1.Q4_course_or_radial,False,status_unknown,degree_display_rounding,"{""status"":""unknown"",""value"":null}","{""status"":""present"",""value"":{""course_deg"":339.7,""type"":""course_deg""}}"
A1,Q4_direct,KBRD_L34,leg_2.Q4_course_or_radial,True,correct,exact_status_value,"{""status"":""present"",""value"":{""type"":""direct""}}","{""status"":""present"",""value"":{""type"":""direct""}}"
A1,Q4_not_applicable,KBRD_L34,leg_3.Q4_course_or_radial,True,correct,exact_status_value,"{""status"":""not_applicable"",""value"":null}","{""status"":""not_applicable"",""value"":null}"
A1,Q5_hold_inbound_course,KBRD_L34,leg_3.Q5_hold_params,False,missing_inbound_course_deg,degree_display_rounding,"{""status"":""present"",""value"":{""inbound_course_deg"":null,""leg_distance_nm"":null,""leg_time_min"":1.0,""turn"":""RIGHT""}}","{""status"":""present"",""value"":{""inbound_course_deg"":231.3,""leg_distance_nm"":null,""leg_time_min"":1.0,""turn"":""RIGHT""}}"
A1,Q4_angle,KBTL_L23R,leg_1.Q4_course_or_radial,False,status_unknown,degree_display_rounding,"{""status"":""unknown"",""value"":null}","{""status"":""present"",""value"":{""course_deg"":226.6,""type"":""course_deg""}}"
A1,Q4_direct,KBTL_L23R,leg_2.Q4_course_or_radial,False,status_not_applicable,exact_status_value,"{""status"":""not_applicable"",""value"":null}","{""status"":""present"",""value"":{""type"":""direct""}}"
A1,Q5_hold_other,KBTL_L23R,leg_2.Q5_hold_params,False,target_not_present_but_pred_present,exact_status_value,"{""status"":""present"",""value"":{""inbound_course_deg"":null,""leg_distance_nm"":null,""leg_time_min"":1.0,""turn"":""RIGHT""}}","{""status"":""not_applicable"",""value"":null}"
A1,Q4_not_applicable,KBTL_L23R,leg_3.Q4_course_or_radial,False,missing_leg_or_field,exact_status_value,null,"{""status"":""not_applicable"",""value"":null}"
A1,Q5_hold_inbound_course,KBTL_L23R,leg_3.Q5_hold_params,False,missing_leg_or_field,degree_display_rounding,null,"{""status"":""present"",""value"":{""inbound_course_deg"":189.5,""leg_distance_nm"":4.0,""leg_time_min"":null,""turn"":""RIGHT""}}"
A1,Q4_angle,KBTP_L08,leg_1.Q4_course_or_radial,False,status_unknown,degree_display_rounding,"{""status"":""unknown"",""value"":null}","{""status"":""present"",""value"":{""course_deg"":80.0,""type"":""course_deg""}}"
A1,Q4_direct,KBTP_L08,leg_2.Q4_course_or_radial,False,status_not_applicable,exact_status_value,"{""status"":""not_applicable"",""value"":null}","{""status"":""present"",""value"":{""type"":""direct""}}"
A1,Q5_hold_other,KBTP_L08,leg_2.Q5_hold_params,False,target_not_present_but_pred_present,exact_status_value,"{""status"":""present"",""value"":{""inbound_course_deg"":null,""leg_distance_nm"":null,""leg_time_min"":1.0,""turn"":""LEFT""}}","{""status"":""not_applicable"",""value"":null}"
A1,Q4_not_applicable,KBTP_L08,leg_3.Q4_course_or_radial,False,status_unknown,exact_status_value,"{""status"":""unknown"",""value"":null}","{""status"":""not_applicable"",""value"":null}"
A1,Q5_hold_inbound_course,KBTP_L08,leg_3.Q5_hold_params,False,status_not_applicable,exact_status_value,"{""status"":""not_applicable"",""value"":null}","{""status"":""present"",""value"":{""inbound_course_deg"":100.0,""leg_distance_nm"":null,""leg_time_min"":1.0,""turn"":""RIGHT""}}"
A1,Q4_angle,KBTR_R04L,leg_1.Q4_course_or_radial,False,type_mismatch:direct->course_deg,degree_display_rounding,"{""status"":""present"",""value"":{""type"":""direct""}}","{""status"":""present"",""value"":{""course_deg"":43.4,""type"":""course_deg""}}"
A1,Q4_direct,KBTR_R04L,leg_2.Q4_course_or_radial,False,status_not_applicable,exact_status_value,"{""status"":""not_applicable"",""value"":null}","{""status"":""present"",""value"":{""type"":""direct""}}"
A1,Q5_hold_other,KBTR_R04L,leg_2.Q5_hold_params,False,target_not_present_but_pred_present,exact_status_value,"{""status"":""present"",""value"":{""inbound_course_deg"":null,""leg_distance_nm"":null,""leg_time_min"":1.0,""turn"":""RIGHT""}}","{""status"":""not_applicable"",""value"":null}"
A1,Q4_not_applicable,KBTR_R04L,leg_3.Q4_course_or_radial,False,missing_leg_or_field,exact_status_value,null,"{""status"":""not_applicable"",""value"":null}"
A1,Q5_hold_inbound_course,KBTR_R04L,leg_3.Q5_hold_params,False,missing_leg_or_field,degree_display_rounding,null,"{""status"":""present"",""value"":{""inbound_course_deg"":223.6,""leg_distance_nm"":4.0,""leg_time_min"":null,""turn"":""RIGHT""}}"
A1,Q4_angle,KBUM_R18,leg_1.Q4_course_or_radial,False,status_not_applicable,degree_display_rounding,"{""status"":""not_applicable"",""value"":null}","{""status"":""present"",""value"":{""course_deg"":177.9,""type"":""course_deg""}}"
A1,Q5_hold_other,KBUM_R18,leg_1.Q5_hold_params,False,target_not_present_but_pred_present,exact_status_value,"{""status"":""present"",""value"":{""inbound_course_deg"":null,""leg_distance_nm"":null,""leg_time_min"":1.0,""turn"":""RIGHT""}}","{""status"":""not_applicable"",""value"":null}"
A1,Q4_direct,KBUM_R18,leg_2.Q4_course_or_radial,False,missing_leg_or_field,exact_status_value,null,"{""status"":""present"",""value"":{""type"":""direct""}}"
A1,Q4_not_applicable,KBUM_R18,leg_3.Q4_course_or_radial,False,missing_leg_or_field,exact_status_value,null,"{""status"":""not_applicable"",""value"":null}"
A1,Q5_hold_inbound_course,KBUM_R18,leg_3.Q5_hold_params,False,missing_leg_or_field,degree_display_rounding,null,"{""status"":""present"",""value"":{""inbound_course_deg"":357.9,""leg_distance_nm"":4.0,""leg_time_min"":null,""turn"":""RIGHT""}}"
A1,Q4_angle,KBUR_L08-Z,leg_1.Q4_course_or_radial,False,status_unknown,degree_display_rounding,"{""status"":""unknown"",""value"":null}","{""status"":""present"",""value"":{""course_deg"":78.9,""type"":""course_deg""}}"
A1,Q4_angle,KBUR_L08-Z,leg_2.Q4_course_or_radial,True,correct,degree_display_rounding,"{""status"":""present"",""value"":{""course_deg"":210.0,""type"":""course_deg""}}","{""status"":""present"",""value"":{""course_deg"":210.0,""type"":""course_deg""}}"
A1,Q4_angle,KBUR_L08-Z,leg_3.Q4_course_or_radial,False,status_not_applicable,degree_display_rounding,"{""status"":""not_applicable"",""value"":null}","{""status"":""present"",""value"":{""direction"":""inbound"",""navaid"":""VTU"",""radial_deg"":86.0,""type"":""navaid_radial""}}"
A1,Q5_hold_other,KBUR_L08-Z,leg_3.Q5_hold_params,False,target_not_present_but_pred_present,exact_status_value,"{""status"":""present"",""value"":{""inbound_course_deg"":null,""leg_distance_nm"":null,""leg_time_min"":1.0,""turn"":""RIGHT""}}","{""status"":""not_applicable"",""value"":null}"
A1,Q4_not_applicable,KBUR_L08-Z,leg_4.Q4_course_or_radial,False,status_unknown,exact_status_value,"{""status"":""unknown"",""value"":null}","{""status"":""not_applicable"",""value"":null}"
A1,Q5_hold_inbound_course,KBUR_L08-Z,leg_4.Q5_hold_params,False,status_not_applicable,degree_display_rounding,"{""status"":""not_applicable"",""value"":null}","{""status"":""present"",""value"":{""inbound_course_deg"":130.6,""leg_distance_nm"":null,""leg_time_min"":1.0,""turn"":""LEFT""}}"
A1,Q4_angle,KBUR_R08-Z,leg_1.Q4_course_or_radial,False,type_mismatch:direct->course_deg,degree_display_rounding,"{""status"":""present"",""value"":{""type"":""direct""}}","{""status"":""present"",""value"":{""course_deg"":78.9,""type"":""course_deg""}}"
A1,Q4_direct,KBUR_R08-Z,leg_2.Q4_course_or_radial,False,missing_leg_or_field,exact_status_value,null,"{""status"":""present"",""value"":{""type"":""direct""}}"
A1,Q4_not_applicable,KBUR_R08-Z,leg_3.Q4_course_or_radial,False,missing_leg_or_field,exact_status_value,null,"{""status"":""not_applicable"",""value"":null}"
A1,Q4_not_applicable,KBUR_R08-Z,leg_4.Q4_course_or_radial,False,missing_leg_or_field,exact_status_value,null,"{""status"":""not_applicable"",""value"":null}"
A1,Q5_hold_inbound_course,KBUR_R08-Z,leg_4.Q5_hold_params,False,missing_leg_or_field,degree_display_rounding,null,"{""status"":""present"",""value"":{""inbound_course_deg"":130.6,""leg_distance_nm"":5.0,""leg_time_min"":null,""turn"":""LEFT""}}"
A1,Q4_angle,KBUY_I06-Z,leg_1.Q4_course_or_radial,False,status_unknown,degree_display_rounding,"{""status"":""unknown"",""value"":null}","{""status"":""present"",""value"":{""course_deg"":60.1,""type"":""course_deg""}}"
A1,Q4_direct,KBUY_I06-Z,leg_2.Q4_course_or_radial,False,status_not_applicable,exact_status_value,"{""status"":""not_applicable"",""value"":null}","{""status"":""present"",""value"":{""type"":""direct""}}"
A1,Q5_hold_other,KBUY_I06-Z,leg_2.Q5_hold_params,False,target_not_present_but_pred_present,exact_status_value,"{""status"":""present"",""value"":{""inbound_course_deg"":null,""leg_distance_nm"":null,""leg_time_min"":1.0,""turn"":""RIGHT""}}","{""status"":""not_applicable"",""value"":null}"
A1,Q4_not_applicable,KBUY_I06-Z,leg_3.Q4_course_or_radial,False,status_unknown,exact_status_value,"{""status"":""unknown"",""value"":null}","{""status"":""not_applicable"",""value"":null}"
A1,Q5_hold_inbound_course,KBUY_I06-Z,leg_3.Q5_hold_params,False,status_not_applicable,exact_status_value,"{""status"":""not_applicable"",""value"":null}","{""status"":""present"",""value"":{""inbound_course_deg"":236.0,""leg_distance_nm"":null,""leg_time_min"":1.0,""turn"":""RIGHT""}}"
A1,Q4_angle,KBWG_I03-Y,leg_1.Q4_course_or_radial,False,status_unknown,degree_display_rounding,"{""status"":""unknown"",""value"":null}","{""status"":""present"",""value"":{""course_deg"":33.9,""type"":""course_deg""}}"
A1,Q4_direct,KBWG_I03-Y,leg_2.Q4_course_or_radial,False,status_not_applicable,exact_status_value,"{""status"":""not_applicable"",""value"":null}","{""status"":""present"",""value"":{""type"":""direct""}}"
A1,Q5_hold_other,KBWG_I03-Y,leg_2.Q5_hold_params,False,target_not_present_but_pred_present,exact_status_value,"{""status"":""present"",""value"":{""inbound_course_deg"":null,""leg_distance_nm"":null,""leg_time_min"":1.0,""turn"":""RIGHT""}}","{""status"":""not_applicable"",""value"":null}"
A1,Q4_not_applicable,KBWG_I03-Y,leg_3.Q4_course_or_radial,False,missing_leg_or_field,exact_status_value,null,"{""status"":""not_applicable"",""value"":null}"
A1,Q5_hold_inbound_course,KBWG_I03-Y,leg_3.Q5_hold_params,False,missing_leg_or_field,degree_display_rounding,null,"{""status"":""present"",""value"":{""inbound_course_deg"":33.9,""leg_distance_nm"":null,""leg_time_min"":1.0,""turn"":""RIGHT""}}"
A1,Q4_angle,KBWI_L15L,leg_1.Q4_course_or_radial,False,status_unknown,degree_display_rounding,"{""status"":""unknown"",""value"":null}","{""status"":""present"",""value"":{""course_deg"":155.0,""type"":""course_deg""}}"
A1,Q4_angle,KBWI_L15L,leg_2.Q4_course_or_radial,False,round_equivalent_but_other_mismatch,degree_display_rounding,"{""status"":""present"",""value"":{""direction"":""outbound"",""navaid"":""BAL"",""radial_deg"":153.0,""type"":""navaid_radial""}}","{""status"":""present"",""value"":{""direction"":""inbound"",""navaid"":""BAL"",""radial_deg"":152.9,""type"":""navaid_radial""}}"
A1,Q4_not_applicable,KBWI_L15L,leg_3.Q4_course_or_radial,True,correct,exact_status_value,"{""status"":""not_applicable"",""value"":null}","{""status"":""not_applicable"",""value"":null}"
A1,Q5_hold_inbound_course,KBWI_L15L,leg_3.Q5_hold_params,False,missing_inbound_course_deg,degree_display_rounding,"{""status"":""present"",""value"":{""inbound_course_deg"":null,""leg_distance_nm"":null,""leg_time_min"":1.0,""turn"":""RIGHT""}}","{""status"":""present"",""value"":{""inbound_course_deg"":332.9,""leg_distance_nm"":null,""leg_time_min"":1.0,""turn"":""LEFT""}}"
A1,Q4_angle,KBXA_R18,leg_1.Q4_course_or_radial,False,status_not_applicable,degree_display_rounding,"{""status"":""not_applicable"",""value"":null}","{""status"":""present"",""value"":{""course_deg"":182.8,""type"":""course_deg""}}"
A1,Q5_hold_other,KBXA_R18,leg_1.Q5_hold_params,False,target_not_present_but_pred_present,exact_status_value,"{""status"":""present"",""value"":{""inbound_course_deg"":null,""leg_distance_nm"":null,""leg_time_min"":1.0,""turn"":""RIGHT""}}","{""status"":""not_applicable"",""value"":null}"
A1,Q4_direct,KBXA_R18,leg_2.Q4_course_or_radial,False,status_not_applicable,exact_status_value,"{""status"":""not_applicable"",""value"":null}","{""status"":""present"",""value"":{""type"":""direct""}}"
A1,Q5_hold_other,KBXA_R18,leg_2.Q5_hold_params,False,target_not_present_but_pred_present,exact_status_value,"{""status"":""present"",""value"":{""inbound_course_deg"":null,""leg_distance_nm"":4.0,""leg_time_min"":null,""turn"":""RIGHT""}}","{""status"":""not_applicable"",""value"":null}"
A1,Q4_not_applicable,KBXA_R18,leg_3.Q4_course_or_radial,False,missing_leg_or_field,exact_status_value,null,"{""status"":""not_applicable"",""value"":null}"
A1,Q5_hold_inbound_course,KBXA_R18,leg_3.Q5_hold_params,False,missing_leg_or_field,degree_display_rounding,null,"{""status"":""present"",""value"":{""inbound_course_deg"":2.8,""leg_distance_nm"":4.0,""leg_time_min"":null,""turn"":""RIGHT""}}"
A1,Q4_angle,KBYH_R36,leg_1.Q4_course_or_radial,False,status_unknown,degree_display_rounding,"{""status"":""unknown"",""value"":null}","{""status"":""present"",""value"":{""course_deg"":1.0,""type"":""course_deg""}}"
A1,Q4_direct,KBYH_R36,leg_2.Q4_course_or_radial,False,status_not_applicable,exact_status_value,"{""status"":""not_applicable"",""value"":null}","{""status"":""present"",""value"":{""type"":""direct""}}"
A1,Q5_hold_other,KBYH_R36,leg_2.Q5_hold_params,False,target_not_present_but_pred_present,exact_status_value,"{""status"":""present"",""value"":{""inbound_course_deg"":null,""leg_distance_nm"":null,""leg_time_min"":1.0,""turn"":""RIGHT""}}","{""status"":""not_applicable"",""value"":null}"
A1,Q4_not_applicable,KBYH_R36,leg_3.Q4_course_or_radial,False,missing_leg_or_field,exact_status_value,null,"{""status"":""not_applicable"",""value"":null}"
A1,Q5_hold_inbound_course,KBYH_R36,leg_3.Q5_hold_params,False,missing_leg_or_field,exact_status_value,null,"{""status"":""present"",""value"":{""inbound_course_deg"":181.0,""leg_distance_nm"":6.0,""leg_time_min"":null,""turn"":""RIGHT""}}"
A1,Q4_angle,KCAK_L01,leg_1.Q4_course_or_radial,False,status_unknown,degree_display_rounding,"{""status"":""unknown"",""value"":null}","{""status"":""present"",""value"":{""course_deg"":9.5,""type"":""course_deg""}}"
A1,Q4_direct,KCAK_L01,leg_2.Q4_course_or_radial,False,status_not_applicable,exact_status_value,"{""status"":""not_applicable"",""value"":null}","{""status"":""present"",""value"":{""type"":""direct""}}"
A1,Q5_hold_other,KCAK_L01,leg_2.Q5_hold_params,False,target_not_present_but_pred_present,exact_status_value,"{""status"":""present"",""value"":{""inbound_course_deg"":null,""leg_distance_nm"":null,""leg_time_min"":1.0,""turn"":""RIGHT""}}","{""status"":""not_applicable"",""value"":null}"
A1,Q4_not_applicable,KCAK_L01,leg_3.Q4_course_or_radial,False,status_unknown,exact_status_value,"{""status"":""unknown"",""value"":null}","{""status"":""not_applicable"",""value"":null}"
A1,Q5_hold_inbound_course,KCAK_L01,leg_3.Q5_hold_params,False,status_not_applicable,exact_status_value,"{""status"":""not_applicable"",""value"":null}","{""status"":""present"",""value"":{""inbound_course_deg"":272.0,""leg_distance_nm"":null,""leg_time_min"":1.0,""turn"":""RIGHT""}}"
A1,Q4_angle,KCAO_R02,leg_1.Q4_course_or_radial,False,status_not_applicable,degree_display_rounding,"{""status"":""not_applicable"",""value"":null}","{""status"":""present"",""value"":{""course_deg"":21.2,""type"":""course_deg""}}"
A1,Q5_hold_other,KCAO_R02,leg_1.Q5_hold_params,False,target_not_present_but_pred_present,exact_status_value,"{""status"":""present"",""value"":{""inbound_course_deg"":null,""leg_distance_nm"":null,""leg_time_min"":1.0,""turn"":""RIGHT""}}","{""status"":""not_applicable"",""value"":null}"
A1,Q4_direct,KCAO_R02,leg_2.Q4_course_or_radial,False,missing_leg_or_field,exact_status_value,null,"{""status"":""present"",""value"":{""type"":""direct""}}"
A1,Q4_not_applicable,KCAO_R02,leg_3.Q4_course_or_radial,False,missing_leg_or_field,exact_status_value,null,"{""status"":""not_applicable"",""value"":null}"
A1,Q5_hold_inbound_course,KCAO_R02,leg_3.Q5_hold_params,False,missing_leg_or_field,degree_display_rounding,null,"{""status"":""present"",""value"":{""inbound_course_deg"":201.3,""leg_distance_nm"":7.0,""leg_time_min"":null,""turn"":""RIGHT""}}"
A1,Q4_angle,KCBF_L36,leg_1.Q4_course_or_radial,False,status_unknown,degree_display_rounding,"{""status"":""unknown"",""value"":null}","{""status"":""present"",""value"":{""course_deg"":356.5,""type"":""course_deg""}}"
A1,Q4_direct,KCBF_L36,leg_2.Q4_course_or_radial,False,status_unknown,exact_status_value,"{""status"":""unknown"",""value"":null}","{""status"":""present"",""value"":{""type"":""direct""}}"
A1,Q4_not_applicable,KCBF_L36,leg_3.Q4_course_or_radial,True,correct,exact_status_value,"{""status"":""not_applicable"",""value"":null}","{""status"":""not_applicable"",""value"":null}"
A1,Q5_hold_inbound_course,KCBF_L36,leg_3.Q5_hold_params,False,missing_inbound_course_deg,exact_status_value,"{""status"":""present"",""value"":{""inbound_course_deg"":null,""leg_distance_nm"":null,""leg_time_min"":1.0,""turn"":""RIGHT""}}","{""status"":""present"",""value"":{""inbound_course_deg"":284.0,""leg_distance_nm"":null,""leg_time_min"":1.0,""turn"":""RIGHT""}}"
A1,Q4_angle,KCBF_R36,leg_1.Q4_course_or_radial,False,status_not_applicable,degree_display_rounding,"{""status"":""not_applicable"",""value"":null}","{""status"":""present"",""value"":{""course_deg"":356.5,""type"":""course_deg""}}"
A1,Q5_hold_other,KCBF_R36,leg_1.Q5_hold_params,False,target_not_present_but_pred_present,exact_status_value,"{""status"":""present"",""value"":{""inbound_course_deg"":null,""leg_distance_nm"":null,""leg_time_min"":1.0,""turn"":""RIGHT""}}","{""status"":""not_applicable"",""value"":null}"
A1,Q4_direct,KCBF_R36,leg_2.Q4_course_or_radial,False,status_not_applicable,exact_status_value,"{""status"":""not_applicable"",""value"":null}","{""status"":""present"",""value"":{""type"":""direct""}}"
A1,Q5_hold_other,KCBF_R36,leg_2.Q5_hold_params,False,target_not_present_but_pred_present,exact_status_value,"{""status"":""present"",""value"":{""inbound_course_deg"":null,""leg_distance_nm"":4.0,""leg_time_min"":null,""turn"":""RIGHT""}}","{""status"":""not_applicable"",""value"":null}"
A1,Q4_not_applicable,KCBF_R36,leg_3.Q4_course_or_radial,False,missing_leg_or_field,exact_status_value,null,"{""status"":""not_applicable"",""value"":null}"
A1,Q5_hold_inbound_course,KCBF_R36,leg_3.Q5_hold_params,False,missing_leg_or_field,degree_display_rounding,null,"{""status"":""present"",""value"":{""inbound_course_deg"":176.5,""leg_distance_nm"":4.0,""leg_time_min"":null,""turn"":""RIGHT""}}"
A1,Q4_angle,KCDI_R04,leg_1.Q4_course_or_radial,False,status_not_applicable,degree_display_rounding,"{""status"":""not_applicable"",""value"":null}","{""status"":""present"",""value"":{""course_deg"":40.1,""type"":""course_deg""}}"
A1,Q5_hold_other,KCDI_R04,leg_1.Q5_hold_params,False,target_not_present_but_pred_present,exact_status_value,"{""status"":""present"",""value"":{""inbound_course_deg"":null,""leg_distance_nm"":null,""leg_time_min"":1.0,""turn"":""RIGHT""}}","{""status"":""not_applicable"",""value"":null}"
A1,Q4_direct,KCDI_R04,leg_2.Q4_course_or_radial,False,missing_leg_or_field,exact_status_value,null,"{""status"":""present"",""value"":{""type"":""direct""}}"
A1,Q4_not_applicable,KCDI_R04,leg_3.Q4_course_or_radial,False,missing_leg_or_field,exact_status_value,null,"{""status"":""not_applicable"",""value"":null}"
A1,Q5_hold_inbound_course,KCDI_R04,leg_3.Q5_hold_params,False,missing_leg_or_field,degree_display_rounding,null,"{""status"":""present"",""value"":{""inbound_course_deg"":220.2,""leg_distance_nm"":4.0,""leg_time_min"":null,""turn"":""RIGHT""}}"
A1,Q4_angle,KCDS_R36,leg_1.Q4_course_or_radial,False,status_unknown,degree_display_rounding,"{""status"":""unknown"",""value"":null}","{""status"":""present"",""value"":{""course_deg"":355.9,""type"":""course_deg""}}"
A1,Q4_direct,KCDS_R36,leg_2.Q4_course_or_radial,True,correct,exact_status_value,"{""status"":""present"",""value"":{""type"":""direct""}}","{""status"":""present"",""value"":{""type"":""direct""}}"
A1,Q4_not_applicable,KCDS_R36,leg_3.Q4_course_or_radial,True,correct,exact_status_value,"{""status"":""not_applicable"",""value"":null}","{""status"":""not_applicable"",""value"":null}"
A1,Q5_hold_inbound_course,KCDS_R36,leg_3.Q5_hold_params,False,missing_inbound_course_deg,degree_display_rounding,"{""status"":""present"",""value"":{""inbound_course_deg"":null,""leg_distance_nm"":null,""leg_time_min"":1.0,""turn"":""RIGHT""}}","{""status"":""present"",""value"":{""inbound_course_deg"":57.7,""leg_distance_nm"":4.0,""leg_time_min"":null,""turn"":""RIGHT""}}"
A1,Q4_angle,KCEA_RNV-D,leg_1.Q4_course_or_radial,False,status_not_applicable,degree_display_rounding,"{""status"":""not_applicable"",""value"":null}","{""status"":""present"",""value"":{""course_deg"":279.8,""type"":""course_deg""}}"
A1,Q5_hold_other,KCEA_RNV-D,leg_1.Q5_hold_params,False,target_not_present_but_pred_present,exact_status_value,"{""status"":""present"",""value"":{""inbound_course_deg"":null,""leg_distance_nm"":null,""leg_time_min"":1.0,""turn"":""RIGHT""}}","{""status"":""not_applicable"",""value"":null}"
A1,Q4_direct,KCEA_RNV-D,leg_2.Q4_course_or_radial,False,status_not_applicable,exact_status_value,"{""status"":""not_applicable"",""value"":null}","{""status"":""present"",""value"":{""type"":""direct""}}"
A1,Q5_hold_other,KCEA_RNV-D,leg_2.Q5_hold_params,False,target_not_present_but_pred_present,exact_status_value,"{""status"":""present"",""value"":{""inbound_course_deg"":null,""leg_distance_nm"":5.0,""leg_time_min"":null,""turn"":""RIGHT""}}","{""status"":""not_applicable"",""value"":null}"
A1,Q4_not_applicable,KCEA_RNV-D,leg_3.Q4_course_or_radial,False,missing_leg_or_field,exact_status_value,null,"{""status"":""not_applicable"",""value"":null}"
A1,Q5_hold_inbound_course,KCEA_RNV-D,leg_3.Q5_hold_params,False,missing_leg_or_field,degree_display_rounding,null,"{""status"":""present"",""value"":{""inbound_course_deg"":279.9,""leg_distance_nm"":5.0,""leg_time_min"":null,""turn"":""RIGHT""}}"
A1,Q4_angle,KCEC_L12,leg_1.Q4_course_or_radial,False,status_unknown,degree_display_rounding,"{""status"":""unknown"",""value"":null}","{""status"":""present"",""value"":{""course_deg"":119.2,""type"":""course_deg""}}"
A1,Q4_angle,KCEC_L12,leg_2.Q4_course_or_radial,False,status_not_applicable,degree_display_rounding,"{""status"":""not_applicable"",""value"":null}","{""status"":""present"",""value"":{""direction"":""inbound"",""navaid"":""CEC"",""radial_deg"":165.8,""type"":""navaid_radial""}}"
A1,Q5_hold_other,KCEC_L12,leg_2.Q5_hold_params,False,target_not_present_but_pred_present,exact_status_value,"{""status"":""present"",""value"":{""inbound_course_deg"":null,""leg_distance_nm"":null,""leg_time_min"":1.0,""turn"":""RIGHT""}}","{""status"":""not_applicable"",""value"":null}"
A1,Q4_not_applicable,KCEC_L12,leg_3.Q4_course_or_radial,True,correct,exact_status_value,"{""status"":""not_applicable"",""value"":null}","{""status"":""not_applicable"",""value"":null}"
A1,Q5_hold_inbound_course,KCEC_L12,leg_3.Q5_hold_params,False,missing_inbound_course_deg,degree_display_rounding,"{""status"":""present"",""value"":{""inbound_course_deg"":null,""leg_distance_nm"":null,""leg_time_min"":1.0,""turn"":""RIGHT""}}","{""status"":""present"",""value"":{""inbound_course_deg"":345.8,""leg_distance_nm"":4.0,""leg_time_min"":null,""turn"":""LEFT""}}"
A1,Q4_angle,KCGI_R10,leg_1.Q4_course_or_radial,False,status_unknown,degree_display_rounding,"{""status"":""unknown"",""value"":null}","{""status"":""present"",""value"":{""course_deg"":107.8,""type"":""course_deg""}}"
A1,Q4_direct,KCGI_R10,leg_2.Q4_course_or_radial,False,status_not_applicable,exact_status_value,"{""status"":""not_applicable"",""value"":null}","{""status"":""present"",""value"":{""type"":""direct""}}"
A1,Q5_hold_other,KCGI_R10,leg_2.Q5_hold_params,False,target_not_present_but_pred_present,exact_status_value,"{""status"":""present"",""value"":{""inbound_course_deg"":null,""leg_distance_nm"":null,""leg_time_min"":1.0,""turn"":""RIGHT""}}","{""status"":""not_applicable"",""value"":null}"
A1,Q4_not_applicable,KCGI_R10,leg_3.Q4_course_or_radial,False,missing_leg_or_field,exact_status_value,null,"{""status"":""not_applicable"",""value"":null}"
A1,Q5_hold_inbound_course,KCGI_R10,leg_3.Q5_hold_params,False,missing_leg_or_field,exact_status_value,null,"{""status"":""present"",""value"":{""inbound_course_deg"":288.0,""leg_distance_nm"":4.0,""leg_time_min"":null,""turn"":""RIGHT""}}"
A1,Q4_angle,KCHO_R03,leg_1.Q4_course_or_radial,False,status_unknown,degree_display_rounding,"{""status"":""unknown"",""value"":null}","{""status"":""present"",""value"":{""course_deg"":30.1,""type"":""course_deg""}}"
A1,Q4_direct,KCHO_R03,leg_2.Q4_course_or_radial,True,correct,exact_status_value,"{""status"":""present"",""value"":{""type"":""direct""}}","{""status"":""present"",""value"":{""type"":""direct""}}"
A1,Q4_not_applicable,KCHO_R03,leg_3.Q4_course_or_radial,True,correct,exact_status_value,"{""status"":""not_applicable"",""value"":null}","{""status"":""not_applicable"",""value"":null}"
A1,Q5_hold_inbound_course,KCHO_R03,leg_3.Q5_hold_params,False,missing_inbound_course_deg,exact_status_value,"{""status"":""present"",""value"":{""inbound_course_deg"":null,""leg_distance_nm"":null,""leg_time_min"":1.0,""turn"":""RIGHT""}}","{""status"":""present"",""value"":{""inbound_course_deg"":33.0,""leg_distance_nm"":4.0,""leg_time_min"":null,""turn"":""RIGHT""}}"
A1,Q4_angle,KCII_R33,leg_1.Q4_course_or_radial,False,status_not_applicable,degree_display_rounding,"{""status"":""not_applicable"",""value"":null}","{""status"":""present"",""value"":{""course_deg"":337.8,""type"":""course_deg""}}"
A1,Q5_hold_other,KCII_R33,leg_1.Q5_hold_params,False,target_not_present_but_pred_present,exact_status_value,"{""status"":""present"",""value"":{""inbound_course_deg"":null,""leg_distance_nm"":null,""leg_time_min"":1.0,""turn"":""RIGHT""}}","{""status"":""not_applicable"",""value"":null}"
A1,Q4_direct,KCII_R33,leg_2.Q4_course_or_radial,False,status_unknown,exact_status_value,"{""status"":""unknown"",""value"":null}","{""status"":""present"",""value"":{""type"":""direct""}}"
A1,Q4_not_applicable,KCII_R33,leg_3.Q4_course_or_radial,True,correct,exact_status_value,"{""status"":""not_applicable"",""value"":null}","{""status"":""not_applicable"",""value"":null}"
A1,Q5_hold_inbound_course,KCII_R33,leg_3.Q5_hold_params,False,missing_inbound_course_deg,degree_display_rounding,"{""status"":""present"",""value"":{""inbound_course_deg"":null,""leg_distance_nm"":7.0,""leg_time_min"":null,""turn"":""RIGHT""}}","{""status"":""present"",""value"":{""inbound_course_deg"":147.7,""leg_distance_nm"":7.0,""leg_time_min"":null,""turn"":""RIGHT""}}"
A1,Q4_angle,KCJR_L04,leg_1.Q4_course_or_radial,False,status_unknown,degree_display_rounding,"{""status"":""unknown"",""value"":null}","{""status"":""present"",""value"":{""course_deg"":38.2,""type"":""course_deg""}}"
A1,Q4_angle,KCJR_L04,leg_2.Q4_course_or_radial,True,correct,degree_display_rounding,"{""status"":""present"",""value"":{""course_deg"":180.0,""type"":""course_deg""}}","{""status"":""present"",""value"":{""course_deg"":180.0,""type"":""course_deg""}}"
A1,Q4_angle,KCJR_L04,leg_3.Q4_course_or_radial,False,status_not_applicable,degree_display_rounding,"{""status"":""not_applicable"",""value"":null}","{""status"":""present"",""value"":{""direction"":""inbound"",""navaid"":""GVE"",""radial_deg"":28.4,""type"":""navaid_radial""}}"
A1,Q5_hold_other,KCJR_L04,leg_3.Q5_hold_params,False,target_not_present_but_pred_present,exact_status_value,"{""status"":""present"",""value"":{""inbound_course_deg"":null,""leg_distance_nm"":null,""leg_time_min"":1.0,""turn"":""RIGHT""}}","{""status"":""not_applicable"",""value"":null}"
A1,Q4_not_applicable,KCJR_L04,leg_4.Q4_course_or_radial,False,missing_leg_or_field,exact_status_value,null,"{""status"":""not_applicable"",""value"":null}"
A1,Q5_hold_inbound_course,KCJR_L04,leg_4.Q5_hold_params,False,missing_leg_or_field,degree_display_rounding,null,"{""status"":""present"",""value"":{""inbound_course_deg"":28.4,""leg_distance_nm"":null,""leg_time_min"":1.0,""turn"":""RIGHT""}}"
A1,Q4_angle,KCMH_I10R,leg_1.Q4_course_or_radial,False,status_unknown,degree_display_rounding,"{""status"":""unknown"",""value"":null}","{""status"":""present"",""value"":{""course_deg"":101.2,""type"":""course_deg""}}"
A1,Q4_direct,KCMH_I10R,leg_2.Q4_course_or_radial,False,status_not_applicable,exact_status_value,"{""status"":""not_applicable"",""value"":null}","{""status"":""present"",""value"":{""type"":""direct""}}"
A1,Q5_hold_other,KCMH_I10R,leg_2.Q5_hold_params,False,target_not_present_but_pred_present,exact_status_value,"{""status"":""present"",""value"":{""inbound_course_deg"":null,""leg_distance_nm"":null,""leg_time_min"":1.0,""turn"":""RIGHT""}}","{""status"":""not_applicable"",""value"":null}"
A1,Q4_not_applicable,KCMH_I10R,leg_3.Q4_course_or_radial,False,status_unknown,exact_status_value,"{""status"":""unknown"",""value"":null}","{""status"":""not_applicable"",""value"":null}"
A1,Q5_hold_inbound_course,KCMH_I10R,leg_3.Q5_hold_params,False,status_not_applicable,exact_status_value,"{""status"":""not_applicable"",""value"":null}","{""status"":""present"",""value"":{""inbound_course_deg"":38.0,""leg_distance_nm"":null,""leg_time_min"":1.0,""turn"":""LEFT""}}"
A1,Q4_angle,KCNC_R10,leg_1.Q4_course_or_radial,False,status_unknown,degree_display_rounding,"{""status"":""unknown"",""value"":null}","{""status"":""present"",""value"":{""course_deg"":98.6,""type"":""course_deg""}}"
A1,Q4_direct,KCNC_R10,leg_2.Q4_course_or_radial,False,status_not_applicable,exact_status_value,"{""status"":""not_applicable"",""value"":null}","{""status"":""present"",""value"":{""type"":""direct""}}"
A1,Q5_hold_other,KCNC_R10,leg_2.Q5_hold_params,False,target_not_present_but_pred_present,exact_status_value,"{""status"":""present"",""value"":{""inbound_course_deg"":null,""leg_distance_nm"":null,""leg_time_min"":1.0,""turn"":""RIGHT""}}","{""status"":""not_applicable"",""value"":null}"
A1,Q4_not_applicable,KCNC_R10,leg_3.Q4_course_or_radial,False,missing_leg_or_field,exact_status_value,null,"{""status"":""not_applicable"",""value"":null}"
A1,Q5_hold_inbound_course,KCNC_R10,leg_3.Q5_hold_params,False,missing_leg_or_field,degree_display_rounding,null,"{""status"":""present"",""value"":{""inbound_course_deg"":278.7,""leg_distance_nm"":4.0,""leg_time_min"":null,""turn"":""RIGHT""}}"
A1,Q4_angle,KCOI_R11,leg_1.Q4_course_or_radial,False,status_unknown,degree_display_rounding,"{""status"":""unknown"",""value"":null}","{""status"":""present"",""value"":{""course_deg"":114.3,""type"":""course_deg""}}"
A1,Q4_direct,KCOI_R11,leg_2.Q4_course_or_radial,True,correct,exact_status_value,"{""status"":""present"",""value"":{""type"":""direct""}}","{""status"":""present"",""value"":{""type"":""direct""}}"
A1,Q4_not_applicable,KCOI_R11,leg_3.Q4_course_or_radial,True,correct,exact_status_value,"{""status"":""not_applicable"",""value"":null}","{""status"":""not_applicable"",""value"":null}"
A1,Q5_hold_other,KCOI_R11,leg_3.Q5_hold_params,False,target_not_present_but_pred_present,exact_status_value,"{""status"":""present"",""value"":{""inbound_course_deg"":null,""leg_distance_nm"":null,""leg_time_min"":1.0,""turn"":""RIGHT""}}","{""status"":""not_applicable"",""value"":null}"
A1,Q4_not_applicable,KCOI_R11,leg_4.Q4_course_or_radial,False,missing_leg_or_field,exact_status_value,null,"{""status"":""not_applicable"",""value"":null}"
A1,Q5_hold_inbound_course,KCOI_R11,leg_4.Q5_hold_params,False,missing_leg_or_field,exact_status_value,null,"{""status"":""present"",""value"":{""inbound_course_deg"":18.0,""leg_distance_nm"":4.0,""leg_time_min"":null,""turn"":""LEFT""}}"
A1,Q4_angle,KCRS_R32,leg_1.Q4_course_or_radial,False,status_unknown,degree_display_rounding,"{""status"":""unknown"",""value"":null}","{""status"":""present"",""value"":{""course_deg"":319.1,""type"":""course_deg""}}"
A1,Q4_direct,KCRS_R32,leg_2.Q4_course_or_radial,False,status_not_applicable,exact_status_value,"{""status"":""not_applicable"",""value"":null}","{""status"":""present"",""value"":{""type"":""direct""}}"
A1,Q5_hold_other,KCRS_R32,leg_2.Q5_hold_params,False,target_not_present_but_pred_present,exact_status_value,"{""status"":""present"",""value"":{""inbound_course_deg"":null,""leg_distance_nm"":null,""leg_time_min"":1.0,""turn"":""RIGHT""}}","{""status"":""not_applicable"",""value"":null}"
A1,Q4_not_applicable,KCRS_R32,leg_3.Q4_course_or_radial,False,missing_leg_or_field,exact_status_value,null,"{""status"":""not_applicable"",""value"":null}"
A1,Q5_hold_inbound_course,KCRS_R32,leg_3.Q5_hold_params,False,missing_leg_or_field,degree_display_rounding,null,"{""status"":""present"",""value"":{""inbound_course_deg"":162.8,""leg_distance_nm"":4.0,""leg_time_min"":null,""turn"":""RIGHT""}}"
A1,Q4_angle,KCRW_L05,leg_1.Q4_course_or_radial,False,status_unknown,degree_display_rounding,"{""status"":""unknown"",""value"":null}","{""status"":""present"",""value"":{""course_deg"":51.7,""type"":""course_deg""}}"
A1,Q4_direct,KCRW_L05,leg_2.Q4_course_or_radial,False,status_not_applicable,exact_status_value,"{""status"":""not_applicable"",""value"":null}","{""status"":""present"",""value"":{""type"":""direct""}}"
A1,Q5_hold_other,KCRW_L05,leg_2.Q5_hold_params,False,target_not_present_but_pred_present,exact_status_value,"{""status"":""present"",""value"":{""inbound_course_deg"":null,""leg_distance_nm"":null,""leg_time_min"":1.0,""turn"":""RIGHT""}}","{""status"":""not_applicable"",""value"":null}"
A1,Q4_not_applicable,KCRW_L05,leg_3.Q4_course_or_radial,False,status_unknown,exact_status_value,"{""status"":""unknown"",""value"":null}","{""status"":""not_applicable"",""value"":null}"
A1,Q5_hold_inbound_course,KCRW_L05,leg_3.Q5_hold_params,False,status_not_applicable,exact_status_value,"{""status"":""not_applicable"",""value"":null}","{""status"":""present"",""value"":{""inbound_course_deg"":81.0,""leg_distance_nm"":null,""leg_time_min"":1.0,""turn"":""RIGHT""}}"
A2,Q4_angle,KAAA_R03,leg_1.Q4_course_or_radial,False,status_unknown,degree_display_rounding,"{""status"":""unknown"",""value"":null}","{""status"":""present"",""value"":{""course_deg"":35.3,""type"":""course_deg""}}"
A2,Q4_direct,KAAA_R03,leg_2.Q4_course_or_radial,False,status_not_applicable,exact_status_value,"{""status"":""not_applicable"",""value"":null}","{""status"":""present"",""value"":{""type"":""direct""}}"
A2,Q5_hold_other,KAAA_R03,leg_2.Q5_hold_params,False,target_not_present_but_pred_present,exact_status_value,"{""status"":""present"",""value"":{""inbound_course_deg"":null,""leg_distance_nm"":null,""leg_time_min"":1.0,""turn"":""RIGHT""}}","{""status"":""not_applicable"",""value"":null}"
A2,Q4_not_applicable,KAAA_R03,leg_3.Q4_course_or_radial,True,correct,exact_status_value,"{""status"":""not_applicable"",""value"":null}","{""status"":""not_applicable"",""value"":null}"
A2,Q5_hold_inbound_course,KAAA_R03,leg_3.Q5_hold_params,False,missing_inbound_course_deg,degree_display_rounding,"{""status"":""present"",""value"":{""inbound_course_deg"":null,""leg_distance_nm"":4.0,""leg_time_min"":null,""turn"":""RIGHT""}}","{""status"":""present"",""value"":{""inbound_course_deg"":215.4,""leg_distance_nm"":4.0,""leg_time_min"":null,""turn"":""RIGHT""}}"
A2,Q4_angle,KAAA_R21,leg_1.Q4_course_or_radial,False,status_not_applicable,degree_display_rounding,"{""status"":""not_applicable"",""value"":null}","{""status"":""present"",""value"":{""course_deg"":215.3,""type"":""course_deg""}}"
A2,Q5_hold_other,KAAA_R21,leg_1.Q5_hold_params,False,target_not_present_but_pred_present,exact_status_value,"{""status"":""present"",""value"":{""inbound_course_deg"":null,""leg_distance_nm"":null,""leg_time_min"":1.0,""turn"":""RIGHT""}}","{""status"":""not_applicable"",""value"":null}"
A2,Q4_direct,KAAA_R21,leg_2.Q4_course_or_radial,False,status_not_applicable,exact_status_value,"{""status"":""not_applicable"",""value"":null}","{""status"":""present"",""value"":{""type"":""direct""}}"
A2,Q5_hold_other,KAAA_R21,leg_2.Q5_hold_params,False,target_not_present_but_pred_present,exact_status_value,"{""status"":""present"",""value"":{""inbound_course_deg"":null,""leg_distance_nm"":null,""leg_time_min"":1.0,""turn"":""RIGHT""}}","{""status"":""not_applicable"",""value"":null}"
A2,Q4_not_applicable,KAAA_R21,leg_3.Q4_course_or_radial,False,missing_leg_or_field,exact_status_value,null,"{""status"":""not_applicable"",""value"":null}"
A2,Q5_hold_inbound_course,KAAA_R21,leg_3.Q5_hold_params,False,missing_leg_or_field,degree_display_rounding,null,"{""status"":""present"",""value"":{""inbound_course_deg"":215.4,""leg_distance_nm"":4.0,""leg_time_min"":null,""turn"":""RIGHT""}}"
A2,Q4_angle,KAAF_R06,leg_1.Q4_course_or_radial,False,missing_leg_or_field,degree_display_rounding,null,"{""status"":""present"",""value"":{""course_deg"":63.3,""type"":""course_deg""}}"
A2,Q4_direct,KAAF_R06,leg_2.Q4_course_or_radial,False,missing_leg_or_field,exact_status_value,null,"{""status"":""present"",""value"":{""type"":""direct""}}"
A2,Q4_not_applicable,KAAF_R06,leg_3.Q4_course_or_radial,False,missing_leg_or_field,exact_status_value,null,"{""status"":""not_applicable"",""value"":null}"
A2,Q5_hold_inbound_course,KAAF_R06,leg_3.Q5_hold_params,False,missing_leg_or_field,degree_display_rounding,null,"{""status"":""present"",""value"":{""inbound_course_deg"":243.4,""leg_distance_nm"":4.0,""leg_time_min"":null,""turn"":""RIGHT""}}"
A2,Q4_angle,KAAF_R14,leg_1.Q4_course_or_radial,False,status_unknown,degree_display_rounding,"{""status"":""unknown"",""value"":null}","{""status"":""present"",""value"":{""course_deg"":138.3,""type"":""course_deg""}}"
A2,Q4_direct,KAAF_R14,leg_2.Q4_course_or_radial,True,correct,exact_status_value,"{""status"":""present"",""value"":{""type"":""direct""}}","{""status"":""present"",""value"":{""type"":""direct""}}"
A2,Q4_not_applicable,KAAF_R14,leg_3.Q4_course_or_radial,True,correct,exact_status_value,"{""status"":""not_applicable"",""value"":null}","{""status"":""not_applicable"",""value"":null}"
A2,Q5_hold_inbound_course,KAAF_R14,leg_3.Q5_hold_params,False,missing_inbound_course_deg,degree_display_rounding,"{""status"":""present"",""value"":{""inbound_course_deg"":null,""leg_distance_nm"":null,""leg_time_min"":1.0,""turn"":""RIGHT""}}","{""status"":""present"",""value"":{""inbound_course_deg"":243.4,""leg_distance_nm"":4.0,""leg_time_min"":null,""turn"":""RIGHT""}}"
A2,Q4_angle,KAAF_R24,leg_1.Q4_course_or_radial,False,missing_leg_or_field,degree_display_rounding,null,"{""status"":""present"",""value"":{""course_deg"":243.3,""type"":""course_deg""}}"
A2,Q4_direct,KAAF_R24,leg_2.Q4_course_or_radial,False,missing_leg_or_field,exact_status_value,null,"{""status"":""present"",""value"":{""type"":""direct""}}"
A2,Q4_not_applicable,KAAF_R24,leg_3.Q4_course_or_radial,False,missing_leg_or_field,exact_status_value,null,"{""status"":""not_applicable"",""value"":null}"
A2,Q5_hold_inbound_course,KAAF_R24,leg_3.Q5_hold_params,False,missing_leg_or_field,degree_display_rounding,null,"{""status"":""present"",""value"":{""inbound_course_deg"":138.3,""leg_distance_nm"":4.0,""leg_time_min"":null,""turn"":""RIGHT""}}"
A2,Q4_angle,KAAS_R05,leg_1.Q4_course_or_radial,False,status_unknown,degree_display_rounding,"{""status"":""unknown"",""value"":null}","{""status"":""present"",""value"":{""course_deg"":54.9,""type"":""course_deg""}}"
A2,Q4_direct,KAAS_R05,leg_2.Q4_course_or_radial,False,status_not_applicable,exact_status_value,"{""status"":""not_applicable"",""value"":null}","{""status"":""present"",""value"":{""type"":""direct""}}"
A2,Q5_hold_other,KAAS_R05,leg_2.Q5_hold_params,False,target_not_present_but_pred_present,exact_status_value,"{""status"":""present"",""value"":{""inbound_course_deg"":null,""leg_distance_nm"":41.0,""leg_time_min"":null,""turn"":""RIGHT""}}","{""status"":""not_applicable"",""value"":null}"
A2,Q4_not_applicable,KAAS_R05,leg_3.Q4_course_or_radial,False,missing_leg_or_field,exact_status_value,null,"{""status"":""not_applicable"",""value"":null}"
A2,Q5_hold_inbound_course,KAAS_R05,leg_3.Q5_hold_params,False,missing_leg_or_field,exact_status_value,null,"{""status"":""present"",""value"":{""inbound_course_deg"":235.0,""leg_distance_nm"":4.0,""leg_time_min"":null,""turn"":""RIGHT""}}"
A2,Q4_angle,KAAS_R23,leg_1.Q4_course_or_radial,False,status_not_applicable,degree_display_rounding,"{""status"":""not_applicable"",""value"":null}","{""status"":""present"",""value"":{""course_deg"":235.0,""type"":""course_deg""}}"
A2,Q5_hold_other,KAAS_R23,leg_1.Q5_hold_params,False,target_not_present_but_pred_present,exact_status_value,"{""status"":""present"",""value"":{""inbound_course_deg"":null,""leg_distance_nm"":null,""leg_time_min"":1.0,""turn"":""RIGHT""}}","{""status"":""not_applicable"",""value"":null}"
A2,Q4_direct,KAAS_R23,leg_2.Q4_course_or_radial,False,missing_leg_or_field,exact_status_value,null,"{""status"":""present"",""value"":{""type"":""direct""}}"
A2,Q4_not_applicable,KAAS_R23,leg_3.Q4_course_or_radial,False,missing_leg_or_field,exact_status_value,null,"{""status"":""not_applicable"",""value"":null}"
A2,Q5_hold_inbound_course,KAAS_R23,leg_3.Q5_hold_params,False,missing_leg_or_field,degree_display_rounding,null,"{""status"":""present"",""value"":{""inbound_course_deg"":54.8,""leg_distance_nm"":4.0,""leg_time_min"":null,""turn"":""RIGHT""}}"
A2,Q4_angle,KABE_I06,leg_1.Q4_course_or_radial,False,status_unknown,degree_display_rounding,"{""status"":""unknown"",""value"":null}","{""status"":""present"",""value"":{""course_deg"":63.3,""type"":""course_deg""}}"
A2,Q4_angle,KABE_I06,leg_2.Q4_course_or_radial,False,round_equivalent_but_other_mismatch,degree_display_rounding,"{""status"":""present"",""value"":{""direction"":""outbound"",""navaid"":""STW"",""radial_deg"":243.0,""type"":""navaid_radial""}}","{""status"":""present"",""value"":{""direction"":""inbound"",""navaid"":""STW"",""radial_deg"":243.1,""type"":""navaid_radial""}}"
A2,Q4_not_applicable,KABE_I06,leg_3.Q4_course_or_radial,True,correct,exact_status_value,"{""status"":""not_applicable"",""value"":null}","{""status"":""not_applicable"",""value"":null}"
A2,Q5_hold_inbound_course,KABE_I06,leg_3.Q5_hold_params,False,missing_inbound_course_deg,degree_display_rounding,"{""status"":""present"",""value"":{""inbound_course_deg"":null,""leg_distance_nm"":null,""leg_time_min"":1.0,""turn"":""RIGHT""}}","{""status"":""present"",""value"":{""inbound_course_deg"":243.1,""leg_distance_nm"":null,""leg_time_min"":1.0,""turn"":""RIGHT""}}"
A2,Q4_angle,KABE_R13,leg_1.Q4_course_or_radial,False,type_mismatch:direct->course_deg,degree_display_rounding,"{""status"":""present"",""value"":{""type"":""direct""}}","{""status"":""present"",""value"":{""course_deg"":134.9,""type"":""course_deg""}}"
A2,Q4_direct,KABE_R13,leg_2.Q4_course_or_radial,False,missing_leg_or_field,exact_status_value,null,"{""status"":""present"",""value"":{""type"":""direct""}}"
A2,Q4_not_applicable,KABE_R13,leg_3.Q4_course_or_radial,False,missing_leg_or_field,exact_status_value,null,"{""status"":""not_applicable"",""value"":null}"
A2,Q4_not_applicable,KABE_R13,leg_4.Q4_course_or_radial,False,missing_leg_or_field,exact_status_value,null,"{""status"":""not_applicable"",""value"":null}"
A2,Q5_hold_inbound_course,KABE_R13,leg_4.Q5_hold_params,False,missing_leg_or_field,degree_display_rounding,null,"{""status"":""present"",""value"":{""inbound_course_deg"":115.1,""leg_distance_nm"":4.0,""leg_time_min"":null,""turn"":""RIGHT""}}"
A2,Q4_angle,KABE_R24,leg_1.Q4_course_or_radial,False,type_mismatch:direct->course_deg,degree_display_rounding,"{""status"":""present"",""value"":{""type"":""direct""}}","{""status"":""present"",""value"":{""course_deg"":243.4,""type"":""course_deg""}}"
A2,Q4_direct,KABE_R24,leg_2.Q4_course_or_radial,False,status_not_applicable,exact_status_value,"{""status"":""not_applicable"",""value"":null}","{""status"":""present"",""value"":{""type"":""direct""}}"
A2,Q5_hold_other,KABE_R24,leg_2.Q5_hold_params,False,target_not_present_but_pred_present,exact_status_value,"{""status"":""present"",""value"":{""inbound_course_deg"":null,""leg_distance_nm"":null,""leg_time_min"":1.0,""turn"":""RIGHT""}}","{""status"":""not_applicable"",""value"":null}"
A2,Q4_not_applicable,KABE_R24,leg_3.Q4_course_or_radial,False,missing_leg_or_field,exact_status_value,null,"{""status"":""not_applicable"",""value"":null}"
A2,Q4_not_applicable,KABE_R24,leg_4.Q4_course_or_radial,False,missing_leg_or_field,exact_status_value,null,"{""status"":""not_applicable"",""value"":null}"
A2,Q5_hold_inbound_course,KABE_R24,leg_4.Q5_hold_params,False,missing_leg_or_field,exact_status_value,null,"{""status"":""present"",""value"":{""inbound_course_deg"":239.0,""leg_distance_nm"":4.0,""leg_time_min"":null,""turn"":""RIGHT""}}"
A2,Q4_angle,KABI_R17L,leg_1.Q4_course_or_radial,False,type_mismatch:direct->course_deg,degree_display_rounding,"{""status"":""present"",""value"":{""type"":""direct""}}","{""status"":""present"",""value"":{""course_deg"":174.8,""type"":""course_deg""}}"
A2,Q4_direct,KABI_R17L,leg_2.Q4_course_or_radial,False,status_not_applicable,exact_status_value,"{""status"":""not_applicable"",""value"":null}","{""status"":""present"",""value"":{""type"":""direct""}}"
A2,Q5_hold_other,KABI_R17L,leg_2.Q5_hold_params,False,target_not_present_but_pred_present,exact_status_value,"{""status"":""present"",""value"":{""inbound_course_deg"":null,""leg_distance_nm"":null,""leg_time_min"":1.0,""turn"":""RIGHT""}}","{""status"":""not_applicable"",""value"":null}"
A2,Q4_not_applicable,KABI_R17L,leg_3.Q4_course_or_radial,False,missing_leg_or_field,exact_status_value,null,"{""status"":""not_applicable"",""value"":null}"
A2,Q5_hold_inbound_course,KABI_R17L,leg_3.Q5_hold_params,False,missing_leg_or_field,degree_display_rounding,null,"{""status"":""present"",""value"":{""inbound_course_deg"":354.8,""leg_distance_nm"":4.0,""leg_time_min"":null,""turn"":""RIGHT""}}"
A2,Q4_angle,KABI_R35R,leg_1.Q4_course_or_radial,False,status_unknown,degree_display_rounding,"{""status"":""unknown"",""value"":null}","{""status"":""present"",""value"":{""course_deg"":354.8,""type"":""course_deg""}}"
A2,Q4_direct,KABI_R35R,leg_2.Q4_course_or_radial,False,status_not_applicable,exact_status_value,"{""status"":""not_applicable"",""value"":null}","{""status"":""present"",""value"":{""type"":""direct""}}"
A2,Q5_hold_other,KABI_R35R,leg_2.Q5_hold_params,False,target_not_present_but_pred_present,exact_status_value,"{""status"":""present"",""value"":{""inbound_course_deg"":null,""leg_distance_nm"":null,""leg_time_min"":1.0,""turn"":""RIGHT""}}","{""status"":""not_applicable"",""value"":null}"
A2,Q4_not_applicable,KABI_R35R,leg_3.Q4_course_or_radial,True,correct,exact_status_value,"{""status"":""not_applicable"",""value"":null}","{""status"":""not_applicable"",""value"":null}"
A2,Q5_hold_inbound_course,KABI_R35R,leg_3.Q5_hold_params,False,missing_inbound_course_deg,degree_display_rounding,"{""status"":""present"",""value"":{""inbound_course_deg"":null,""leg_distance_nm"":null,""leg_time_min"":1.0,""turn"":""RIGHT""}}","{""status"":""present"",""value"":{""inbound_course_deg"":174.8,""leg_distance_nm"":4.0,""leg_time_min"":null,""turn"":""RIGHT""}}"
A2,Q4_angle,KABR_R13,leg_1.Q4_course_or_radial,False,status_not_applicable,degree_display_rounding,"{""status"":""not_applicable"",""value"":null}","{""status"":""present"",""value"":{""course_deg"":128.0,""type"":""course_deg""}}"
A2,Q5_hold_other,KABR_R13,leg_1.Q5_hold_params,False,target_not_present_but_pred_present,exact_status_value,"{""status"":""present"",""value"":{""inbound_course_deg"":null,""leg_distance_nm"":null,""leg_time_min"":1.0,""turn"":""RIGHT""}}","{""status"":""not_applicable"",""value"":null}"
A2,Q4_direct,KABR_R13,leg_2.Q4_course_or_radial,False,status_not_applicable,exact_status_value,"{""status"":""not_applicable"",""value"":null}","{""status"":""present"",""value"":{""type"":""direct""}}"
A2,Q5_hold_other,KABR_R13,leg_2.Q5_hold_params,False,target_not_present_but_pred_present,exact_status_value,"{""status"":""present"",""value"":{""inbound_course_deg"":null,""leg_distance_nm"":null,""leg_time_min"":1.0,""turn"":""RIGHT""}}","{""status"":""not_applicable"",""value"":null}"
A2,Q4_not_applicable,KABR_R13,leg_3.Q4_course_or_radial,False,missing_leg_or_field,exact_status_value,null,"{""status"":""not_applicable"",""value"":null}"
A2,Q5_hold_inbound_course,KABR_R13,leg_3.Q5_hold_params,False,missing_leg_or_field,degree_display_rounding,null,"{""status"":""present"",""value"":{""inbound_course_deg"":308.2,""leg_distance_nm"":4.0,""leg_time_min"":null,""turn"":""RIGHT""}}"
A2,Q4_angle,KABR_R17,leg_1.Q4_course_or_radial,False,status_not_applicable,degree_display_rounding,"{""status"":""not_applicable"",""value"":null}","{""status"":""present"",""value"":{""course_deg"":172.9,""type"":""course_deg""}}"
A2,Q5_hold_other,KABR_R17,leg_1.Q5_hold_params,False,target_not_present_but_pred_present,exact_status_value,"{""status"":""present"",""value"":{""inbound_course_deg"":null,""leg_distance_nm"":null,""leg_time_min"":1.0,""turn"":""RIGHT""}}","{""status"":""not_applicable"",""value"":null}"
A2,Q4_direct,KABR_R17,leg_2.Q4_course_or_radial,False,status_not_applicable,exact_status_value,"{""status"":""not_applicable"",""value"":null}","{""status"":""present"",""value"":{""type"":""direct""}}"
A2,Q5_hold_other,KABR_R17,leg_2.Q5_hold_params,False,target_not_present_but_pred_present,exact_status_value,"{""status"":""present"",""value"":{""inbound_course_deg"":null,""leg_distance_nm"":4.0,""leg_time_min"":null,""turn"":""RIGHT""}}","{""status"":""not_applicable"",""value"":null}"
A2,Q4_not_applicable,KABR_R17,leg_3.Q4_course_or_radial,False,missing_leg_or_field,exact_status_value,null,"{""status"":""not_applicable"",""value"":null}"
A2,Q5_hold_inbound_course,KABR_R17,leg_3.Q5_hold_params,False,missing_leg_or_field,degree_display_rounding,null,"{""status"":""present"",""value"":{""inbound_course_deg"":352.9,""leg_distance_nm"":4.0,""leg_time_min"":null,""turn"":""RIGHT""}}"
A2,Q4_angle,KABR_R31,leg_1.Q4_course_or_radial,False,status_unknown,degree_display_rounding,"{""status"":""unknown"",""value"":null}","{""status"":""present"",""value"":{""course_deg"":308.1,""type"":""course_deg""}}"
A2,Q4_direct,KABR_R31,leg_2.Q4_course_or_radial,False,status_not_applicable,exact_status_value,"{""status"":""not_applicable"",""value"":null}","{""status"":""present"",""value"":{""type"":""direct""}}"
A2,Q5_hold_other,KABR_R31,leg_2.Q5_hold_params,False,target_not_present_but_pred_present,exact_status_value,"{""status"":""present"",""value"":{""inbound_course_deg"":null,""leg_distance_nm"":null,""leg_time_min"":1.0,""turn"":""RIGHT""}}","{""status"":""not_applicable"",""value"":null}"
A2,Q4_not_applicable,KABR_R31,leg_3.Q4_course_or_radial,False,missing_leg_or_field,exact_status_value,null,"{""status"":""not_applicable"",""value"":null}"
A2,Q5_hold_inbound_course,KABR_R31,leg_3.Q5_hold_params,False,missing_leg_or_field,degree_display_rounding,null,"{""status"":""present"",""value"":{""inbound_course_deg"":127.9,""leg_distance_nm"":4.0,""leg_time_min"":null,""turn"":""RIGHT""}}"
A2,Q4_angle,KABY_R05,leg_1.Q4_course_or_radial,False,status_unknown,degree_display_rounding,"{""status"":""unknown"",""value"":null}","{""status"":""present"",""value"":{""course_deg"":47.1,""type"":""course_deg""}}"
A2,Q4_direct,KABY_R05,leg_2.Q4_course_or_radial,False,status_not_applicable,exact_status_value,"{""status"":""not_applicable"",""value"":null}","{""status"":""present"",""value"":{""type"":""direct""}}"
A2,Q5_hold_other,KABY_R05,leg_2.Q5_hold_params,False,target_not_present_but_pred_present,exact_status_value,"{""status"":""present"",""value"":{""inbound_course_deg"":null,""leg_distance_nm"":null,""leg_time_min"":1.0,""turn"":""RIGHT""}}","{""status"":""not_applicable"",""value"":null}"
A2,Q4_not_applicable,KABY_R05,leg_3.Q4_course_or_radial,False,missing_leg_or_field,exact_status_value,null,"{""status"":""not_applicable"",""value"":null}"
A2,Q4_not_applicable,KABY_R05,leg_4.Q4_course_or_radial,False,missing_leg_or_field,exact_status_value,null,"{""status"":""not_applicable"",""value"":null}"
A2,Q5_hold_inbound_course,KABY_R05,leg_4.Q5_hold_params,False,missing_leg_or_field,degree_display_rounding,null,"{""status"":""present"",""value"":{""inbound_course_deg"":60.7,""leg_distance_nm"":4.0,""leg_time_min"":null,""turn"":""RIGHT""}}"
A2,Q4_angle,KABY_R17,leg_1.Q4_course_or_radial,False,status_not_applicable,degree_display_rounding,"{""status"":""not_applicable"",""value"":null}","{""status"":""present"",""value"":{""course_deg"":166.8,""type"":""course_deg""}}"
A2,Q5_hold_other,KABY_R17,leg_1.Q5_hold_params,False,target_not_present_but_pred_present,exact_status_value,"{""status"":""present"",""value"":{""inbound_course_deg"":null,""leg_distance_nm"":null,""leg_time_min"":1.0,""turn"":""RIGHT""}}","{""status"":""not_applicable"",""value"":null}"
A2,Q4_direct,KABY_R17,leg_2.Q4_course_or_radial,False,status_not_applicable,exact_status_value,"{""status"":""not_applicable"",""value"":null}","{""status"":""present"",""value"":{""type"":""direct""}}"
A2,Q5_hold_other,KABY_R17,leg_2.Q5_hold_params,False,target_not_present_but_pred_present,exact_status_value,"{""status"":""present"",""value"":{""inbound_course_deg"":null,""leg_distance_nm"":null,""leg_time_min"":1.0,""turn"":""RIGHT""}}","{""status"":""not_applicable"",""value"":null}"
A2,Q4_not_applicable,KABY_R17,leg_3.Q4_course_or_radial,False,missing_leg_or_field,exact_status_value,null,"{""status"":""not_applicable"",""value"":null}"
A2,Q4_not_applicable,KABY_R17,leg_4.Q4_course_or_radial,False,missing_leg_or_field,exact_status_value,null,"{""status"":""not_applicable"",""value"":null}"
A2,Q5_hold_inbound_course,KABY_R17,leg_4.Q5_hold_params,False,missing_leg_or_field,degree_display_rounding,null,"{""status"":""present"",""value"":{""inbound_course_deg"":188.6,""leg_distance_nm"":4.0,""leg_time_min"":null,""turn"":""RIGHT""}}"
A2,Q4_angle,KABY_R23,leg_1.Q4_course_or_radial,False,type_mismatch:direct->course_deg,degree_display_rounding,"{""status"":""present"",""value"":{""type"":""direct""}}","{""status"":""present"",""value"":{""course_deg"":227.2,""type"":""course_deg""}}"
A2,Q4_direct,KABY_R23,leg_2.Q4_course_or_radial,False,missing_leg_or_field,exact_status_value,null,"{""status"":""present"",""value"":{""type"":""direct""}}"
A2,Q4_not_applicable,KABY_R23,leg_3.Q4_course_or_radial,False,missing_leg_or_field,exact_status_value,null,"{""status"":""not_applicable"",""value"":null}"
A2,Q4_not_applicable,KABY_R23,leg_4.Q4_course_or_radial,False,missing_leg_or_field,exact_status_value,null,"{""status"":""not_applicable"",""value"":null}"
A2,Q5_hold_inbound_course,KABY_R23,leg_4.Q5_hold_params,False,missing_leg_or_field,degree_display_rounding,null,"{""status"":""present"",""value"":{""inbound_course_deg"":188.6,""leg_distance_nm"":4.0,""leg_time_min"":null,""turn"":""RIGHT""}}"
A2,Q4_angle,KACJ_R05,leg_1.Q4_course_or_radial,False,status_not_applicable,degree_display_rounding,"{""status"":""not_applicable"",""value"":null}","{""status"":""present"",""value"":{""course_deg"":49.8,""type"":""course_deg""}}"
A2,Q5_hold_other,KACJ_R05,leg_1.Q5_hold_params,False,target_not_present_but_pred_present,exact_status_value,"{""status"":""present"",""value"":{""inbound_course_deg"":null,""leg_distance_nm"":null,""leg_time_min"":1.0,""turn"":""RIGHT""}}","{""status"":""not_applicable"",""value"":null}"
A2,Q4_direct,KACJ_R05,leg_2.Q4_course_or_radial,False,missing_leg_or_field,exact_status_value,null,"{""status"":""present"",""value"":{""type"":""direct""}}"
A2,Q4_not_applicable,KACJ_R05,leg_3.Q4_course_or_radial,False,missing_leg_or_field,exact_status_value,null,"{""status"":""not_applicable"",""value"":null}"
A2,Q5_hold_inbound_course,KACJ_R05,leg_3.Q5_hold_params,False,missing_leg_or_field,degree_display_rounding,null,"{""status"":""present"",""value"":{""inbound_course_deg"":229.9,""leg_distance_nm"":4.0,""leg_time_min"":null,""turn"":""RIGHT""}}"
A2,Q4_angle,KACJ_R23,leg_1.Q4_course_or_radial,False,status_not_applicable,degree_display_rounding,"{""status"":""not_applicable"",""value"":null}","{""status"":""present"",""value"":{""course_deg"":229.9,""type"":""course_deg""}}"
A2,Q5_hold_other,KACJ_R23,leg_1.Q5_hold_params,False,target_not_present_but_pred_present,exact_status_value,"{""status"":""present"",""value"":{""inbound_course_deg"":null,""leg_distance_nm"":null,""leg_time_min"":1.0,""turn"":""RIGHT""}}","{""status"":""not_applicable"",""value"":null}"
A2,Q4_direct,KACJ_R23,leg_2.Q4_course_or_radial,False,missing_leg_or_field,exact_status_value,null,"{""status"":""present"",""value"":{""type"":""direct""}}"
A2,Q4_not_applicable,KACJ_R23,leg_3.Q4_course_or_radial,False,missing_leg_or_field,exact_status_value,null,"{""status"":""not_applicable"",""value"":null}"
A2,Q5_hold_inbound_course,KACJ_R23,leg_3.Q5_hold_params,False,missing_leg_or_field,degree_display_rounding,null,"{""status"":""present"",""value"":{""inbound_course_deg"":49.8,""leg_distance_nm"":4.0,""leg_time_min"":null,""turn"":""RIGHT""}}"
A2,Q4_angle,KACK_R06,leg_1.Q4_course_or_radial,False,type_mismatch:direct->course_deg,degree_display_rounding,"{""status"":""present"",""value"":{""type"":""direct""}}","{""status"":""present"",""value"":{""course_deg"":59.0,""type"":""course_deg""}}"
A2,Q4_direct,KACK_R06,leg_2.Q4_course_or_radial,False,status_unknown,exact_status_value,"{""status"":""unknown"",""value"":null}","{""status"":""present"",""value"":{""type"":""direct""}}"
A2,Q4_not_applicable,KACK_R06,leg_3.Q4_course_or_radial,True,correct,exact_status_value,"{""status"":""not_applicable"",""value"":null}","{""status"":""not_applicable"",""value"":null}"
A2,Q5_hold_inbound_course,KACK_R06,leg_3.Q5_hold_params,False,missing_inbound_course_deg,degree_display_rounding,"{""status"":""present"",""value"":{""inbound_course_deg"":null,""leg_distance_nm"":4.0,""leg_time_min"":null,""turn"":""RIGHT""}}","{""status"":""present"",""value"":{""inbound_course_deg"":291.6,""leg_distance_nm"":4.0,""leg_time_min"":null,""turn"":""RIGHT""}}"
A2,Q4_angle,KACK_R15,leg_1.Q4_course_or_radial,False,status_unknown,degree_display_rounding,"{""status"":""unknown"",""value"":null}","{""status"":""present"",""value"":{""course_deg"":149.0,""type"":""course_deg""}}"
A2,Q4_direct,KACK_R15,leg_2.Q4_course_or_radial,False,status_not_applicable,exact_status_value,"{""status"":""not_applicable"",""value"":null}","{""status"":""present"",""value"":{""type"":""direct""}}"
A2,Q5_hold_other,KACK_R15,leg_2.Q5_hold_params,False,target_not_present_but_pred_present,exact_status_value,"{""status"":""present"",""value"":{""inbound_course_deg"":null,""leg_distance_nm"":null,""leg_time_min"":1.0,""turn"":""RIGHT""}}","{""status"":""not_applicable"",""value"":null}"
A2,Q4_not_applicable,KACK_R15,leg_3.Q4_course_or_radial,False,missing_leg_or_field,exact_status_value,null,"{""status"":""not_applicable"",""value"":null}"
A2,Q5_hold_inbound_course,KACK_R15,leg_3.Q5_hold_params,False,missing_leg_or_field,degree_display_rounding,null,"{""status"":""present"",""value"":{""inbound_course_deg"":329.1,""leg_distance_nm"":4.0,""leg_time_min"":null,""turn"":""RIGHT""}}"
A2,Q4_angle,KACK_R33,leg_1.Q4_course_or_radial,False,status_not_applicable,degree_display_rounding,"{""status"":""not_applicable"",""value"":null}","{""status"":""present"",""value"":{""course_deg"":329.1,""type"":""course_deg""}}"
A2,Q5_hold_other,KACK_R33,leg_1.Q5_hold_params,False,target_not_present_but_pred_present,exact_status_value,"{""status"":""present"",""value"":{""inbound_course_deg"":null,""leg_distance_nm"":4.0,""leg_time_min"":null,""turn"":""RIGHT""}}","{""status"":""not_applicable"",""value"":null}"
A2,Q4_direct,KACK_R33,leg_2.Q4_course_or_radial,False,missing_leg_or_field,exact_status_value,null,"{""status"":""present"",""value"":{""type"":""direct""}}"
A2,Q4_not_applicable,KACK_R33,leg_3.Q4_course_or_radial,False,missing_leg_or_field,exact_status_value,null,"{""status"":""not_applicable"",""value"":null}"
A2,Q4_not_applicable,KACK_R33,leg_4.Q4_course_or_radial,False,missing_leg_or_field,exact_status_value,null,"{""status"":""not_applicable"",""value"":null}"
A2,Q5_hold_inbound_course,KACK_R33,leg_4.Q5_hold_params,False,missing_leg_or_field,exact_status_value,null,"{""status"":""present"",""value"":{""inbound_course_deg"":90.0,""leg_distance_nm"":4.0,""leg_time_min"":null,""turn"":""LEFT""}}"
A2,Q4_angle,KACP_R18,leg_1.Q4_course_or_radial,False,status_unknown,degree_display_rounding,"{""status"":""unknown"",""value"":null}","{""status"":""present"",""value"":{""course_deg"":177.5,""type"":""course_deg""}}"
A2,Q4_direct,KACP_R18,leg_2.Q4_course_or_radial,False,status_not_applicable,exact_status_value,"{""status"":""not_applicable"",""value"":null}","{""status"":""present"",""value"":{""type"":""direct""}}"
A2,Q5_hold_other,KACP_R18,leg_2.Q5_hold_params,False,target_not_present_but_pred_present,exact_status_value,"{""status"":""present"",""value"":{""inbound_course_deg"":null,""leg_distance_nm"":null,""leg_time_min"":1.0,""turn"":""RIGHT""}}","{""status"":""not_applicable"",""value"":null}"
A2,Q4_not_applicable,KACP_R18,leg_3.Q4_course_or_radial,True,correct,exact_status_value,"{""status"":""not_applicable"",""value"":null}","{""status"":""not_applicable"",""value"":null}"
A2,Q5_hold_inbound_course,KACP_R18,leg_3.Q5_hold_params,False,missing_inbound_course_deg,degree_display_rounding,"{""status"":""present"",""value"":{""inbound_course_deg"":null,""leg_distance_nm"":4.0,""leg_time_min"":null,""turn"":""RIGHT""}}","{""status"":""present"",""value"":{""inbound_course_deg"":357.5,""leg_distance_nm"":4.0,""leg_time_min"":null,""turn"":""RIGHT""}}"
A2,Q4_angle,KACP_R36,leg_1.Q4_course_or_radial,False,status_not_applicable,degree_display_rounding,"{""status"":""not_applicable"",""value"":null}","{""status"":""present"",""value"":{""course_deg"":357.5,""type"":""course_deg""}}"
A2,Q5_hold_other,KACP_R36,leg_1.Q5_hold_params,False,target_not_present_but_pred_present,exact_status_value,"{""status"":""present"",""value"":{""inbound_course_deg"":null,""leg_distance_nm"":null,""leg_time_min"":1.0,""turn"":""RIGHT""}}","{""status"":""not_applicable"",""value"":null}"
A2,Q4_direct,KACP_R36,leg_2.Q4_course_or_radial,False,status_not_applicable,exact_status_value,"{""status"":""not_applicable"",""value"":null}","{""status"":""present"",""value"":{""type"":""direct""}}"
A2,Q5_hold_other,KACP_R36,leg_2.Q5_hold_params,False,target_not_present_but_pred_present,exact_status_value,"{""status"":""present"",""value"":{""inbound_course_deg"":null,""leg_distance_nm"":8.0,""leg_time_min"":null,""turn"":""RIGHT""}}","{""status"":""not_applicable"",""value"":null}"
A2,Q4_not_applicable,KACP_R36,leg_3.Q4_course_or_radial,False,missing_leg_or_field,exact_status_value,null,"{""status"":""not_applicable"",""value"":null}"
A2,Q5_hold_inbound_course,KACP_R36,leg_3.Q5_hold_params,False,missing_leg_or_field,degree_display_rounding,null,"{""status"":""present"",""value"":{""inbound_course_deg"":177.5,""leg_distance_nm"":4.0,""leg_time_min"":null,""turn"":""RIGHT""}}"
A2,Q4_angle,KACQ_R15,leg_1.Q4_course_or_radial,False,type_mismatch:direct->course_deg,degree_display_rounding,"{""status"":""present"",""value"":{""type"":""direct""}}","{""status"":""present"",""value"":{""course_deg"":152.1,""type"":""course_deg""}}"
A2,Q4_direct,KACQ_R15,leg_2.Q4_course_or_radial,False,status_not_applicable,exact_status_value,"{""status"":""not_applicable"",""value"":null}","{""status"":""present"",""value"":{""type"":""direct""}}"
A2,Q5_hold_other,KACQ_R15,leg_2.Q5_hold_params,False,target_not_present_but_pred_present,exact_status_value,"{""status"":""present"",""value"":{""inbound_course_deg"":null,""leg_distance_nm"":null,""leg_time_min"":1.0,""turn"":""RIGHT""}}","{""status"":""not_applicable"",""value"":null}"
A2,Q4_not_applicable,KACQ_R15,leg_3.Q4_course_or_radial,True,correct,exact_status_value,"{""status"":""not_applicable"",""value"":null}","{""status"":""not_applicable"",""value"":null}"
A2,Q5_hold_inbound_course,KACQ_R15,leg_3.Q5_hold_params,False,missing_inbound_course_deg,degree_display_rounding,"{""status"":""present"",""value"":{""inbound_course_deg"":null,""leg_distance_nm"":null,""leg_time_min"":1.0,""turn"":""RIGHT""}}","{""status"":""present"",""value"":{""inbound_course_deg"":332.2,""leg_distance_nm"":4.0,""leg_time_min"":null,""turn"":""RIGHT""}}"
A2,Q4_angle,KACQ_R33,leg_1.Q4_course_or_radial,False,status_unknown,degree_display_rounding,"{""status"":""unknown"",""value"":null}","{""status"":""present"",""value"":{""course_deg"":332.2,""type"":""course_deg""}}"
A2,Q4_direct,KACQ_R33,leg_2.Q4_course_or_radial,False,status_not_applicable,exact_status_value,"{""status"":""not_applicable"",""value"":null}","{""status"":""present"",""value"":{""type"":""direct""}}"
A2,Q5_hold_other,KACQ_R33,leg_2.Q5_hold_params,False,target_not_present_but_pred_present,exact_status_value,"{""status"":""present"",""value"":{""inbound_course_deg"":null,""leg_distance_nm"":null,""leg_time_min"":1.0,""turn"":""RIGHT""}}","{""status"":""not_applicable"",""value"":null}"
A2,Q4_not_applicable,KACQ_R33,leg_3.Q4_course_or_radial,True,correct,exact_status_value,"{""status"":""not_applicable"",""value"":null}","{""status"":""not_applicable"",""value"":null}"
A2,Q5_hold_inbound_course,KACQ_R33,leg_3.Q5_hold_params,False,missing_inbound_course_deg,degree_display_rounding,"{""status"":""present"",""value"":{""inbound_course_deg"":null,""leg_distance_nm"":null,""leg_time_min"":1.0,""turn"":""RIGHT""}}","{""status"":""present"",""value"":{""inbound_course_deg"":152.1,""leg_distance_nm"":4.0,""leg_time_min"":null,""turn"":""RIGHT""}}"
A2,Q4_angle,KACY_R04,leg_1.Q4_course_or_radial,False,status_unknown,degree_display_rounding,"{""status"":""unknown"",""value"":null}","{""status"":""present"",""value"":{""course_deg"":38.0,""type"":""course_deg""}}"
A2,Q4_direct,KACY_R04,leg_2.Q4_course_or_radial,False,status_not_applicable,exact_status_value,"{""status"":""not_applicable"",""value"":null}","{""status"":""present"",""value"":{""type"":""direct""}}"
A2,Q5_hold_other,KACY_R04,leg_2.Q5_hold_params,False,target_not_present_but_pred_present,exact_status_value,"{""status"":""present"",""value"":{""inbound_course_deg"":null,""leg_distance_nm"":null,""leg_time_min"":1.0,""turn"":""RIGHT""}}","{""status"":""not_applicable"",""value"":null}"
A2,Q4_not_applicable,KACY_R04,leg_3.Q4_course_or_radial,True,correct,exact_status_value,"{""status"":""not_applicable"",""value"":null}","{""status"":""not_applicable"",""value"":null}"
A2,Q5_hold_inbound_course,KACY_R04,leg_3.Q5_hold_params,False,missing_inbound_course_deg,exact_status_value,"{""status"":""present"",""value"":{""inbound_course_deg"":null,""leg_distance_nm"":8.0,""leg_time_min"":null,""turn"":""RIGHT""}}","{""status"":""present"",""value"":{""inbound_course_deg"":270.0,""leg_distance_nm"":6.0,""leg_time_min"":null,""turn"":""RIGHT""}}"
A2,Q4_angle,KACY_R13-Y,leg_1.Q4_course_or_radial,False,type_mismatch:direct->course_deg,degree_display_rounding,"{""status"":""present"",""value"":{""type"":""direct""}}","{""status"":""present"",""value"":{""course_deg"":127.9,""type"":""course_deg""}}"
A2,Q4_direct,KACY_R13-Y,leg_2.Q4_course_or_radial,False,status_not_applicable,exact_status_value,"{""status"":""not_applicable"",""value"":null}","{""status"":""present"",""value"":{""type"":""direct""}}"
A2,Q5_hold_other,KACY_R13-Y,leg_2.Q5_hold_params,False,target_not_present_but_pred_present,exact_status_value,"{""status"":""present"",""value"":{""inbound_course_deg"":null,""leg_distance_nm"":null,""leg_time_min"":1.0,""turn"":""RIGHT""}}","{""status"":""not_applicable"",""value"":null}"
A2,Q4_not_applicable,KACY_R13-Y,leg_3.Q4_course_or_radial,False,missing_leg_or_field,exact_status_value,null,"{""status"":""not_applicable"",""value"":null}"
A2,Q4_not_applicable,KACY_R13-Y,leg_4.Q4_course_or_radial,False,missing_leg_or_field,exact_status_value,null,"{""status"":""not_applicable"",""value"":null}"
A2,Q5_hold_inbound_course,KACY_R13-Y,leg_4.Q5_hold_params,False,missing_leg_or_field,degree_display_rounding,null,"{""status"":""present"",""value"":{""inbound_course_deg"":218.2,""leg_distance_nm"":5.0,""leg_time_min"":null,""turn"":""RIGHT""}}"
A2,Q4_angle,KACY_R31-Y,leg_1.Q4_course_or_radial,False,status_not_applicable,degree_display_rounding,"{""status"":""not_applicable"",""value"":null}","{""status"":""present"",""value"":{""course_deg"":308.1,""type"":""course_deg""}}"
A2,Q5_hold_other,KACY_R31-Y,leg_1.Q5_hold_params,False,target_not_present_but_pred_present,exact_status_value,"{""status"":""present"",""value"":{""inbound_course_deg"":null,""leg_distance_nm"":null,""leg_time_min"":1.0,""turn"":""RIGHT""}}","{""status"":""not_applicable"",""value"":null}"
A2,Q4_direct,KACY_R31-Y,leg_2.Q4_course_or_radial,False,missing_leg_or_field,exact_status_value,null,"{""status"":""present"",""value"":{""type"":""direct""}}"
A2,Q4_not_applicable,KACY_R31-Y,leg_3.Q4_course_or_radial,False,missing_leg_or_field,exact_status_value,null,"{""status"":""not_applicable"",""value"":null}"
A2,Q4_not_applicable,KACY_R31-Y,leg_4.Q4_course_or_radial,False,missing_leg_or_field,exact_status_value,null,"{""status"":""not_applicable"",""value"":null}"
A2,Q5_hold_inbound_course,KACY_R31-Y,leg_4.Q5_hold_params,False,missing_leg_or_field,degree_display_rounding,null,"{""status"":""present"",""value"":{""inbound_course_deg"":37.8,""leg_distance_nm"":6.0,""leg_time_min"":null,""turn"":""RIGHT""}}"
A2,Q4_angle,KADC_R16,leg_1.Q4_course_or_radial,False,status_not_applicable,degree_display_rounding,"{""status"":""not_applicable"",""value"":null}","{""status"":""present"",""value"":{""course_deg"":159.3,""type"":""course_deg""}}"
A2,Q5_hold_other,KADC_R16,leg_1.Q5_hold_params,False,target_not_present_but_pred_present,exact_status_value,"{""status"":""present"",""value"":{""inbound_course_deg"":null,""leg_distance_nm"":null,""leg_time_min"":1.0,""turn"":""RIGHT""}}","{""status"":""not_applicable"",""value"":null}"
A2,Q4_direct,KADC_R16,leg_2.Q4_course_or_radial,False,missing_leg_or_field,exact_status_value,null,"{""status"":""present"",""value"":{""type"":""direct""}}"
A2,Q4_not_applicable,KADC_R16,leg_3.Q4_course_or_radial,False,missing_leg_or_field,exact_status_value,null,"{""status"":""not_applicable"",""value"":null}"
A2,Q5_hold_inbound_course,KADC_R16,leg_3.Q5_hold_params,False,missing_leg_or_field,degree_display_rounding,null,"{""status"":""present"",""value"":{""inbound_course_deg"":339.4,""leg_distance_nm"":4.0,""leg_time_min"":null,""turn"":""RIGHT""}}"
A2,Q4_angle,KADC_R34,leg_1.Q4_course_or_radial,False,status_not_applicable,degree_display_rounding,"{""status"":""not_applicable"",""value"":null}","{""status"":""present"",""value"":{""course_deg"":339.3,""type"":""course_deg""}}"
A2,Q5_hold_other,KADC_R34,leg_1.Q5_hold_params,False,target_not_present_but_pred_present,exact_status_value,"{""status"":""present"",""value"":{""inbound_course_deg"":null,""leg_distance_nm"":null,""leg_time_min"":1.0,""turn"":""RIGHT""}}","{""status"":""not_applicable"",""value"":null}"
A2,Q4_direct,KADC_R34,leg_2.Q4_course_or_radial,False,missing_leg_or_field,exact_status_value,null,"{""status"":""present"",""value"":{""type"":""direct""}}"
A2,Q4_not_applicable,KADC_R34,leg_3.Q4_course_or_radial,False,missing_leg_or_field,exact_status_value,null,"{""status"":""not_applicable"",""value"":null}"
A2,Q5_hold_inbound_course,KADC_R34,leg_3.Q5_hold_params,False,missing_leg_or_field,degree_display_rounding,null,"{""status"":""present"",""value"":{""inbound_course_deg"":159.2,""leg_distance_nm"":4.0,""leg_time_min"":null,""turn"":""RIGHT""}}"
A2,Q4_angle,KADF_R04,leg_1.Q4_course_or_radial,False,status_not_applicable,degree_display_rounding,"{""status"":""not_applicable"",""value"":null}","{""status"":""present"",""value"":{""course_deg"":40.2,""type"":""course_deg""}}"
A2,Q5_hold_other,KADF_R04,leg_1.Q5_hold_params,False,target_not_present_but_pred_present,exact_status_value,"{""status"":""present"",""value"":{""inbound_course_deg"":null,""leg_distance_nm"":null,""leg_time_min"":1.0,""turn"":""RIGHT""}}","{""status"":""not_applicable"",""value"":null}"
A2,Q4_direct,KADF_R04,leg_2.Q4_course_or_radial,False,missing_leg_or_field,exact_status_value,null,"{""status"":""present"",""value"":{""type"":""direct""}}"
A2,Q4_not_applicable,KADF_R04,leg_3.Q4_course_or_radial,False,missing_leg_or_field,exact_status_value,null,"{""status"":""not_applicable"",""value"":null}"
A2,Q5_hold_inbound_course,KADF_R04,leg_3.Q5_hold_params,False,missing_leg_or_field,degree_display_rounding,null,"{""status"":""present"",""value"":{""inbound_course_deg"":220.3,""leg_distance_nm"":4.0,""leg_time_min"":null,""turn"":""RIGHT""}}"
A2,Q4_angle,KADF_R22,leg_1.Q4_course_or_radial,False,status_unknown,degree_display_rounding,"{""status"":""unknown"",""value"":null}","{""status"":""present"",""value"":{""course_deg"":220.3,""type"":""course_deg""}}"
A2,Q4_direct,KADF_R22,leg_2.Q4_course_or_radial,False,status_not_applicable,exact_status_value,"{""status"":""not_applicable"",""value"":null}","{""status"":""present"",""value"":{""type"":""direct""}}"
A2,Q5_hold_other,KADF_R22,leg_2.Q5_hold_params,False,target_not_present_but_pred_present,exact_status_value,"{""status"":""present"",""value"":{""inbound_course_deg"":null,""leg_distance_nm"":null,""leg_time_min"":1.0,""turn"":""RIGHT""}}","{""status"":""not_applicable"",""value"":null}"
A2,Q4_not_applicable,KADF_R22,leg_3.Q4_course_or_radial,True,correct,exact_status_value,"{""status"":""not_applicable"",""value"":null}","{""status"":""not_applicable"",""value"":null}"
A2,Q5_hold_inbound_course,KADF_R22,leg_3.Q5_hold_params,False,missing_inbound_course_deg,degree_display_rounding,"{""status"":""present"",""value"":{""inbound_course_deg"":null,""leg_distance_nm"":4.0,""leg_time_min"":null,""turn"":""RIGHT""}}","{""status"":""present"",""value"":{""inbound_course_deg"":40.1,""leg_distance_nm"":4.0,""leg_time_min"":null,""turn"":""LEFT""}}"
A2,Q4_angle,KADH_R18,leg_1.Q4_course_or_radial,False,status_unknown,degree_display_rounding,"{""status"":""unknown"",""value"":null}","{""status"":""present"",""value"":{""course_deg"":177.0,""type"":""course_deg""}}"
A2,Q4_direct,KADH_R18,leg_2.Q4_course_or_radial,False,status_not_applicable,exact_status_value,"{""status"":""not_applicable"",""value"":null}","{""status"":""present"",""value"":{""type"":""direct""}}"
A2,Q5_hold_other,KADH_R18,leg_2.Q5_hold_params,False,target_not_present_but_pred_present,exact_status_value,"{""status"":""present"",""value"":{""inbound_course_deg"":null,""leg_distance_nm"":null,""leg_time_min"":1.0,""turn"":""RIGHT""}}","{""status"":""not_applicable"",""value"":null}"
A2,Q4_not_applicable,KADH_R18,leg_3.Q4_course_or_radial,False,missing_leg_or_field,exact_status_value,null,"{""status"":""not_applicable"",""value"":null}"
A2,Q5_hold_inbound_course,KADH_R18,leg_3.Q5_hold_params,False,missing_leg_or_field,exact_status_value,null,"{""status"":""present"",""value"":{""inbound_course_deg"":357.0,""leg_distance_nm"":4.0,""leg_time_min"":null,""turn"":""RIGHT""}}"
A2,Q4_angle,KADH_R36,leg_1.Q4_course_or_radial,False,status_unknown,degree_display_rounding,"{""status"":""unknown"",""value"":null}","{""status"":""present"",""value"":{""course_deg"":357.0,""type"":""course_deg""}}"
A2,Q4_direct,KADH_R36,leg_2.Q4_course_or_radial,False,missing_leg_or_field,exact_status_value,null,"{""status"":""present"",""value"":{""type"":""direct""}}"
A2,Q4_not_applicable,KADH_R36,leg_3.Q4_course_or_radial,False,missing_leg_or_field,exact_status_value,null,"{""status"":""not_applicable"",""value"":null}"
A2,Q5_hold_inbound_course,KADH_R36,leg_3.Q5_hold_params,False,missing_leg_or_field,exact_status_value,null,"{""status"":""present"",""value"":{""inbound_course_deg"":177.0,""leg_distance_nm"":4.0,""leg_time_min"":null,""turn"":""RIGHT""}}"
A2,Q4_angle,KADM_R13,leg_1.Q4_course_or_radial,False,status_not_applicable,degree_display_rounding,"{""status"":""not_applicable"",""value"":null}","{""status"":""present"",""value"":{""course_deg"":129.4,""type"":""course_deg""}}"
A2,Q5_hold_other,KADM_R13,leg_1.Q5_hold_params,False,target_not_present_but_pred_present,exact_status_value,"{""status"":""present"",""value"":{""inbound_course_deg"":null,""leg_distance_nm"":null,""leg_time_min"":1.0,""turn"":""RIGHT""}}","{""status"":""not_applicable"",""value"":null}"
A2,Q4_direct,KADM_R13,leg_2.Q4_course_or_radial,False,status_not_applicable,exact_status_value,"{""status"":""not_applicable"",""value"":null}","{""status"":""present"",""value"":{""type"":""direct""}}"
A2,Q5_hold_other,KADM_R13,leg_2.Q5_hold_params,False,target_not_present_but_pred_present,exact_status_value,"{""status"":""present"",""value"":{""inbound_course_deg"":null,""leg_distance_nm"":4.0,""leg_time_min"":null,""turn"":""RIGHT""}}","{""status"":""not_applicable"",""value"":null}"
A2,Q4_not_applicable,KADM_R13,leg_3.Q4_course_or_radial,False,missing_leg_or_field,exact_status_value,null,"{""status"":""not_applicable"",""value"":null}"
A2,Q5_hold_inbound_course,KADM_R13,leg_3.Q5_hold_params,False,missing_leg_or_field,degree_display_rounding,null,"{""status"":""present"",""value"":{""inbound_course_deg"":309.5,""leg_distance_nm"":4.0,""leg_time_min"":null,""turn"":""RIGHT""}}"
A2,Q4_angle,KADM_R31,leg_1.Q4_course_or_radial,False,status_unknown,degree_display_rounding,"{""status"":""unknown"",""value"":null}","{""status"":""present"",""value"":{""course_deg"":309.5,""type"":""course_deg""}}"
A2,Q4_direct,KADM_R31,leg_2.Q4_course_or_radial,False,status_not_applicable,exact_status_value,"{""status"":""not_applicable"",""value"":null}","{""status"":""present"",""value"":{""type"":""direct""}}"
A2,Q5_hold_other,KADM_R31,leg_2.Q5_hold_params,False,target_not_present_but_pred_present,exact_status_value,"{""status"":""present"",""value"":{""inbound_course_deg"":null,""leg_distance_nm"":null,""leg_time_min"":1.0,""turn"":""RIGHT""}}","{""status"":""not_applicable"",""value"":null}"
A2,Q4_not_applicable,KADM_R31,leg_3.Q4_course_or_radial,True,correct,exact_status_value,"{""status"":""not_applicable"",""value"":null}","{""status"":""not_applicable"",""value"":null}"
A2,Q5_hold_inbound_course,KADM_R31,leg_3.Q5_hold_params,False,missing_inbound_course_deg,degree_display_rounding,"{""status"":""present"",""value"":{""inbound_course_deg"":null,""leg_distance_nm"":4.0,""leg_time_min"":null,""turn"":""RIGHT""}}","{""status"":""present"",""value"":{""inbound_course_deg"":129.3,""leg_distance_nm"":4.0,""leg_time_min"":null,""turn"":""RIGHT""}}"
A2,Q4_angle,KAEG_R04,leg_1.Q4_course_or_radial,False,status_unknown,degree_display_rounding,"{""status"":""unknown"",""value"":null}","{""status"":""present"",""value"":{""course_deg"":35.1,""type"":""course_deg""}}"
A2,Q4_direct,KAEG_R04,leg_2.Q4_course_or_radial,False,status_not_applicable,exact_status_value,"{""status"":""not_applicable"",""value"":null}","{""status"":""present"",""value"":{""type"":""direct""}}"
A2,Q5_hold_other,KAEG_R04,leg_2.Q5_hold_params,False,target_not_present_but_pred_present,exact_status_value,"{""status"":""present"",""value"":{""inbound_course_deg"":null,""leg_distance_nm"":null,""leg_time_min"":1.0,""turn"":""RIGHT""}}","{""status"":""not_applicable"",""value"":null}"
A2,Q4_not_applicable,KAEG_R04,leg_3.Q4_course_or_radial,True,correct,exact_status_value,"{""status"":""not_applicable"",""value"":null}","{""status"":""not_applicable"",""value"":null}"
A2,Q5_hold_inbound_course,KAEG_R04,leg_3.Q5_hold_params,False,missing_inbound_course_deg,degree_display_rounding,"{""status"":""present"",""value"":{""inbound_course_deg"":null,""leg_distance_nm"":7.0,""leg_time_min"":null,""turn"":""RIGHT""}}","{""status"":""present"",""value"":{""inbound_course_deg"":200.8,""leg_distance_nm"":7.0,""leg_time_min"":null,""turn"":""RIGHT""}}"
A2,Q4_angle,KAEG_R22,leg_1.Q4_course_or_radial,False,missing_leg_or_field,degree_display_rounding,null,"{""status"":""present"",""value"":{""course_deg"":215.2,""type"":""course_deg""}}"
A2,Q4_direct,KAEG_R22,leg_2.Q4_course_or_radial,False,missing_leg_or_field,exact_status_value,null,"{""status"":""present"",""value"":{""type"":""direct""}}"
A2,Q4_not_applicable,KAEG_R22,leg_3.Q4_course_or_radial,False,missing_leg_or_field,exact_status_value,null,"{""status"":""not_applicable"",""value"":null}"
A2,Q5_hold_inbound_course,KAEG_R22,leg_3.Q5_hold_params,False,missing_leg_or_field,degree_display_rounding,null,"{""status"":""present"",""value"":{""inbound_course_deg"":35.1,""leg_distance_nm"":7.0,""leg_time_min"":null,""turn"":""RIGHT""}}"
A2,Q4_angle,KAEL_R17,leg_1.Q4_course_or_radial,False,status_not_applicable,degree_display_rounding,"{""status"":""not_applicable"",""value"":null}","{""status"":""present"",""value"":{""course_deg"":167.2,""type"":""course_deg""}}"
A2,Q5_hold_other,KAEL_R17,leg_1.Q5_hold_params,False,target_not_present_but_pred_present,exact_status_value,"{""status"":""present"",""value"":{""inbound_course_deg"":null,""leg_distance_nm"":null,""leg_time_min"":1.0,""turn"":""RIGHT""}}","{""status"":""not_applicable"",""value"":null}"
A2,Q4_direct,KAEL_R17,leg_2.Q4_course_or_radial,False,missing_leg_or_field,exact_status_value,null,"{""status"":""present"",""value"":{""type"":""direct""}}"
A2,Q4_not_applicable,KAEL_R17,leg_3.Q4_course_or_radial,False,missing_leg_or_field,exact_status_value,null,"{""status"":""not_applicable"",""value"":null}"
A2,Q5_hold_inbound_course,KAEL_R17,leg_3.Q5_hold_params,False,missing_leg_or_field,degree_display_rounding,null,"{""status"":""present"",""value"":{""inbound_course_deg"":347.2,""leg_distance_nm"":4.0,""leg_time_min"":null,""turn"":""RIGHT""}}"
A2,Q4_angle,KAEL_R35,leg_1.Q4_course_or_radial,False,status_unknown,degree_display_rounding,"{""status"":""unknown"",""value"":null}","{""status"":""present"",""value"":{""course_deg"":347.2,""type"":""course_deg""}}"
A2,Q4_direct,KAEL_R35,leg_2.Q4_course_or_radial,False,status_not_applicable,exact_status_value,"{""status"":""not_applicable"",""value"":null}","{""status"":""present"",""value"":{""type"":""direct""}}"
A2,Q5_hold_other,KAEL_R35,leg_2.Q5_hold_params,False,target_not_present_but_pred_present,exact_status_value,"{""status"":""present"",""value"":{""inbound_course_deg"":null,""leg_distance_nm"":null,""leg_time_min"":1.0,""turn"":""RIGHT""}}","{""status"":""not_applicable"",""value"":null}"
A2,Q4_not_applicable,KAEL_R35,leg_3.Q4_course_or_radial,True,correct,exact_status_value,"{""status"":""not_applicable"",""value"":null}","{""status"":""not_applicable"",""value"":null}"
A2,Q5_hold_inbound_course,KAEL_R35,leg_3.Q5_hold_params,False,missing_inbound_course_deg,degree_display_rounding,"{""status"":""present"",""value"":{""inbound_course_deg"":null,""leg_distance_nm"":4.0,""leg_time_min"":null,""turn"":""RIGHT""}}","{""status"":""present"",""value"":{""inbound_course_deg"":167.1,""leg_distance_nm"":4.0,""leg_time_min"":null,""turn"":""RIGHT""}}"
A2,Q4_angle,KAFJ_R09,leg_1.Q4_course_or_radial,False,type_mismatch:direct->course_deg,degree_display_rounding,"{""status"":""present"",""value"":{""type"":""direct""}}","{""status"":""present"",""value"":{""course_deg"":93.0,""type"":""course_deg""}}"
A2,Q4_direct,KAFJ_R09,leg_2.Q4_course_or_radial,False,status_not_applicable,exact_status_value,"{""status"":""not_applicable"",""value"":null}","{""status"":""present"",""value"":{""type"":""direct""}}"
A2,Q5_hold_other,KAFJ_R09,leg_2.Q5_hold_params,False,target_not_present_but_pred_present,exact_status_value,"{""status"":""present"",""value"":{""inbound_course_deg"":null,""leg_distance_nm"":null,""leg_time_min"":1.0,""turn"":""RIGHT""}}","{""status"":""not_applicable"",""value"":null}"
A2,Q4_not_applicable,KAFJ_R09,leg_3.Q4_course_or_radial,False,missing_leg_or_field,exact_status_value,null,"{""status"":""not_applicable"",""value"":null}"
A2,Q5_hold_inbound_course,KAFJ_R09,leg_3.Q5_hold_params,False,missing_leg_or_field,degree_display_rounding,null,"{""status"":""present"",""value"":{""inbound_course_deg"":273.2,""leg_distance_nm"":4.0,""leg_time_min"":null,""turn"":""RIGHT""}}"
A2,Q4_angle,KAFJ_R27,leg_1.Q4_course_or_radial,False,status_unknown,degree_display_rounding,"{""status"":""unknown"",""value"":null}","{""status"":""present"",""value"":{""course_deg"":273.1,""type"":""course_deg""}}"
A2,Q4_direct,KAFJ_R27,leg_2.Q4_course_or_radial,True,correct,exact_status_value,"{""status"":""present"",""value"":{""type"":""direct""}}","{""status"":""present"",""value"":{""type"":""direct""}}"
A2,Q4_not_applicable,KAFJ_R27,leg_3.Q4_course_or_radial,False,missing_leg_or_field,exact_status_value,null,"{""status"":""not_applicable"",""value"":null}"
A2,Q5_hold_inbound_course,KAFJ_R27,leg_3.Q5_hold_params,False,missing_leg_or_field,exact_status_value,null,"{""status"":""present"",""value"":{""inbound_course_deg"":223.0,""leg_distance_nm"":4.0,""leg_time_min"":null,""turn"":""LEFT""}}"
A2,Q4_angle,KAFN_RNV-B,leg_1.Q4_course_or_radial,False,status_not_applicable,degree_display_rounding,"{""status"":""not_applicable"",""value"":null}","{""status"":""present"",""value"":{""course_deg"":22.9,""type"":""course_deg""}}"
A2,Q5_hold_other,KAFN_RNV-B,leg_1.Q5_hold_params,False,target_not_present_but_pred_present,exact_status_value,"{""status"":""present"",""value"":{""inbound_course_deg"":null,""leg_distance_nm"":null,""leg_time_min"":1.0,""turn"":""RIGHT""}}","{""status"":""not_applicable"",""value"":null}"
A2,Q4_direct,KAFN_RNV-B,leg_2.Q4_course_or_radial,False,status_not_applicable,exact_status_value,"{""status"":""not_applicable"",""value"":null}","{""status"":""present"",""value"":{""type"":""direct""}}"
A2,Q5_hold_other,KAFN_RNV-B,leg_2.Q5_hold_params,False,target_not_present_but_pred_present,exact_status_value,"{""status"":""present"",""value"":{""inbound_course_deg"":null,""leg_distance_nm"":null,""leg_time_min"":1.0,""turn"":""RIGHT""}}","{""status"":""not_applicable"",""value"":null}"
A2,Q4_not_applicable,KAFN_RNV-B,leg_3.Q4_course_or_radial,False,missing_leg_or_field,exact_status_value,null,"{""status"":""not_applicable"",""value"":null}"
A2,Q5_hold_inbound_course,KAFN_RNV-B,leg_3.Q5_hold_params,False,missing_leg_or_field,exact_status_value,null,"{""status"":""present"",""value"":{""inbound_course_deg"":203.0,""leg_distance_nm"":4.0,""leg_time_min"":null,""turn"":""LEFT""}}"
A2,Q4_angle,KAFN_RNV-C,leg_1.Q4_course_or_radial,False,status_unknown,degree_display_rounding,"{""status"":""unknown"",""value"":null}","{""status"":""present"",""value"":{""course_deg"":203.0,""type"":""course_deg""}}"
A2,Q4_direct,KAFN_RNV-C,leg_2.Q4_course_or_radial,False,status_not_applicable,exact_status_value,"{""status"":""not_applicable"",""value"":null}","{""status"":""present"",""value"":{""type"":""direct""}}"
A2,Q5_hold_other,KAFN_RNV-C,leg_2.Q5_hold_params,False,target_not_present_but_pred_present,exact_status_value,"{""status"":""present"",""value"":{""inbound_course_deg"":null,""leg_distance_nm"":30.0,""leg_time_min"":null,""turn"":""RIGHT""}}","{""status"":""not_applicable"",""value"":null}"
A2,Q4_not_applicable,KAFN_RNV-C,leg_3.Q4_course_or_radial,False,missing_leg_or_field,exact_status_value,null,"{""status"":""not_applicable"",""value"":null}"
A2,Q5_hold_inbound_course,KAFN_RNV-C,leg_3.Q5_hold_params,False,missing_leg_or_field,degree_display_rounding,null,"{""status"":""present"",""value"":{""inbound_course_deg"":22.9,""leg_distance_nm"":4.0,""leg_time_min"":null,""turn"":""LEFT""}}"
A2,Q4_angle,KAFP_R16,leg_1.Q4_course_or_radial,False,status_unknown,degree_display_rounding,"{""status"":""unknown"",""value"":null}","{""status"":""present"",""value"":{""course_deg"":161.5,""type"":""course_deg""}}"
A2,Q4_direct,KAFP_R16,leg_2.Q4_course_or_radial,True,correct,exact_status_value,"{""status"":""present"",""value"":{""type"":""direct""}}","{""status"":""present"",""value"":{""type"":""direct""}}"
A2,Q4_not_applicable,KAFP_R16,leg_3.Q4_course_or_radial,True,correct,exact_status_value,"{""status"":""not_applicable"",""value"":null}","{""status"":""not_applicable"",""value"":null}"
A2,Q5_hold_inbound_course,KAFP_R16,leg_3.Q5_hold_params,False,missing_inbound_course_deg,degree_display_rounding,"{""status"":""present"",""value"":{""inbound_course_deg"":null,""leg_distance_nm"":2.0,""leg_time_min"":null,""turn"":""RIGHT""}}","{""status"":""present"",""value"":{""inbound_course_deg"":341.6,""leg_distance_nm"":4.0,""leg_time_min"":null,""turn"":""RIGHT""}}"
A2,Q4_angle,KAFP_R34,leg_1.Q4_course_or_radial,False,status_unknown,degree_display_rounding,"{""status"":""unknown"",""value"":null}","{""status"":""present"",""value"":{""course_deg"":341.6,""type"":""course_deg""}}"
A2,Q4_direct,KAFP_R34,leg_2.Q4_course_or_radial,False,status_not_applicable,exact_status_value,"{""status"":""not_applicable"",""value"":null}","{""status"":""present"",""value"":{""type"":""direct""}}"
A2,Q5_hold_other,KAFP_R34,leg_2.Q5_hold_params,False,target_not_present_but_pred_present,exact_status_value,"{""status"":""present"",""value"":{""inbound_course_deg"":null,""leg_distance_nm"":null,""leg_time_min"":1.0,""turn"":""RIGHT""}}","{""status"":""not_applicable"",""value"":null}"
A2,Q4_not_applicable,KAFP_R34,leg_3.Q4_course_or_radial,True,correct,exact_status_value,"{""status"":""not_applicable"",""value"":null}","{""status"":""not_applicable"",""value"":null}"
A2,Q5_hold_inbound_course,KAFP_R34,leg_3.Q5_hold_params,False,missing_inbound_course_deg,degree_display_rounding,"{""status"":""present"",""value"":{""inbound_course_deg"":null,""leg_distance_nm"":null,""leg_time_min"":1.0,""turn"":""RIGHT""}}","{""status"":""present"",""value"":{""inbound_course_deg"":161.5,""leg_distance_nm"":4.0,""leg_time_min"":null,""turn"":""RIGHT""}}"
A2,Q4_angle,KAFW_R16L,leg_1.Q4_course_or_radial,False,status_unknown,degree_display_rounding,"{""status"":""unknown"",""value"":null}","{""status"":""present"",""value"":{""course_deg"":166.2,""type"":""course_deg""}}"
A2,Q4_direct,KAFW_R16L,leg_2.Q4_course_or_radial,False,status_not_applicable,exact_status_value,"{""status"":""not_applicable"",""value"":null}","{""status"":""present"",""value"":{""type"":""direct""}}"
A2,Q5_hold_other,KAFW_R16L,leg_2.Q5_hold_params,False,target_not_present_but_pred_present,exact_status_value,"{""status"":""present"",""value"":{""inbound_course_deg"":null,""leg_distance_nm"":null,""leg_time_min"":1.0,""turn"":""RIGHT""}}","{""status"":""not_applicable"",""value"":null}"
A2,Q4_not_applicable,KAFW_R16L,leg_3.Q4_course_or_radial,False,missing_leg_or_field,exact_status_value,null,"{""status"":""not_applicable"",""value"":null}"
A2,Q5_hold_inbound_course,KAFW_R16L,leg_3.Q5_hold_params,False,missing_leg_or_field,degree_display_rounding,null,"{""status"":""present"",""value"":{""inbound_course_deg"":122.1,""leg_distance_nm"":9.0,""leg_time_min"":null,""turn"":""RIGHT""}}"
A2,Q4_angle,KAFW_R16R,leg_1.Q4_course_or_radial,False,status_unknown,degree_display_rounding,"{""status"":""unknown"",""value"":null}","{""status"":""present"",""value"":{""course_deg"":166.2,""type"":""course_deg""}}"
A2,Q4_direct,KAFW_R16R,leg_2.Q4_course_or_radial,False,status_not_applicable,exact_status_value,"{""status"":""not_applicable"",""value"":null}","{""status"":""present"",""value"":{""type"":""direct""}}"
A2,Q5_hold_other,KAFW_R16R,leg_2.Q5_hold_params,False,target_not_present_but_pred_present,exact_status_value,"{""status"":""present"",""value"":{""inbound_course_deg"":null,""leg_distance_nm"":null,""leg_time_min"":1.0,""turn"":""RIGHT""}}","{""status"":""not_applicable"",""value"":null}"
A2,Q4_not_applicable,KAFW_R16R,leg_3.Q4_course_or_radial,False,missing_leg_or_field,exact_status_value,null,"{""status"":""not_applicable"",""value"":null}"
A2,Q5_hold_inbound_course,KAFW_R16R,leg_3.Q5_hold_params,False,missing_leg_or_field,degree_display_rounding,null,"{""status"":""present"",""value"":{""inbound_course_deg"":122.1,""leg_distance_nm"":9.0,""leg_time_min"":null,""turn"":""RIGHT""}}"
A2,Q4_angle,KAFW_R34R,leg_1.Q4_course_or_radial,False,missing_leg_or_field,degree_display_rounding,null,"{""status"":""present"",""value"":{""course_deg"":346.2,""type"":""course_deg""}}"
A2,Q4_direct,KAFW_R34R,leg_2.Q4_course_or_radial,False,missing_leg_or_field,exact_status_value,null,"{""status"":""present"",""value"":{""type"":""direct""}}"
A2,Q4_not_applicable,KAFW_R34R,leg_3.Q4_course_or_radial,False,missing_leg_or_field,exact_status_value,null,"{""status"":""not_applicable"",""value"":null}"
A2,Q4_not_applicable,KAFW_R34R,leg_4.Q4_course_or_radial,False,missing_leg_or_field,exact_status_value,null,"{""status"":""not_applicable"",""value"":null}"
A2,Q5_hold_inbound_course,KAFW_R34R,leg_4.Q5_hold_params,False,missing_leg_or_field,degree_display_rounding,null,"{""status"":""present"",""value"":{""inbound_course_deg"":122.1,""leg_distance_nm"":9.0,""leg_time_min"":null,""turn"":""RIGHT""}}"
A2,Q4_angle,KAGC_R10,leg_1.Q4_course_or_radial,False,status_unknown,degree_display_rounding,"{""status"":""unknown"",""value"":null}","{""status"":""present"",""value"":{""course_deg"":98.8,""type"":""course_deg""}}"
A2,Q4_direct,KAGC_R10,leg_2.Q4_course_or_radial,False,status_not_applicable,exact_status_value,"{""status"":""not_applicable"",""value"":null}","{""status"":""present"",""value"":{""type"":""direct""}}"
A2,Q5_hold_other,KAGC_R10,leg_2.Q5_hold_params,False,target_not_present_but_pred_present,exact_status_value,"{""status"":""present"",""value"":{""inbound_course_deg"":null,""leg_distance_nm"":null,""leg_time_min"":1.0,""turn"":""RIGHT""}}","{""status"":""not_applicable"",""value"":null}"
A2,Q4_not_applicable,KAGC_R10,leg_3.Q4_course_or_radial,False,missing_leg_or_field,exact_status_value,null,"{""status"":""not_applicable"",""value"":null}"
A2,Q4_not_applicable,KAGC_R10,leg_4.Q4_course_or_radial,False,missing_leg_or_field,exact_status_value,null,"{""status"":""not_applicable"",""value"":null}"
A2,Q5_hold_inbound_course,KAGC_R10,leg_4.Q5_hold_params,False,missing_leg_or_field,exact_status_value,null,"{""status"":""present"",""value"":{""inbound_course_deg"":318.0,""leg_distance_nm"":4.0,""leg_time_min"":null,""turn"":""RIGHT""}}"
A2,Q4_angle,KAGC_R28,leg_1.Q4_course_or_radial,False,type_mismatch:direct->course_deg,degree_display_rounding,"{""status"":""present"",""value"":{""type"":""direct""}}","{""status"":""present"",""value"":{""course_deg"":279.0,""type"":""course_deg""}}"
A2,Q4_direct,KAGC_R28,leg_2.Q4_course_or_radial,False,missing_leg_or_field,exact_status_value,null,"{""status"":""present"",""value"":{""type"":""direct""}}"
A2,Q4_not_applicable,KAGC_R28,leg_3.Q4_course_or_radial,False,missing_leg_or_field,exact_status_value,null,"{""status"":""not_applicable"",""value"":null}"
A2,Q4_not_applicable,KAGC_R28,leg_4.Q4_course_or_radial,False,missing_leg_or_field,exact_status_value,null,"{""status"":""not_applicable"",""value"":null}"
A2,Q5_hold_inbound_course,KAGC_R28,leg_4.Q5_hold_params,False,missing_leg_or_field,exact_status_value,null,"{""status"":""present"",""value"":{""inbound_course_deg"":56.0,""leg_distance_nm"":4.0,""leg_time_min"":null,""turn"":""RIGHT""}}"
A2,Q4_angle,KAGO_R18,leg_1.Q4_course_or_radial,False,type_mismatch:direct->course_deg,degree_display_rounding,"{""status"":""present"",""value"":{""type"":""direct""}}","{""status"":""present"",""value"":{""course_deg"":180.8,""type"":""course_deg""}}"
A2,Q4_direct,KAGO_R18,leg_2.Q4_course_or_radial,False,status_not_applicable,exact_status_value,"{""status"":""not_applicable"",""value"":null}","{""status"":""present"",""value"":{""type"":""direct""}}"
A2,Q5_hold_other,KAGO_R18,leg_2.Q5_hold_params,False,target_not_present_but_pred_present,exact_status_value,"{""status"":""present"",""value"":{""inbound_course_deg"":null,""leg_distance_nm"":null,""leg_time_min"":1.0,""turn"":""RIGHT""}}","{""status"":""not_applicable"",""value"":null}"
A2,Q4_not_applicable,KAGO_R18,leg_3.Q4_course_or_radial,False,missing_leg_or_field,exact_status_value,null,"{""status"":""not_applicable"",""value"":null}"
A2,Q5_hold_inbound_course,KAGO_R18,leg_3.Q5_hold_params,False,missing_leg_or_field,degree_display_rounding,null,"{""status"":""present"",""value"":{""inbound_course_deg"":0.8,""leg_distance_nm"":4.0,""leg_time_min"":null,""turn"":""RIGHT""}}"
A2,Q4_angle,KAGO_R36,leg_1.Q4_course_or_radial,False,status_not_applicable,degree_display_rounding,"{""status"":""not_applicable"",""value"":null}","{""status"":""present"",""value"":{""course_deg"":0.8,""type"":""course_deg""}}"
A2,Q5_hold_other,KAGO_R36,leg_1.Q5_hold_params,False,target_not_present_but_pred_present,exact_status_value,"{""status"":""present"",""value"":{""inbound_course_deg"":null,""leg_distance_nm"":null,""leg_time_min"":1.0,""turn"":""RIGHT""}}","{""status"":""not_applicable"",""value"":null}"
A2,Q4_direct,KAGO_R36,leg_2.Q4_course_or_radial,False,status_not_applicable,exact_status_value,"{""status"":""not_applicable"",""value"":null}","{""status"":""present"",""value"":{""type"":""direct""}}"
A2,Q5_hold_other,KAGO_R36,leg_2.Q5_hold_params,False,target_not_present_but_pred_present,exact_status_value,"{""status"":""present"",""value"":{""inbound_course_deg"":null,""leg_distance_nm"":4.0,""leg_time_min"":null,""turn"":""RIGHT""}}","{""status"":""not_applicable"",""value"":null}"
A2,Q4_not_applicable,KAGO_R36,leg_3.Q4_course_or_radial,True,correct,exact_status_value,"{""status"":""not_applicable"",""value"":null}","{""status"":""not_applicable"",""value"":null}"
A2,Q5_hold_inbound_course,KAGO_R36,leg_3.Q5_hold_params,False,missing_inbound_course_deg,degree_display_rounding,"{""status"":""present"",""value"":{""inbound_course_deg"":null,""leg_distance_nm"":null,""leg_time_min"":1.0,""turn"":""RIGHT""}}","{""status"":""present"",""value"":{""inbound_course_deg"":180.8,""leg_distance_nm"":4.0,""leg_time_min"":null,""turn"":""RIGHT""}}"
A2,Q4_angle,KAGZ_R09,leg_1.Q4_course_or_radial,False,status_not_applicable,degree_display_rounding,"{""status"":""not_applicable"",""value"":null}","{""status"":""present"",""value"":{""course_deg"":89.7,""type"":""course_deg""}}"
A2,Q5_hold_other,KAGZ_R09,leg_1.Q5_hold_params,False,target_not_present_but_pred_present,exact_status_value,"{""status"":""present"",""value"":{""inbound_course_deg"":null,""leg_distance_nm"":4.0,""leg_time_min"":null,""turn"":""RIGHT""}}","{""status"":""not_applicable"",""value"":null}"
A2,Q4_direct,KAGZ_R09,leg_2.Q4_course_or_radial,False,status_not_applicable,exact_status_value,"{""status"":""not_applicable"",""value"":null}","{""status"":""present"",""value"":{""type"":""direct""}}"
A2,Q5_hold_other,KAGZ_R09,leg_2.Q5_hold_params,False,target_not_present_but_pred_present,exact_status_value,"{""status"":""present"",""value"":{""inbound_course_deg"":null,""leg_distance_nm"":null,""leg_time_min"":1.0,""turn"":""RIGHT""}}","{""status"":""not_applicable"",""value"":null}"
A2,Q4_not_applicable,KAGZ_R09,leg_3.Q4_course_or_radial,False,missing_leg_or_field,exact_status_value,null,"{""status"":""not_applicable"",""value"":null}"
A2,Q5_hold_inbound_course,KAGZ_R09,leg_3.Q5_hold_params,False,missing_leg_or_field,degree_display_rounding,null,"{""status"":""present"",""value"":{""inbound_course_deg"":269.9,""leg_distance_nm"":4.0,""leg_time_min"":null,""turn"":""RIGHT""}}"
A2,Q4_angle,KAGZ_R27,leg_1.Q4_course_or_radial,False,missing_leg_or_field,degree_display_rounding,null,"{""status"":""present"",""value"":{""course_deg"":269.8,""type"":""course_deg""}}"
A2,Q4_direct,KAGZ_R27,leg_2.Q4_course_or_radial,False,missing_leg_or_field,exact_status_value,null,"{""status"":""present"",""value"":{""type"":""direct""}}"
A2,Q4_not_applicable,KAGZ_R27,leg_3.Q4_course_or_radial,False,missing_leg_or_field,exact_status_value,null,"{""status"":""not_applicable"",""value"":null}"
A2,Q5_hold_inbound_course,KAGZ_R27,leg_3.Q5_hold_params,False,missing_leg_or_field,degree_display_rounding,null,"{""status"":""present"",""value"":{""inbound_course_deg"":89.6,""leg_distance_nm"":4.0,""leg_time_min"":null,""turn"":""RIGHT""}}"
A2,Q4_angle,KAHN_R02,leg_1.Q4_course_or_radial,False,status_not_applicable,degree_display_rounding,"{""status"":""not_applicable"",""value"":null}","{""status"":""present"",""value"":{""course_deg"":26.8,""type"":""course_deg""}}"
A2,Q5_hold_other,KAHN_R02,leg_1.Q5_hold_params,False,target_not_present_but_pred_present,exact_status_value,"{""status"":""present"",""value"":{""inbound_course_deg"":null,""leg_distance_nm"":null,""leg_time_min"":1.0,""turn"":""RIGHT""}}","{""status"":""not_applicable"",""value"":null}"
A2,Q4_direct,KAHN_R02,leg_2.Q4_course_or_radial,False,missing_leg_or_field,exact_status_value,null,"{""status"":""present"",""value"":{""type"":""direct""}}"
A2,Q4_not_applicable,KAHN_R02,leg_3.Q4_course_or_radial,False,missing_leg_or_field,exact_status_value,null,"{""status"":""not_applicable"",""value"":null}"
A2,Q5_hold_inbound_course,KAHN_R02,leg_3.Q5_hold_params,False,missing_leg_or_field,degree_display_rounding,null,"{""status"":""present"",""value"":{""inbound_course_deg"":206.8,""leg_distance_nm"":4.0,""leg_time_min"":null,""turn"":""RIGHT""}}"
A2,Q4_angle,KAHN_R09,leg_1.Q4_course_or_radial,False,type_mismatch:direct->course_deg,degree_display_rounding,"{""status"":""present"",""value"":{""type"":""direct""}}","{""status"":""present"",""value"":{""course_deg"":94.3,""type"":""course_deg""}}"
A2,Q4_direct,KAHN_R09,leg_2.Q4_course_or_radial,False,status_not_applicable,exact_status_value,"{""status"":""not_applicable"",""value"":null}","{""status"":""present"",""value"":{""type"":""direct""}}"
A2,Q5_hold_other,KAHN_R09,leg_2.Q5_hold_params,False,target_not_present_but_pred_present,exact_status_value,"{""status"":""present"",""value"":{""inbound_course_deg"":null,""leg_distance_nm"":4.0,""leg_time_min"":null,""turn"":""RIGHT""}}","{""status"":""not_applicable"",""value"":null}"
A2,Q4_not_applicable,KAHN_R09,leg_3.Q4_course_or_radial,False,missing_leg_or_field,exact_status_value,null,"{""status"":""not_applicable"",""value"":null}"
A2,Q5_hold_inbound_course,KAHN_R09,leg_3.Q5_hold_params,False,missing_leg_or_field,degree_display_rounding,null,"{""status"":""present"",""value"":{""inbound_course_deg"":274.5,""leg_distance_nm"":4.0,""leg_time_min"":null,""turn"":""RIGHT""}}"
A2,Q4_angle,KAHN_R20,leg_1.Q4_course_or_radial,False,missing_leg_or_field,degree_display_rounding,null,"{""status"":""present"",""value"":{""course_deg"":206.8,""type"":""course_deg""}}"
A2,Q4_direct,KAHN_R20,leg_2.Q4_course_or_radial,False,missing_leg_or_field,exact_status_value,null,"{""status"":""present"",""value"":{""type"":""direct""}}"
A2,Q4_not_applicable,KAHN_R20,leg_3.Q4_course_or_radial,False,missing_leg_or_field,exact_status_value,null,"{""status"":""not_applicable"",""value"":null}"
A2,Q5_hold_inbound_course,KAHN_R20,leg_3.Q5_hold_params,False,missing_leg_or_field,degree_display_rounding,null,"{""status"":""present"",""value"":{""inbound_course_deg"":206.8,""leg_distance_nm"":4.0,""leg_time_min"":null,""turn"":""RIGHT""}}"
A2,Q4_angle,KAIA_R08,leg_1.Q4_course_or_radial,False,status_not_applicable,degree_display_rounding,"{""status"":""not_applicable"",""value"":null}","{""status"":""present"",""value"":{""course_deg"":82.2,""type"":""course_deg""}}"
A2,Q5_hold_other,KAIA_R08,leg_1.Q5_hold_params,False,target_not_present_but_pred_present,exact_status_value,"{""status"":""present"",""value"":{""inbound_course_deg"":null,""leg_distance_nm"":null,""leg_time_min"":1.0,""turn"":""RIGHT""}}","{""status"":""not_applicable"",""value"":null}"
A2,Q4_direct,KAIA_R08,leg_2.Q4_course_or_radial,False,status_not_applicable,exact_status_value,"{""status"":""not_applicable"",""value"":null}","{""status"":""present"",""value"":{""type"":""direct""}}"
A2,Q5_hold_other,KAIA_R08,leg_2.Q5_hold_params,False,target_not_present_but_pred_present,exact_status_value,"{""status"":""present"",""value"":{""inbound_course_deg"":null,""leg_distance_nm"":null,""leg_time_min"":1.0,""turn"":""RIGHT""}}","{""status"":""not_applicable"",""value"":null}"
A2,Q4_not_applicable,KAIA_R08,leg_3.Q4_course_or_radial,True,correct,exact_status_value,"{""status"":""not_applicable"",""value"":null}","{""status"":""not_applicable"",""value"":null}"
A2,Q5_hold_inbound_course,KAIA_R08,leg_3.Q5_hold_params,False,missing_inbound_course_deg,degree_display_rounding,"{""status"":""present"",""value"":{""inbound_course_deg"":null,""leg_distance_nm"":null,""leg_time_min"":1.0,""turn"":""RIGHT""}}","{""status"":""present"",""value"":{""inbound_course_deg"":262.5,""leg_distance_nm"":5.0,""leg_time_min"":null,""turn"":""RIGHT""}}"
A2,Q4_angle,KAIA_R12,leg_1.Q4_course_or_radial,False,status_not_applicable,degree_display_rounding,"{""status"":""not_applicable"",""value"":null}","{""status"":""present"",""value"":{""course_deg"":127.2,""type"":""course_deg""}}"
A2,Q5_hold_other,KAIA_R12,leg_1.Q5_hold_params,False,target_not_present_but_pred_present,exact_status_value,"{""status"":""present"",""value"":{""inbound_course_deg"":null,""leg_distance_nm"":null,""leg_time_min"":1.0,""turn"":""RIGHT""}}","{""status"":""not_applicable"",""value"":null}"
A2,Q4_direct,KAIA_R12,leg_2.Q4_course_or_radial,False,status_not_applicable,exact_status_value,"{""status"":""not_applicable"",""value"":null}","{""status"":""present"",""value"":{""type"":""direct""}}"
A2,Q5_hold_other,KAIA_R12,leg_2.Q5_hold_params,False,target_not_present_but_pred_present,exact_status_value,"{""status"":""present"",""value"":{""inbound_course_deg"":null,""leg_distance_nm"":null,""leg_time_min"":1.0,""turn"":""RIGHT""}}","{""status"":""not_applicable"",""value"":null}"
A2,Q4_not_applicable,KAIA_R12,leg_3.Q4_course_or_radial,False,missing_leg_or_field,exact_status_value,null,"{""status"":""not_applicable"",""value"":null}"
A2,Q5_hold_inbound_course,KAIA_R12,leg_3.Q5_hold_params,False,missing_leg_or_field,degree_display_rounding,null,"{""status"":""present"",""value"":{""inbound_course_deg"":307.4,""leg_distance_nm"":7.0,""leg_time_min"":null,""turn"":""RIGHT""}}"
A2,Q4_angle,KAIA_R26,leg_1.Q4_course_or_radial,False,status_not_applicable,degree_display_rounding,"{""status"":""not_applicable"",""value"":null}","{""status"":""present"",""value"":{""course_deg"":262.4,""type"":""course_deg""}}"
A2,Q5_hold_other,KAIA_R26,leg_1.Q5_hold_params,False,target_not_present_but_pred_present,exact_status_value,"{""status"":""present"",""value"":{""inbound_course_deg"":null,""leg_distance_nm"":null,""leg_time_min"":1.0,""turn"":""RIGHT""}}","{""status"":""not_applicable"",""value"":null}"
A2,Q4_direct,KAIA_R26,leg_2.Q4_course_or_radial,False,status_not_applicable,exact_status_value,"{""status"":""not_applicable"",""value"":null}","{""status"":""present"",""value"":{""type"":""direct""}}"
A2,Q5_hold_other,KAIA_R26,leg_2.Q5_hold_params,False,target_not_present_but_pred_present,exact_status_value,"{""status"":""present"",""value"":{""inbound_course_deg"":null,""leg_distance_nm"":5.0,""leg_time_min"":null,""turn"":""RIGHT""}}","{""status"":""not_applicable"",""value"":null}"
A2,Q4_not_applicable,KAIA_R26,leg_3.Q4_course_or_radial,False,missing_leg_or_field,exact_status_value,null,"{""status"":""not_applicable"",""value"":null}"
A2,Q5_hold_inbound_course,KAIA_R26,leg_3.Q5_hold_params,False,missing_leg_or_field,degree_display_rounding,null,"{""status"":""present"",""value"":{""inbound_course_deg"":82.1,""leg_distance_nm"":5.0,""leg_time_min"":null,""turn"":""RIGHT""}}"
A2,Q4_angle,KAIG_R09,leg_1.Q4_course_or_radial,False,status_unknown,degree_display_rounding,"{""status"":""unknown"",""value"":null}","{""status"":""present"",""value"":{""course_deg"":85.0,""type"":""course_deg""}}"
A2,Q4_direct,KAIG_R09,leg_2.Q4_course_or_radial,False,status_not_applicable,exact_status_value,"{""status"":""not_applicable"",""value"":null}","{""status"":""present"",""value"":{""type"":""direct""}}"
A2,Q5_hold_other,KAIG_R09,leg_2.Q5_hold_params,False,target_not_present_but_pred_present,exact_status_value,"{""status"":""present"",""value"":{""inbound_course_deg"":null,""leg_distance_nm"":null,""leg_time_min"":1.0,""turn"":""RIGHT""}}","{""status"":""not_applicable"",""value"":null}"
A2,Q4_not_applicable,KAIG_R09,leg_3.Q4_course_or_radial,True,correct,exact_status_value,"{""status"":""not_applicable"",""value"":null}","{""status"":""not_applicable"",""value"":null}"
A2,Q5_hold_inbound_course,KAIG_R09,leg_3.Q5_hold_params,False,missing_inbound_course_deg,degree_display_rounding,"{""status"":""present"",""value"":{""inbound_course_deg"":null,""leg_distance_nm"":null,""leg_time_min"":1.0,""turn"":""RIGHT""}}","{""status"":""present"",""value"":{""inbound_course_deg"":265.3,""leg_distance_nm"":4.0,""leg_time_min"":null,""turn"":""RIGHT""}}"
A2,Q4_angle,KAIG_R17,leg_1.Q4_course_or_radial,False,status_unknown,degree_display_rounding,"{""status"":""unknown"",""value"":null}","{""status"":""present"",""value"":{""course_deg"":166.1,""type"":""course_deg""}}"
A2,Q4_direct,KAIG_R17,leg_2.Q4_course_or_radial,False,status_not_applicable,exact_status_value,"{""status"":""not_applicable"",""value"":null}","{""status"":""present"",""value"":{""type"":""direct""}}"
A2,Q5_hold_other,KAIG_R17,leg_2.Q5_hold_params,False,target_not_present_but_pred_present,exact_status_value,"{""status"":""present"",""value"":{""inbound_course_deg"":null,""leg_distance_nm"":7.0,""leg_time_min"":null,""turn"":""RIGHT""}}","{""status"":""not_applicable"",""value"":null}"
A2,Q4_not_applicable,KAIG_R17,leg_3.Q4_course_or_radial,False,missing_leg_or_field,exact_status_value,null,"{""status"":""not_applicable"",""value"":null}"
A2,Q5_hold_inbound_course,KAIG_R17,leg_3.Q5_hold_params,False,missing_leg_or_field,degree_display_rounding,null,"{""status"":""present"",""value"":{""inbound_course_deg"":346.2,""leg_distance_nm"":4.0,""leg_time_min"":null,""turn"":""RIGHT""}}"
A2,Q4_angle,KAIG_R27,leg_1.Q4_course_or_radial,False,status_unknown,degree_display_rounding,"{""status"":""unknown"",""value"":null}","{""status"":""present"",""value"":{""course_deg"":265.2,""type"":""course_deg""}}"
A2,Q4_direct,KAIG_R27,leg_2.Q4_course_or_radial,False,status_not_applicable,exact_status_value,"{""status"":""not_applicable"",""value"":null}","{""status"":""present"",""value"":{""type"":""direct""}}"
A2,Q5_hold_other,KAIG_R27,leg_2.Q5_hold_params,False,target_not_present_but_pred_present,exact_status_value,"{""status"":""present"",""value"":{""inbound_course_deg"":null,""leg_distance_nm"":null,""leg_time_min"":1.0,""turn"":""RIGHT""}}","{""status"":""not_applicable"",""value"":null}"
A2,Q4_not_applicable,KAIG_R27,leg_3.Q4_course_or_radial,True,correct,exact_status_value,"{""status"":""not_applicable"",""value"":null}","{""status"":""not_applicable"",""value"":null}"
A2,Q5_hold_inbound_course,KAIG_R27,leg_3.Q5_hold_params,False,missing_inbound_course_deg,degree_display_rounding,"{""status"":""present"",""value"":{""inbound_course_deg"":null,""leg_distance_nm"":4.0,""leg_time_min"":null,""turn"":""RIGHT""}}","{""status"":""present"",""value"":{""inbound_course_deg"":84.9,""leg_distance_nm"":4.0,""leg_time_min"":null,""turn"":""RIGHT""}}"
A2,Q4_angle,KAIK_R07,leg_1.Q4_course_or_radial,False,missing_leg_or_field,degree_display_rounding,null,"{""status"":""present"",""value"":{""course_deg"":66.3,""type"":""course_deg""}}"
A2,Q4_direct,KAIK_R07,leg_2.Q4_course_or_radial,False,missing_leg_or_field,exact_status_value,null,"{""status"":""present"",""value"":{""type"":""direct""}}"
A2,Q4_not_applicable,KAIK_R07,leg_3.Q4_course_or_radial,False,missing_leg_or_field,exact_status_value,null,"{""status"":""not_applicable"",""value"":null}"
A2,Q5_hold_inbound_course,KAIK_R07,leg_3.Q5_hold_params,False,missing_leg_or_field,degree_display_rounding,null,"{""status"":""present"",""value"":{""inbound_course_deg"":246.5,""leg_distance_nm"":4.0,""leg_time_min"":null,""turn"":""RIGHT""}}"
A2,Q4_angle,KAIK_R25,leg_1.Q4_course_or_radial,False,type_mismatch:direct->course_deg,degree_display_rounding,"{""status"":""present"",""value"":{""type"":""direct""}}","{""status"":""present"",""value"":{""course_deg"":246.4,""type"":""course_deg""}}"
A2,Q4_direct,KAIK_R25,leg_2.Q4_course_or_radial,False,status_not_applicable,exact_status_value,"{""status"":""not_applicable"",""value"":null}","{""status"":""present"",""value"":{""type"":""direct""}}"
A2,Q5_hold_other,KAIK_R25,leg_2.Q5_hold_params,False,target_not_present_but_pred_present,exact_status_value,"{""status"":""present"",""value"":{""inbound_course_deg"":null,""leg_distance_nm"":null,""leg_time_min"":1.0,""turn"":""RIGHT""}}","{""status"":""not_applicable"",""value"":null}"
A2,Q4_not_applicable,KAIK_R25,leg_3.Q4_course_or_radial,False,missing_leg_or_field,exact_status_value,null,"{""status"":""not_applicable"",""value"":null}"
A2,Q5_hold_inbound_course,KAIK_R25,leg_3.Q5_hold_params,False,missing_leg_or_field,degree_display_rounding,null,"{""status"":""present"",""value"":{""inbound_course_deg"":66.2,""leg_distance_nm"":4.0,""leg_time_min"":null,""turn"":""RIGHT""}}"
A2,Q4_angle,KAIO_R02,leg_1.Q4_course_or_radial,False,status_not_applicable,degree_display_rounding,"{""status"":""not_applicable"",""value"":null}","{""status"":""present"",""value"":{""course_deg"":17.8,""type"":""course_deg""}}"
A2,Q5_hold_other,KAIO_R02,leg_1.Q5_hold_params,False,target_not_present_but_pred_present,exact_status_value,"{""status"":""present"",""value"":{""inbound_course_deg"":null,""leg_distance_nm"":null,""leg_time_min"":1.0,""turn"":""RIGHT""}}","{""status"":""not_applicable"",""value"":null}"
A2,Q4_direct,KAIO_R02,leg_2.Q4_course_or_radial,False,missing_leg_or_field,exact_status_value,null,"{""status"":""present"",""value"":{""type"":""direct""}}"
A2,Q4_not_applicable,KAIO_R02,leg_3.Q4_course_or_radial,False,missing_leg_or_field,exact_status_value,null,"{""status"":""not_applicable"",""value"":null}"
A2,Q5_hold_inbound_course,KAIO_R02,leg_3.Q5_hold_params,False,missing_leg_or_field,degree_display_rounding,null,"{""status"":""present"",""value"":{""inbound_course_deg"":197.9,""leg_distance_nm"":4.0,""leg_time_min"":null,""turn"":""RIGHT""}}"
A2,Q4_angle,KAIO_R20,leg_1.Q4_course_or_radial,False,type_mismatch:direct->course_deg,degree_display_rounding,"{""status"":""present"",""value"":{""type"":""direct""}}","{""status"":""present"",""value"":{""course_deg"":197.8,""type"":""course_deg""}}"
A2,Q4_direct,KAIO_R20,leg_2.Q4_course_or_radial,False,status_not_applicable,exact_status_value,"{""status"":""not_applicable"",""value"":null}","{""status"":""present"",""value"":{""type"":""direct""}}"
A2,Q5_hold_other,KAIO_R20,leg_2.Q5_hold_params,False,target_not_present_but_pred_present,exact_status_value,"{""status"":""present"",""value"":{""inbound_course_deg"":null,""leg_distance_nm"":null,""leg_time_min"":1.0,""turn"":""RIGHT""}}","{""status"":""not_applicable"",""value"":null}"
A2,Q4_not_applicable,KAIO_R20,leg_3.Q4_course_or_radial,True,correct,exact_status_value,"{""status"":""not_applicable"",""value"":null}","{""status"":""not_applicable"",""value"":null}"
A2,Q5_hold_inbound_course,KAIO_R20,leg_3.Q5_hold_params,False,missing_inbound_course_deg,degree_display_rounding,"{""status"":""present"",""value"":{""inbound_course_deg"":null,""leg_distance_nm"":4.0,""leg_time_min"":null,""turn"":""RIGHT""}}","{""status"":""present"",""value"":{""inbound_course_deg"":17.7,""leg_distance_nm"":4.0,""leg_time_min"":null,""turn"":""RIGHT""}}"
A2,Q4_angle,KAIT_R16,leg_1.Q4_course_or_radial,False,type_mismatch:direct->course_deg,degree_display_rounding,"{""status"":""present"",""value"":{""type"":""direct""}}","{""status"":""present"",""value"":{""course_deg"":164.4,""type"":""course_deg""}}"
A2,Q4_direct,KAIT_R16,leg_2.Q4_course_or_radial,False,status_not_applicable,exact_status_value,"{""status"":""not_applicable"",""value"":null}","{""status"":""present"",""value"":{""type"":""direct""}}"
A2,Q5_hold_other,KAIT_R16,leg_2.Q5_hold_params,False,target_not_present_but_pred_present,exact_status_value,"{""status"":""present"",""value"":{""inbound_course_deg"":null,""leg_distance_nm"":null,""leg_time_min"":1.0,""turn"":""RIGHT""}}","{""status"":""not_applicable"",""value"":null}"
A2,Q4_not_applicable,KAIT_R16,leg_3.Q4_course_or_radial,False,missing_leg_or_field,exact_status_value,null,"{""status"":""not_applicable"",""value"":null}"
A2,Q5_hold_inbound_course,KAIT_R16,leg_3.Q5_hold_params,False,missing_leg_or_field,degree_display_rounding,null,"{""status"":""present"",""value"":{""inbound_course_deg"":344.5,""leg_distance_nm"":4.0,""leg_time_min"":null,""turn"":""RIGHT""}}"
A2,Q4_angle,KAIT_R34,leg_1.Q4_course_or_radial,False,status_not_applicable,degree_display_rounding,"{""status"":""not_applicable"",""value"":null}","{""status"":""present"",""value"":{""course_deg"":344.5,""type"":""course_deg""}}"
A2,Q5_hold_other,KAIT_R34,leg_1.Q5_hold_params,False,target_not_present_but_pred_present,exact_status_value,"{""status"":""present"",""value"":{""inbound_course_deg"":null,""leg_distance_nm"":null,""leg_time_min"":1.0,""turn"":""RIGHT""}}","{""status"":""not_applicable"",""value"":null}"
A2,Q4_direct,KAIT_R34,leg_2.Q4_course_or_radial,False,status_not_applicable,exact_status_value,"{""status"":""not_applicable"",""value"":null}","{""status"":""present"",""value"":{""type"":""direct""}}"
A2,Q5_hold_other,KAIT_R34,leg_2.Q5_hold_params,False,target_not_present_but_pred_present,exact_status_value,"{""status"":""present"",""value"":{""inbound_course_deg"":null,""leg_distance_nm"":null,""leg_time_min"":1.0,""turn"":""RIGHT""}}","{""status"":""not_applicable"",""value"":null}"
A2,Q4_not_applicable,KAIT_R34,leg_3.Q4_course_or_radial,False,missing_leg_or_field,exact_status_value,null,"{""status"":""not_applicable"",""value"":null}"
A2,Q5_hold_inbound_course,KAIT_R34,leg_3.Q5_hold_params,False,missing_leg_or_field,degree_display_rounding,null,"{""status"":""present"",""value"":{""inbound_course_deg"":164.4,""leg_distance_nm"":4.0,""leg_time_min"":null,""turn"":""LEFT""}}"
A2,Q4_angle,KAIV_R06,leg_1.Q4_course_or_radial,False,missing_leg_or_field,degree_display_rounding,null,"{""status"":""present"",""value"":{""course_deg"":63.6,""type"":""course_deg""}}"
A2,Q4_direct,KAIV_R06,leg_2.Q4_course_or_radial,False,missing_leg_or_field,exact_status_value,null,"{""status"":""present"",""value"":{""type"":""direct""}}"
A2,Q4_not_applicable,KAIV_R06,leg_3.Q4_course_or_radial,False,missing_leg_or_field,exact_status_value,null,"{""status"":""not_applicable"",""value"":null}"
A2,Q5_hold_inbound_course,KAIV_R06,leg_3.Q5_hold_params,False,missing_leg_or_field,degree_display_rounding,null,"{""status"":""present"",""value"":{""inbound_course_deg"":243.8,""leg_distance_nm"":4.0,""leg_time_min"":null,""turn"":""RIGHT""}}"
A2,Q4_angle,KAIV_R24,leg_1.Q4_course_or_radial,False,status_not_applicable,degree_display_rounding,"{""status"":""not_applicable"",""value"":null}","{""status"":""present"",""value"":{""course_deg"":243.7,""type"":""course_deg""}}"
A2,Q5_hold_other,KAIV_R24,leg_1.Q5_hold_params,False,target_not_present_but_pred_present,exact_status_value,"{""status"":""present"",""value"":{""inbound_course_deg"":null,""leg_distance_nm"":4.0,""leg_time_min"":null,""turn"":""RIGHT""}}","{""status"":""not_applicable"",""value"":null}"
A2,Q4_direct,KAIV_R24,leg_2.Q4_course_or_radial,False,missing_leg_or_field,exact_status_value,null,"{""status"":""present"",""value"":{""type"":""direct""}}"
A2,Q4_not_applicable,KAIV_R24,leg_3.Q4_course_or_radial,False,missing_leg_or_field,exact_status_value,null,"{""status"":""not_applicable"",""value"":null}"
A2,Q5_hold_inbound_course,KAIV_R24,leg_3.Q5_hold_params,False,missing_leg_or_field,degree_display_rounding,null,"{""status"":""present"",""value"":{""inbound_course_deg"":63.5,""leg_distance_nm"":4.0,""leg_time_min"":null,""turn"":""RIGHT""}}"
A2,Q4_angle,KAIZ_R04,leg_1.Q4_course_or_radial,False,status_unknown,degree_display_rounding,"{""status"":""unknown"",""value"":null}","{""status"":""present"",""value"":{""course_deg"":37.0,""type"":""course_deg""}}"
A2,Q4_direct,KAIZ_R04,leg_2.Q4_course_or_radial,False,status_not_applicable,exact_status_value,"{""status"":""not_applicable"",""value"":null}","{""status"":""present"",""value"":{""type"":""direct""}}"
A2,Q5_hold_other,KAIZ_R04,leg_2.Q5_hold_params,False,target_not_present_but_pred_present,exact_status_value,"{""status"":""present"",""value"":{""inbound_course_deg"":null,""leg_distance_nm"":null,""leg_time_min"":1.0,""turn"":""RIGHT""}}","{""status"":""not_applicable"",""value"":null}"
A2,Q4_not_applicable,KAIZ_R04,leg_3.Q4_course_or_radial,True,correct,exact_status_value,"{""status"":""not_applicable"",""value"":null}","{""status"":""not_applicable"",""value"":null}"
A2,Q5_hold_inbound_course,KAIZ_R04,leg_3.Q5_hold_params,False,missing_inbound_course_deg,degree_display_rounding,"{""status"":""present"",""value"":{""inbound_course_deg"":null,""leg_distance_nm"":4.0,""leg_time_min"":null,""turn"":""RIGHT""}}","{""status"":""present"",""value"":{""inbound_course_deg"":217.2,""leg_distance_nm"":4.0,""leg_time_min"":null,""turn"":""RIGHT""}}"
A2,Q4_angle,KAIZ_R22,leg_1.Q4_course_or_radial,False,status_unknown,degree_display_rounding,"{""status"":""unknown"",""value"":null}","{""status"":""present"",""value"":{""course_deg"":217.1,""type"":""course_deg""}}"
A2,Q4_direct,KAIZ_R22,leg_2.Q4_course_or_radial,False,status_not_applicable,exact_status_value,"{""status"":""not_applicable"",""value"":null}","{""status"":""present"",""value"":{""type"":""direct""}}"
A2,Q5_hold_other,KAIZ_R22,leg_2.Q5_hold_params,False,target_not_present_but_pred_present,exact_status_value,"{""status"":""present"",""value"":{""inbound_course_deg"":null,""leg_distance_nm"":null,""leg_time_min"":1.0,""turn"":""RIGHT""}}","{""status"":""not_applicable"",""value"":null}"
A2,Q4_not_applicable,KAIZ_R22,leg_3.Q4_course_or_radial,True,correct,exact_status_value,"{""status"":""not_applicable"",""value"":null}","{""status"":""not_applicable"",""value"":null}"
A2,Q5_hold_inbound_course,KAIZ_R22,leg_3.Q5_hold_params,False,missing_inbound_course_deg,exact_status_value,"{""status"":""present"",""value"":{""inbound_course_deg"":null,""leg_distance_nm"":8.0,""leg_time_min"":null,""turn"":""RIGHT""}}","{""status"":""present"",""value"":{""inbound_course_deg"":37.0,""leg_distance_nm"":4.0,""leg_time_min"":null,""turn"":""RIGHT""}}"
A2,Q4_angle,KAJR_R06,leg_1.Q4_course_or_radial,False,status_unknown,degree_display_rounding,"{""status"":""unknown"",""value"":null}","{""status"":""present"",""value"":{""course_deg"":62.9,""type"":""course_deg""}}"
A2,Q4_direct,KAJR_R06,leg_2.Q4_course_or_radial,False,status_not_applicable,exact_status_value,"{""status"":""not_applicable"",""value"":null}","{""status"":""present"",""value"":{""type"":""direct""}}"
A2,Q5_hold_other,KAJR_R06,leg_2.Q5_hold_params,False,target_not_present_but_pred_present,exact_status_value,"{""status"":""present"",""value"":{""inbound_course_deg"":null,""leg_distance_nm"":null,""leg_time_min"":1.0,""turn"":""RIGHT""}}","{""status"":""not_applicable"",""value"":null}"
A2,Q4_not_applicable,KAJR_R06,leg_3.Q4_course_or_radial,True,correct,exact_status_value,"{""status"":""not_applicable"",""value"":null}","{""status"":""not_applicable"",""value"":null}"
A2,Q5_hold_inbound_course,KAJR_R06,leg_3.Q5_hold_params,False,missing_inbound_course_deg,degree_display_rounding,"{""status"":""present"",""value"":{""inbound_course_deg"":null,""leg_distance_nm"":null,""leg_time_min"":1.0,""turn"":""RIGHT""}}","{""status"":""present"",""value"":{""inbound_course_deg"":62.9,""leg_distance_nm"":5.0,""leg_time_min"":null,""turn"":""RIGHT""}}"
A2,Q4_angle,KAJR_R24,leg_1.Q4_course_or_radial,False,status_not_applicable,degree_display_rounding,"{""status"":""not_applicable"",""value"":null}","{""status"":""present"",""value"":{""course_deg"":245.8,""type"":""course_deg""}}"
A2,Q5_hold_other,KAJR_R24,leg_1.Q5_hold_params,False,target_not_present_but_pred_present,exact_status_value,"{""status"":""present"",""value"":{""inbound_course_deg"":null,""leg_distance_nm"":null,""leg_time_min"":1.0,""turn"":""RIGHT""}}","{""status"":""not_applicable"",""value"":null}"
A2,Q4_direct,KAJR_R24,leg_2.Q4_course_or_radial,False,status_unknown,exact_status_value,"{""status"":""unknown"",""value"":null}","{""status"":""present"",""value"":{""type"":""direct""}}"
A2,Q4_not_applicable,KAJR_R24,leg_3.Q4_course_or_radial,True,correct,exact_status_value,"{""status"":""not_applicable"",""value"":null}","{""status"":""not_applicable"",""value"":null}"
A2,Q5_hold_inbound_course,KAJR_R24,leg_3.Q5_hold_params,False,missing_inbound_course_deg,degree_display_rounding,"{""status"":""present"",""value"":{""inbound_course_deg"":null,""leg_distance_nm"":5.0,""leg_time_min"":null,""turn"":""RIGHT""}}","{""status"":""present"",""value"":{""inbound_course_deg"":62.9,""leg_distance_nm"":5.0,""leg_time_min"":null,""turn"":""RIGHT""}}"
A2,Q4_angle,KAKH_R03,leg_1.Q4_course_or_radial,False,type_mismatch:direct->course_deg,degree_display_rounding,"{""status"":""present"",""value"":{""type"":""direct""}}","{""status"":""present"",""value"":{""course_deg"":34.3,""type"":""course_deg""}}"
A2,Q4_direct,KAKH_R03,leg_2.Q4_course_or_radial,False,status_not_applicable,exact_status_value,"{""status"":""not_applicable"",""value"":null}","{""status"":""present"",""value"":{""type"":""direct""}}"
A2,Q5_hold_other,KAKH_R03,leg_2.Q5_hold_params,False,target_not_present_but_pred_present,exact_status_value,"{""status"":""present"",""value"":{""inbound_course_deg"":null,""leg_distance_nm"":null,""leg_time_min"":1.0,""turn"":""RIGHT""}}","{""status"":""not_applicable"",""value"":null}"
A2,Q4_not_applicable,KAKH_R03,leg_3.Q4_course_or_radial,False,missing_leg_or_field,exact_status_value,null,"{""status"":""not_applicable"",""value"":null}"
A2,Q4_not_applicable,KAKH_R03,leg_4.Q4_course_or_radial,False,missing_leg_or_field,exact_status_value,null,"{""status"":""not_applicable"",""value"":null}"
A2,Q4_not_applicable,KAKH_R03,leg_5.Q4_course_or_radial,False,missing_leg_or_field,exact_status_value,null,"{""status"":""not_applicable"",""value"":null}"
A2,Q5_hold_inbound_course,KAKH_R03,leg_5.Q5_hold_params,False,missing_leg_or_field,degree_display_rounding,null,"{""status"":""present"",""value"":{""inbound_course_deg"":260.7,""leg_distance_nm"":4.0,""leg_time_min"":null,""turn"":""RIGHT""}}"
A2,Q4_angle,KAKH_R21,leg_1.Q4_course_or_radial,False,type_mismatch:direct->course_deg,degree_display_rounding,"{""status"":""present"",""value"":{""type"":""direct""}}","{""status"":""present"",""value"":{""course_deg"":214.4,""type"":""course_deg""}}"
A2,Q4_direct,KAKH_R21,leg_2.Q4_course_or_radial,False,status_not_applicable,exact_status_value,"{""status"":""not_applicable"",""value"":null}","{""status"":""present"",""value"":{""type"":""direct""}}"
A2,Q5_hold_other,KAKH_R21,leg_2.Q5_hold_params,False,target_not_present_but_pred_present,exact_status_value,"{""status"":""present"",""value"":{""inbound_course_deg"":null,""leg_distance_nm"":null,""leg_time_min"":1.0,""turn"":""RIGHT""}}","{""status"":""not_applicable"",""value"":null}"
A2,Q4_not_applicable,KAKH_R21,leg_3.Q4_course_or_radial,False,missing_leg_or_field,exact_status_value,null,"{""status"":""not_applicable"",""value"":null}"
A2,Q4_not_applicable,KAKH_R21,leg_4.Q4_course_or_radial,False,missing_leg_or_field,exact_status_value,null,"{""status"":""not_applicable"",""value"":null}"
A2,Q5_hold_inbound_course,KAKH_R21,leg_4.Q5_hold_params,False,missing_leg_or_field,degree_display_rounding,null,"{""status"":""present"",""value"":{""inbound_course_deg"":260.7,""leg_distance_nm"":4.0,""leg_time_min"":null,""turn"":""RIGHT""}}"
A2,Q4_angle,KAKO_R11,leg_1.Q4_course_or_radial,False,status_unknown,degree_display_rounding,"{""status"":""unknown"",""value"":null}","{""status"":""present"",""value"":{""course_deg"":109.3,""type"":""course_deg""}}"
A2,Q4_direct,KAKO_R11,leg_2.Q4_course_or_radial,False,status_not_applicable,exact_status_value,"{""status"":""not_applicable"",""value"":null}","{""status"":""present"",""value"":{""type"":""direct""}}"
A2,Q5_hold_other,KAKO_R11,leg_2.Q5_hold_params,False,target_not_present_but_pred_present,exact_status_value,"{""status"":""present"",""value"":{""inbound_course_deg"":null,""leg_distance_nm"":null,""leg_time_min"":1.0,""turn"":""RIGHT""}}","{""status"":""not_applicable"",""value"":null}"
A2,Q4_not_applicable,KAKO_R11,leg_3.Q4_course_or_radial,True,correct,exact_status_value,"{""status"":""not_applicable"",""value"":null}","{""status"":""not_applicable"",""value"":null}"
A2,Q5_hold_inbound_course,KAKO_R11,leg_3.Q5_hold_params,False,missing_inbound_course_deg,degree_display_rounding,"{""status"":""present"",""value"":{""inbound_course_deg"":null,""leg_distance_nm"":null,""leg_time_min"":1.0,""turn"":""RIGHT""}}","{""status"":""present"",""value"":{""inbound_course_deg"":289.5,""leg_distance_nm"":7.0,""leg_time_min"":null,""turn"":""RIGHT""}}"
A2,Q4_angle,KAKO_R29,leg_1.Q4_course_or_radial,False,status_not_applicable,degree_display_rounding,"{""status"":""not_applicable"",""value"":null}","{""status"":""present"",""value"":{""course_deg"":289.4,""type"":""course_deg""}}"
A2,Q5_hold_other,KAKO_R29,leg_1.Q5_hold_params,False,target_not_present_but_pred_present,exact_status_value,"{""status"":""present"",""value"":{""inbound_course_deg"":null,""leg_distance_nm"":null,""leg_time_min"":1.0,""turn"":""RIGHT""}}","{""status"":""not_applicable"",""value"":null}"
A2,Q4_direct,KAKO_R29,leg_2.Q4_course_or_radial,False,missing_leg_or_field,exact_status_value,null,"{""status"":""present"",""value"":{""type"":""direct""}}"
A2,Q4_not_applicable,KAKO_R29,leg_3.Q4_course_or_radial,False,missing_leg_or_field,exact_status_value,null,"{""status"":""not_applicable"",""value"":null}"
A2,Q5_hold_inbound_course,KAKO_R29,leg_3.Q5_hold_params,False,missing_leg_or_field,degree_display_rounding,null,"{""status"":""present"",""value"":{""inbound_course_deg"":109.2,""leg_distance_nm"":7.0,""leg_time_min"":null,""turn"":""RIGHT""}}"
A2,Q4_angle,KALB_R10,leg_1.Q4_course_or_radial,False,type_mismatch:direct->course_deg,degree_display_rounding,"{""status"":""present"",""value"":{""type"":""direct""}}","{""status"":""present"",""value"":{""course_deg"":101.1,""type"":""course_deg""}}"
A2,Q4_direct,KALB_R10,leg_2.Q4_course_or_radial,False,status_not_applicable,exact_status_value,"{""status"":""not_applicable"",""value"":null}","{""status"":""present"",""value"":{""type"":""direct""}}"
A2,Q5_hold_other,KALB_R10,leg_2.Q5_hold_params,False,target_not_present_but_pred_present,exact_status_value,"{""status"":""present"",""value"":{""inbound_course_deg"":null,""leg_distance_nm"":null,""leg_time_min"":1.0,""turn"":""RIGHT""}}","{""status"":""not_applicable"",""value"":null}"
A2,Q4_not_applicable,KALB_R10,leg_3.Q4_course_or_radial,False,missing_leg_or_field,exact_status_value,null,"{""status"":""not_applicable"",""value"":null}"
A2,Q4_not_applicable,KALB_R10,leg_4.Q4_course_or_radial,False,missing_leg_or_field,exact_status_value,null,"{""status"":""not_applicable"",""value"":null}"
A2,Q5_hold_inbound_course,KALB_R10,leg_4.Q5_hold_params,False,missing_leg_or_field,exact_status_value,null,"{""status"":""present"",""value"":{""inbound_course_deg"":277.0,""leg_distance_nm"":5.0,""leg_time_min"":null,""turn"":""RIGHT""}}"
A2,Q4_angle,KALB_R19-Y,leg_1.Q4_course_or_radial,False,status_unknown,degree_display_rounding,"{""status"":""unknown"",""value"":null}","{""status"":""present"",""value"":{""course_deg"":191.2,""type"":""course_deg""}}"
A2,Q4_direct,KALB_R19-Y,leg_2.Q4_course_or_radial,False,missing_leg_or_field,exact_status_value,null,"{""status"":""present"",""value"":{""type"":""direct""}}"
A2,Q4_not_applicable,KALB_R19-Y,leg_3.Q4_course_or_radial,False,missing_leg_or_field,exact_status_value,null,"{""status"":""not_applicable"",""value"":null}"
A2,Q4_not_applicable,KALB_R19-Y,leg_4.Q4_course_or_radial,False,missing_leg_or_field,exact_status_value,null,"{""status"":""not_applicable"",""value"":null}"
A2,Q5_hold_inbound_course,KALB_R19-Y,leg_4.Q5_hold_params,False,missing_leg_or_field,degree_display_rounding,null,"{""status"":""present"",""value"":{""inbound_course_deg"":13.8,""leg_distance_nm"":4.0,""leg_time_min"":null,""turn"":""RIGHT""}}"
A2,Q4_angle,KALB_R28,leg_1.Q4_course_or_radial,False,status_not_applicable,degree_display_rounding,"{""status"":""not_applicable"",""value"":null}","{""status"":""present"",""value"":{""course_deg"":281.3,""type"":""course_deg""}}"
A2,Q5_hold_other,KALB_R28,leg_1.Q5_hold_params,False,target_not_present_but_pred_present,exact_status_value,"{""status"":""present"",""value"":{""inbound_course_deg"":null,""leg_distance_nm"":null,""leg_time_min"":1.0,""turn"":""RIGHT""}}","{""status"":""not_applicable"",""value"":null}"
A2,Q4_direct,KALB_R28,leg_2.Q4_course_or_radial,False,missing_leg_or_field,exact_status_value,null,"{""status"":""present"",""value"":{""type"":""direct""}}"
A2,Q4_not_applicable,KALB_R28,leg_3.Q4_course_or_radial,False,missing_leg_or_field,exact_status_value,null,"{""status"":""not_applicable"",""value"":null}"
A2,Q4_not_applicable,KALB_R28,leg_4.Q4_course_or_radial,False,missing_leg_or_field,exact_status_value,null,"{""status"":""not_applicable"",""value"":null}"
A2,Q5_hold_inbound_course,KALB_R28,leg_4.Q5_hold_params,False,missing_leg_or_field,degree_display_rounding,null,"{""status"":""present"",""value"":{""inbound_course_deg"":119.1,""leg_distance_nm"":4.0,""leg_time_min"":null,""turn"":""RIGHT""}}"
A2,Q4_angle,KALI_R13,leg_1.Q4_course_or_radial,False,status_unknown,degree_display_rounding,"{""status"":""unknown"",""value"":null}","{""status"":""present"",""value"":{""course_deg"":128.5,""type"":""course_deg""}}"
A2,Q4_direct,KALI_R13,leg_2.Q4_course_or_radial,False,status_not_applicable,exact_status_value,"{""status"":""not_applicable"",""value"":null}","{""status"":""present"",""value"":{""type"":""direct""}}"
A2,Q5_hold_other,KALI_R13,leg_2.Q5_hold_params,False,target_not_present_but_pred_present,exact_status_value,"{""status"":""present"",""value"":{""inbound_course_deg"":null,""leg_distance_nm"":4.0,""leg_time_min"":null,""turn"":""RIGHT""}}","{""status"":""not_applicable"",""value"":null}"
A2,Q4_not_applicable,KALI_R13,leg_3.Q4_course_or_radial,False,missing_leg_or_field,exact_status_value,null,"{""status"":""not_applicable"",""value"":null}"
A2,Q5_hold_inbound_course,KALI_R13,leg_3.Q5_hold_params,False,missing_leg_or_field,degree_display_rounding,null,"{""status"":""present"",""value"":{""inbound_course_deg"":308.6,""leg_distance_nm"":4.0,""leg_time_min"":null,""turn"":""RIGHT""}}"
A2,Q4_angle,KALI_R31,leg_1.Q4_course_or_radial,False,status_not_applicable,degree_display_rounding,"{""status"":""not_applicable"",""value"":null}","{""status"":""present"",""value"":{""course_deg"":308.5,""type"":""course_deg""}}"
A2,Q5_hold_other,KALI_R31,leg_1.Q5_hold_params,False,target_not_present_but_pred_present,exact_status_value,"{""status"":""present"",""value"":{""inbound_course_deg"":null,""leg_distance_nm"":null,""leg_time_min"":1.0,""turn"":""RIGHT""}}","{""status"":""not_applicable"",""value"":null}"
A2,Q4_direct,KALI_R31,leg_2.Q4_course_or_radial,False,status_not_applicable,exact_status_value,"{""status"":""not_applicable"",""value"":null}","{""status"":""present"",""value"":{""type"":""direct""}}"
A2,Q5_hold_other,KALI_R31,leg_2.Q5_hold_params,False,target_not_present_but_pred_present,exact_status_value,"{""status"":""present"",""value"":{""inbound_course_deg"":null,""leg_distance_nm"":null,""leg_time_min"":1.0,""turn"":""RIGHT""}}","{""status"":""not_applicable"",""value"":null}"
A2,Q4_not_applicable,KALI_R31,leg_3.Q4_course_or_radial,False,missing_leg_or_field,exact_status_value,null,"{""status"":""not_applicable"",""value"":null}"
A2,Q5_hold_inbound_course,KALI_R31,leg_3.Q5_hold_params,False,missing_leg_or_field,degree_display_rounding,null,"{""status"":""present"",""value"":{""inbound_course_deg"":128.4,""leg_distance_nm"":4.0,""leg_time_min"":null,""turn"":""RIGHT""}}"
A2,Q4_angle,KALM_R04,leg_1.Q4_course_or_radial,False,status_unknown,degree_display_rounding,"{""status"":""unknown"",""value"":null}","{""status"":""present"",""value"":{""course_deg"":37.5,""type"":""course_deg""}}"
A2,Q4_direct,KALM_R04,leg_2.Q4_course_or_radial,False,status_not_applicable,exact_status_value,"{""status"":""not_applicable"",""value"":null}","{""status"":""present"",""value"":{""type"":""direct""}}"
A2,Q5_hold_other,KALM_R04,leg_2.Q5_hold_params,False,target_not_present_but_pred_present,exact_status_value,"{""status"":""present"",""value"":{""inbound_course_deg"":null,""leg_distance_nm"":null,""leg_time_min"":1.0,""turn"":""RIGHT""}}","{""status"":""not_applicable"",""value"":null}"
A2,Q4_not_applicable,KALM_R04,leg_3.Q4_course_or_radial,True,correct,exact_status_value,"{""status"":""not_applicable"",""value"":null}","{""status"":""not_applicable"",""value"":null}"
A2,Q5_hold_inbound_course,KALM_R04,leg_3.Q5_hold_params,False,missing_inbound_course_deg,exact_status_value,"{""status"":""present"",""value"":{""inbound_course_deg"":null,""leg_distance_nm"":null,""leg_time_min"":1.0,""turn"":""RIGHT""}}","{""status"":""present"",""value"":{""inbound_course_deg"":160.0,""leg_distance_nm"":5.0,""leg_time_min"":null,""turn"":""RIGHT""}}"
A2,Q4_angle,KALN_L29,leg_1.Q4_course_or_radial,False,status_unknown,degree_display_rounding,"{""status"":""unknown"",""value"":null}","{""status"":""present"",""value"":{""course_deg"":294.4,""type"":""course_deg""}}"
A2,Q4_angle,KALN_L29,leg_2.Q4_course_or_radial,False,status_not_applicable,degree_display_rounding,"{""status"":""not_applicable"",""value"":null}","{""status"":""present"",""value"":{""course_deg"":310.0,""type"":""course_deg""}}"
A2,Q5_hold_other,KALN_L29,leg_2.Q5_hold_params,False,target_not_present_but_pred_present,exact_status_value,"{""status"":""present"",""value"":{""inbound_course_deg"":null,""leg_distance_nm"":null,""leg_time_min"":1.0,""turn"":""RIGHT""}}","{""status"":""not_applicable"",""value"":null}"
A2,Q4_angle,KALN_L29,leg_3.Q4_course_or_radial,False,status_unknown,degree_display_rounding,"{""status"":""unknown"",""value"":null}","{""status"":""present"",""value"":{""direction"":""inbound"",""navaid"":""TOY"",""radial_deg"":322.0,""type"":""navaid_radial""}}"
A2,Q4_not_applicable,KALN_L29,leg_4.Q4_course_or_radial,False,missing_leg_or_field,exact_status_value,null,"{""status"":""not_applicable"",""value"":null}"
A2,Q5_hold_inbound_course,KALN_L29,leg_4.Q5_hold_params,False,missing_leg_or_field,exact_status_value,null,"{""status"":""present"",""value"":{""inbound_course_deg"":142.0,""leg_distance_nm"":null,""leg_time_min"":1.0,""turn"":""LEFT""}}"
A2,Q4_angle,KALN_R11,leg_1.Q4_course_or_radial,False,type_mismatch:direct->course_deg,degree_display_rounding,"{""status"":""present"",""value"":{""type"":""direct""}}","{""status"":""present"",""value"":{""course_deg"":114.3,""type"":""course_deg""}}"
A2,Q4_direct,KALN_R11,leg_2.Q4_course_or_radial,False,status_not_applicable,exact_status_value,"{""status"":""not_applicable"",""value"":null}","{""status"":""present"",""value"":{""type"":""direct""}}"
A2,Q5_hold_other,KALN_R11,leg_2.Q5_hold_params,False,target_not_present_but_pred_present,exact_status_value,"{""status"":""present"",""value"":{""inbound_course_deg"":null,""leg_distance_nm"":null,""leg_time_min"":1.0,""turn"":""RIGHT""}}","{""status"":""not_applicable"",""value"":null}"
A2,Q4_not_applicable,KALN_R11,leg_3.Q4_course_or_radial,True,correct,exact_status_value,"{""status"":""not_applicable"",""value"":null}","{""status"":""not_applicable"",""value"":null}"
A2,Q5_hold_inbound_course,KALN_R11,leg_3.Q5_hold_params,False,missing_inbound_course_deg,degree_display_rounding,"{""status"":""present"",""value"":{""inbound_course_deg"":null,""leg_distance_nm"":8.0,""leg_time_min"":null,""turn"":""RIGHT""}}","{""status"":""present"",""value"":{""inbound_course_deg"":294.5,""leg_distance_nm"":4.0,""leg_time_min"":null,""turn"":""RIGHT""}}"
A2,Q4_angle,KALN_R17,leg_1.Q4_course_or_radial,False,type_mismatch:direct->course_deg,degree_display_rounding,"{""status"":""present"",""value"":{""type"":""direct""}}","{""status"":""present"",""value"":{""course_deg"":174.3,""type"":""course_deg""}}"
A2,Q4_direct,KALN_R17,leg_2.Q4_course_or_radial,False,status_not_applicable,exact_status_value,"{""status"":""not_applicable"",""value"":null}","{""status"":""present"",""value"":{""type"":""direct""}}"
A2,Q5_hold_other,KALN_R17,leg_2.Q5_hold_params,False,target_not_present_but_pred_present,exact_status_value,"{""status"":""present"",""value"":{""inbound_course_deg"":null,""leg_distance_nm"":null,""leg_time_min"":1.0,""turn"":""RIGHT""}}","{""status"":""not_applicable"",""value"":null}"
A2,Q4_not_applicable,KALN_R17,leg_3.Q4_course_or_radial,True,correct,exact_status_value,"{""status"":""not_applicable"",""value"":null}","{""status"":""not_applicable"",""value"":null}"
A2,Q5_hold_other,KALN_R17,leg_3.Q5_hold_params,False,target_not_present_but_pred_present,exact_status_value,"{""status"":""present"",""value"":{""inbound_course_deg"":null,""leg_distance_nm"":null,""leg_time_min"":1.0,""turn"":""RIGHT""}}","{""status"":""not_applicable"",""value"":null}"
A2,Q4_not_applicable,KALN_R17,leg_4.Q4_course_or_radial,True,correct,exact_status_value,"{""status"":""not_applicable"",""value"":null}","{""status"":""not_applicable"",""value"":null}"
A2,Q5_hold_inbound_course,KALN_R17,leg_4.Q5_hold_params,False,missing_inbound_course_deg,exact_status_value,"{""status"":""present"",""value"":{""inbound_course_deg"":null,""leg_distance_nm"":null,""leg_time_min"":1.0,""turn"":""RIGHT""}}","{""status"":""present"",""value"":{""inbound_course_deg"":82.0,""leg_distance_nm"":4.0,""leg_time_min"":null,""turn"":""RIGHT""}}"
A2,Q4_angle,KALO_L12,leg_1.Q4_course_or_radial,False,status_unknown,degree_display_rounding,"{""status"":""unknown"",""value"":null}","{""status"":""present"",""value"":{""course_deg"":127.8,""type"":""course_deg""}}"
A2,Q4_angle,KALO_L12,leg_2.Q4_course_or_radial,False,status_not_applicable,degree_display_rounding,"{""status"":""not_applicable"",""value"":null}","{""status"":""present"",""value"":{""direction"":""inbound"",""navaid"":""ALO"",""radial_deg"":96.5,""type"":""navaid_radial""}}"
A2,Q5_hold_other,KALO_L12,leg_2.Q5_hold_params,False,target_not_present_but_pred_present,exact_status_value,"{""status"":""present"",""value"":{""inbound_course_deg"":null,""leg_distance_nm"":null,""leg_time_min"":1.0,""turn"":""RIGHT""}}","{""status"":""not_applicable"",""value"":null}"
A2,Q4_not_applicable,KALO_L12,leg_3.Q4_course_or_radial,False,missing_leg_or_field,exact_status_value,null,"{""status"":""not_applicable"",""value"":null}"
A2,Q5_hold_inbound_course,KALO_L12,leg_3.Q5_hold_params,False,missing_leg_or_field,degree_display_rounding,null,"{""status"":""present"",""value"":{""inbound_course_deg"":276.5,""leg_distance_nm"":null,""leg_time_min"":1.0,""turn"":""RIGHT""}}"
A2,Q4_angle,KALO_R12,leg_1.Q4_course_or_radial,False,status_unknown,degree_display_rounding,"{""status"":""unknown"",""value"":null}","{""status"":""present"",""value"":{""course_deg"":127.7,""type"":""course_deg""}}"
A2,Q4_direct,KALO_R12,leg_2.Q4_course_or_radial,False,status_not_applicable,exact_status_value,"{""status"":""not_applicable"",""value"":null}","{""status"":""present"",""value"":{""type"":""direct""}}"
A2,Q5_hold_other,KALO_R12,leg_2.Q5_hold_params,False,target_not_present_but_pred_present,exact_status_value,"{""status"":""present"",""value"":{""inbound_course_deg"":null,""leg_distance_nm"":null,""leg_time_min"":1.0,""turn"":""RIGHT""}}","{""status"":""not_applicable"",""value"":null}"
A2,Q4_not_applicable,KALO_R12,leg_3.Q4_course_or_radial,True,correct,exact_status_value,"{""status"":""not_applicable"",""value"":null}","{""status"":""not_applicable"",""value"":null}"
A2,Q5_hold_inbound_course,KALO_R12,leg_3.Q5_hold_params,False,missing_inbound_course_deg,degree_display_rounding,"{""status"":""present"",""value"":{""inbound_course_deg"":null,""leg_distance_nm"":null,""leg_time_min"":1.0,""turn"":""RIGHT""}}","{""status"":""present"",""value"":{""inbound_course_deg"":307.9,""leg_distance_nm"":5.0,""leg_time_min"":null,""turn"":""RIGHT""}}"
A2,Q4_angle,KALO_R18,leg_1.Q4_course_or_radial,False,status_unknown,degree_display_rounding,"{""status"":""unknown"",""value"":null}","{""status"":""present"",""value"":{""course_deg"":187.8,""type"":""course_deg""}}"
A2,Q4_direct,KALO_R18,leg_2.Q4_course_or_radial,False,status_not_applicable,exact_status_value,"{""status"":""not_applicable"",""value"":null}","{""status"":""present"",""value"":{""type"":""direct""}}"
A2,Q5_hold_other,KALO_R18,leg_2.Q5_hold_params,False,target_not_present_but_pred_present,exact_status_value,"{""status"":""present"",""value"":{""inbound_course_deg"":null,""leg_distance_nm"":null,""leg_time_min"":1.0,""turn"":""RIGHT""}}","{""status"":""not_applicable"",""value"":null}"
A2,Q4_not_applicable,KALO_R18,leg_3.Q4_course_or_radial,True,correct,exact_status_value,"{""status"":""not_applicable"",""value"":null}","{""status"":""not_applicable"",""value"":null}"
A2,Q5_hold_inbound_course,KALO_R18,leg_3.Q5_hold_params,False,missing_inbound_course_deg,degree_display_rounding,"{""status"":""present"",""value"":{""inbound_course_deg"":null,""leg_distance_nm"":null,""leg_time_min"":1.0,""turn"":""RIGHT""}}","{""status"":""present"",""value"":{""inbound_course_deg"":187.8,""leg_distance_nm"":4.0,""leg_time_min"":null,""turn"":""RIGHT""}}"
A2,Q4_angle,KALS_I02,leg_1.Q4_course_or_radial,False,status_unknown,degree_display_rounding,"{""status"":""unknown"",""value"":null}","{""status"":""present"",""value"":{""course_deg"":22.8,""type"":""course_deg""}}"
A2,Q4_direct,KALS_I02,leg_2.Q4_course_or_radial,False,status_not_applicable,exact_status_value,"{""status"":""not_applicable"",""value"":null}","{""status"":""present"",""value"":{""type"":""direct""}}"
A2,Q5_hold_other,KALS_I02,leg_2.Q5_hold_params,False,target_not_present_but_pred_present,exact_status_value,"{""status"":""present"",""value"":{""inbound_course_deg"":null,""leg_distance_nm"":null,""leg_time_min"":1.0,""turn"":""RIGHT""}}","{""status"":""not_applicable"",""value"":null}"
A2,Q4_not_applicable,KALS_I02,leg_3.Q4_course_or_radial,True,correct,exact_status_value,"{""status"":""not_applicable"",""value"":null}","{""status"":""not_applicable"",""value"":null}"
A2,Q5_hold_inbound_course,KALS_I02,leg_3.Q5_hold_params,False,missing_inbound_course_deg,exact_status_value,"{""status"":""present"",""value"":{""inbound_course_deg"":null,""leg_distance_nm"":null,""leg_time_min"":1.0,""turn"":""RIGHT""}}","{""status"":""present"",""value"":{""inbound_course_deg"":142.0,""leg_distance_nm"":null,""leg_time_min"":1.0,""turn"":""RIGHT""}}"
A2,Q4_angle,KALS_R02,leg_1.Q4_course_or_radial,False,type_mismatch:direct->course_deg,degree_display_rounding,"{""status"":""present"",""value"":{""type"":""direct""}}","{""status"":""present"",""value"":{""course_deg"":22.7,""type"":""course_deg""}}"
A2,Q4_direct,KALS_R02,leg_2.Q4_course_or_radial,False,status_not_applicable,exact_status_value,"{""status"":""not_applicable"",""value"":null}","{""status"":""present"",""value"":{""type"":""direct""}}"
A2,Q5_hold_other,KALS_R02,leg_2.Q5_hold_params,False,target_not_present_but_pred_present,exact_status_value,"{""status"":""present"",""value"":{""inbound_course_deg"":null,""leg_distance_nm"":null,""leg_time_min"":1.0,""turn"":""RIGHT""}}","{""status"":""not_applicable"",""value"":null}"
A2,Q4_not_applicable,KALS_R02,leg_3.Q4_course_or_radial,False,missing_leg_or_field,exact_status_value,null,"{""status"":""not_applicable"",""value"":null}"
A2,Q4_not_applicable,KALS_R02,leg_4.Q4_course_or_radial,False,missing_leg_or_field,exact_status_value,null,"{""status"":""not_applicable"",""value"":null}"
A2,Q5_hold_inbound_course,KALS_R02,leg_4.Q5_hold_params,False,missing_leg_or_field,degree_display_rounding,null,"{""status"":""present"",""value"":{""inbound_course_deg"":317.1,""leg_distance_nm"":9.0,""leg_time_min"":null,""turn"":""RIGHT""}}"
A2,Q4_angle,KALS_R20,leg_1.Q4_course_or_radial,False,status_unknown,degree_display_rounding,"{""status"":""unknown"",""value"":null}","{""status"":""present"",""value"":{""course_deg"":202.8,""type"":""course_deg""}}"
A2,Q4_direct,KALS_R20,leg_2.Q4_course_or_radial,False,status_not_applicable,exact_status_value,"{""status"":""not_applicable"",""value"":null}","{""status"":""present"",""value"":{""type"":""direct""}}"
A2,Q5_hold_other,KALS_R20,leg_2.Q5_hold_params,False,target_not_present_but_pred_present,exact_status_value,"{""status"":""present"",""value"":{""inbound_course_deg"":null,""leg_distance_nm"":null,""leg_time_min"":1.0,""turn"":""RIGHT""}}","{""status"":""not_applicable"",""value"":null}"
A2,Q4_not_applicable,KALS_R20,leg_3.Q4_course_or_radial,True,correct,exact_status_value,"{""status"":""not_applicable"",""value"":null}","{""status"":""not_applicable"",""value"":null}"
A2,Q5_hold_inbound_course,KALS_R20,leg_3.Q5_hold_params,False,missing_inbound_course_deg,degree_display_rounding,"{""status"":""present"",""value"":{""inbound_course_deg"":null,""leg_distance_nm"":null,""leg_time_min"":1.0,""turn"":""RIGHT""}}","{""status"":""present"",""value"":{""inbound_course_deg"":202.7,""leg_distance_nm"":7.0,""leg_time_min"":null,""turn"":""LEFT""}}"
A2,Q4_angle,KALW_R02,leg_1.Q4_course_or_radial,False,status_unknown,degree_display_rounding,"{""status"":""unknown"",""value"":null}","{""status"":""present"",""value"":{""course_deg"":22.1,""type"":""course_deg""}}"
A2,Q4_direct,KALW_R02,leg_2.Q4_course_or_radial,True,correct,exact_status_value,"{""status"":""present"",""value"":{""type"":""direct""}}","{""status"":""present"",""value"":{""type"":""direct""}}"
A2,Q4_not_applicable,KALW_R02,leg_3.Q4_course_or_radial,True,correct,exact_status_value,"{""status"":""not_applicable"",""value"":null}","{""status"":""not_applicable"",""value"":null}"
A2,Q5_hold_other,KALW_R02,leg_3.Q5_hold_params,False,target_not_present_but_pred_present,exact_status_value,"{""status"":""present"",""value"":{""inbound_course_deg"":null,""leg_distance_nm"":null,""leg_time_min"":1.0,""turn"":""RIGHT""}}","{""status"":""not_applicable"",""value"":null}"
A2,Q4_not_applicable,KALW_R02,leg_4.Q4_course_or_radial,True,correct,exact_status_value,"{""status"":""not_applicable"",""value"":null}","{""status"":""not_applicable"",""value"":null}"
A2,Q5_hold_inbound_course,KALW_R02,leg_4.Q5_hold_params,False,missing_inbound_course_deg,degree_display_rounding,"{""status"":""present"",""value"":{""inbound_course_deg"":null,""leg_distance_nm"":4.0,""leg_time_min"":null,""turn"":""RIGHT""}}","{""status"":""present"",""value"":{""inbound_course_deg"":71.3,""leg_distance_nm"":4.0,""leg_time_min"":null,""turn"":""RIGHT""}}"
A2,Q4_angle,KALW_R20,leg_1.Q4_course_or_radial,False,status_not_applicable,degree_display_rounding,"{""status"":""not_applicable"",""value"":null}","{""status"":""present"",""value"":{""course_deg"":202.3,""type"":""course_deg""}}"
A2,Q5_hold_other,KALW_R20,leg_1.Q5_hold_params,False,target_not_present_but_pred_present,exact_status_value,"{""status"":""present"",""value"":{""inbound_course_deg"":null,""leg_distance_nm"":null,""leg_time_min"":1.0,""turn"":""RIGHT""}}","{""status"":""not_applicable"",""value"":null}"
A2,Q4_direct,KALW_R20,leg_2.Q4_course_or_radial,False,missing_leg_or_field,exact_status_value,null,"{""status"":""present"",""value"":{""type"":""direct""}}"
A2,Q4_not_applicable,KALW_R20,leg_3.Q4_course_or_radial,False,missing_leg_or_field,exact_status_value,null,"{""status"":""not_applicable"",""value"":null}"
A2,Q5_hold_inbound_course,KALW_R20,leg_3.Q5_hold_params,False,missing_leg_or_field,degree_display_rounding,null,"{""status"":""present"",""value"":{""inbound_course_deg"":22.1,""leg_distance_nm"":4.0,""leg_time_min"":null,""turn"":""RIGHT""}}"
A2,Q4_angle,KALX_R18,leg_1.Q4_course_or_radial,False,status_unknown,degree_display_rounding,"{""status"":""unknown"",""value"":null}","{""status"":""present"",""value"":{""course_deg"":181.5,""type"":""course_deg""}}"
A2,Q4_direct,KALX_R18,leg_2.Q4_course_or_radial,False,status_not_applicable,exact_status_value,"{""status"":""not_applicable"",""value"":null}","{""status"":""present"",""value"":{""type"":""direct""}}"
A2,Q5_hold_other,KALX_R18,leg_2.Q5_hold_params,False,target_not_present_but_pred_present,exact_status_value,"{""status"":""present"",""value"":{""inbound_course_deg"":null,""leg_distance_nm"":null,""leg_time_min"":1.0,""turn"":""RIGHT""}}","{""status"":""not_applicable"",""value"":null}"
A2,Q4_not_applicable,KALX_R18,leg_3.Q4_course_or_radial,True,correct,exact_status_value,"{""status"":""not_applicable"",""value"":null}","{""status"":""not_applicable"",""value"":null}"
A2,Q5_hold_inbound_course,KALX_R18,leg_3.Q5_hold_params,False,missing_inbound_course_deg,degree_display_rounding,"{""status"":""present"",""value"":{""inbound_course_deg"":null,""leg_distance_nm"":4.0,""leg_time_min"":null,""turn"":""RIGHT""}}","{""status"":""present"",""value"":{""inbound_course_deg"":1.5,""leg_distance_nm"":4.0,""leg_time_min"":null,""turn"":""RIGHT""}}"
A2,Q4_angle,KALX_R36,leg_1.Q4_course_or_radial,False,status_unknown,degree_display_rounding,"{""status"":""unknown"",""value"":null}","{""status"":""present"",""value"":{""course_deg"":1.5,""type"":""course_deg""}}"
A2,Q4_direct,KALX_R36,leg_2.Q4_course_or_radial,False,status_unknown,exact_status_value,"{""status"":""unknown"",""value"":null}","{""status"":""present"",""value"":{""type"":""direct""}}"
A2,Q4_not_applicable,KALX_R36,leg_3.Q4_course_or_radial,True,correct,exact_status_value,"{""status"":""not_applicable"",""value"":null}","{""status"":""not_applicable"",""value"":null}"
A2,Q5_hold_inbound_course,KALX_R36,leg_3.Q5_hold_params,False,missing_inbound_course_deg,degree_display_rounding,"{""status"":""present"",""value"":{""inbound_course_deg"":null,""leg_distance_nm"":4.0,""leg_time_min"":null,""turn"":""RIGHT""}}","{""status"":""present"",""value"":{""inbound_course_deg"":1.5,""leg_distance_nm"":4.0,""leg_time_min"":null,""turn"":""RIGHT""}}"
A2,Q4_angle,KAMA_I04,leg_1.Q4_course_or_radial,False,status_unknown,degree_display_rounding,"{""status"":""unknown"",""value"":null}","{""status"":""present"",""value"":{""course_deg"":38.0,""type"":""course_deg""}}"
A2,Q4_angle,KAMA_I04,leg_2.Q4_course_or_radial,False,missing_leg_or_field,degree_display_rounding,null,"{""status"":""present"",""value"":{""direction"":""inbound"",""navaid"":""PNH"",""radial_deg"":118.3,""type"":""navaid_radial""}}"
A2,Q4_not_applicable,KAMA_I04,leg_3.Q4_course_or_radial,False,missing_leg_or_field,exact_status_value,null,"{""status"":""not_applicable"",""value"":null}"
A2,Q5_hold_inbound_course,KAMA_I04,leg_3.Q5_hold_params,False,missing_leg_or_field,degree_display_rounding,null,"{""status"":""present"",""value"":{""inbound_course_deg"":298.3,""leg_distance_nm"":null,""leg_time_min"":1.0,""turn"":""RIGHT""}}"
A2,Q4_angle,KAMA_R04-Y,leg_1.Q4_course_or_radial,False,missing_leg_or_field,degree_display_rounding,null,"{""status"":""present"",""value"":{""course_deg"":37.9,""type"":""course_deg""}}"
A2,Q4_direct,KAMA_R04-Y,leg_2.Q4_course_or_radial,False,missing_leg_or_field,exact_status_value,null,"{""status"":""present"",""value"":{""type"":""direct""}}"
A2,Q4_not_applicable,KAMA_R04-Y,leg_3.Q4_course_or_radial,False,missing_leg_or_field,exact_status_value,null,"{""status"":""not_applicable"",""value"":null}"
A2,Q4_not_applicable,KAMA_R04-Y,leg_4.Q4_course_or_radial,False,missing_leg_or_field,exact_status_value,null,"{""status"":""not_applicable"",""value"":null}"
A2,Q5_hold_inbound_course,KAMA_R04-Y,leg_4.Q5_hold_params,False,missing_leg_or_field,degree_display_rounding,null,"{""status"":""present"",""value"":{""inbound_course_deg"":233.1,""leg_distance_nm"":5.0,""leg_time_min"":null,""turn"":""LEFT""}}"
A2,Q4_angle,KAMA_R13-Y,leg_1.Q4_course_or_radial,False,status_not_applicable,degree_display_rounding,"{""status"":""not_applicable"",""value"":null}","{""status"":""present"",""value"":{""course_deg"":129.4,""type"":""course_deg""}}"
A2,Q5_hold_other,KAMA_R13-Y,leg_1.Q5_hold_params,False,target_not_present_but_pred_present,exact_status_value,"{""status"":""present"",""value"":{""inbound_course_deg"":null,""leg_distance_nm"":null,""leg_time_min"":1.0,""turn"":""RIGHT""}}","{""status"":""not_applicable"",""value"":null}"
A2,Q4_direct,KAMA_R13-Y,leg_2.Q4_course_or_radial,False,missing_leg_or_field,exact_status_value,null,"{""status"":""present"",""value"":{""type"":""direct""}}"
A2,Q4_not_applicable,KAMA_R13-Y,leg_3.Q4_course_or_radial,False,missing_leg_or_field,exact_status_value,null,"{""status"":""not_applicable"",""value"":null}"
A2,Q4_not_applicable,KAMA_R13-Y,leg_4.Q4_course_or_radial,False,missing_leg_or_field,exact_status_value,null,"{""status"":""not_applicable"",""value"":null}"
A2,Q5_hold_inbound_course,KAMA_R13-Y,leg_4.Q5_hold_params,False,missing_leg_or_field,degree_display_rounding,null,"{""status"":""present"",""value"":{""inbound_course_deg"":298.3,""leg_distance_nm"":5.0,""leg_time_min"":null,""turn"":""RIGHT""}}"
A2,Q4_angle,KAMG_R16,leg_1.Q4_course_or_radial,False,status_not_applicable,degree_display_rounding,"{""status"":""not_applicable"",""value"":null}","{""status"":""present"",""value"":{""course_deg"":156.9,""type"":""course_deg""}}"
A2,Q5_hold_other,KAMG_R16,leg_1.Q5_hold_params,False,target_not_present_but_pred_present,exact_status_value,"{""status"":""present"",""value"":{""inbound_course_deg"":null,""leg_distance_nm"":null,""leg_time_min"":1.0,""turn"":""RIGHT""}}","{""status"":""not_applicable"",""value"":null}"
A2,Q4_direct,KAMG_R16,leg_2.Q4_course_or_radial,False,status_not_applicable,exact_status_value,"{""status"":""not_applicable"",""value"":null}","{""status"":""present"",""value"":{""type"":""direct""}}"
A2,Q5_hold_other,KAMG_R16,leg_2.Q5_hold_params,False,target_not_present_but_pred_present,exact_status_value,"{""status"":""present"",""value"":{""inbound_course_deg"":null,""leg_distance_nm"":null,""leg_time_min"":1.0,""turn"":""RIGHT""}}","{""status"":""not_applicable"",""value"":null}"
A2,Q4_not_applicable,KAMG_R16,leg_3.Q4_course_or_radial,True,correct,exact_status_value,"{""status"":""not_applicable"",""value"":null}","{""status"":""not_applicable"",""value"":null}"
A2,Q5_hold_inbound_course,KAMG_R16,leg_3.Q5_hold_params,False,missing_inbound_course_deg,exact_status_value,"{""status"":""present"",""value"":{""inbound_course_deg"":null,""leg_distance_nm"":21.0,""leg_time_min"":null,""turn"":""RIGHT""}}","{""status"":""present"",""value"":{""inbound_course_deg"":337.0,""leg_distance_nm"":4.0,""leg_time_min"":null,""turn"":""RIGHT""}}"
A2,Q4_angle,KAMG_R34,leg_1.Q4_course_or_radial,False,status_not_applicable,degree_display_rounding,"{""status"":""not_applicable"",""value"":null}","{""status"":""present"",""value"":{""course_deg"":336.9,""type"":""course_deg""}}"
A2,Q5_hold_other,KAMG_R34,leg_1.Q5_hold_params,False,target_not_present_but_pred_present,exact_status_value,"{""status"":""present"",""value"":{""inbound_course_deg"":null,""leg_distance_nm"":null,""leg_time_min"":1.0,""turn"":""RIGHT""}}","{""status"":""not_applicable"",""value"":null}"
A2,Q4_direct,KAMG_R34,leg_2.Q4_course_or_radial,False,status_not_applicable,exact_status_value,"{""status"":""not_applicable"",""value"":null}","{""status"":""present"",""value"":{""type"":""direct""}}"
A2,Q5_hold_other,KAMG_R34,leg_2.Q5_hold_params,False,target_not_present_but_pred_present,exact_status_value,"{""status"":""present"",""value"":{""inbound_course_deg"":null,""leg_distance_nm"":null,""leg_time_min"":1.0,""turn"":""RIGHT""}}","{""status"":""not_applicable"",""value"":null}"
A2,Q4_not_applicable,KAMG_R34,leg_3.Q4_course_or_radial,False,missing_leg_or_field,exact_status_value,null,"{""status"":""not_applicable"",""value"":null}"
A2,Q5_hold_inbound_course,KAMG_R34,leg_3.Q5_hold_params,False,missing_leg_or_field,degree_display_rounding,null,"{""status"":""present"",""value"":{""inbound_course_deg"":156.8,""leg_distance_nm"":4.0,""leg_time_min"":null,""turn"":""RIGHT""}}"
A2,Q4_angle,KAMN_R09,leg_1.Q4_course_or_radial,False,status_unknown,degree_display_rounding,"{""status"":""unknown"",""value"":null}","{""status"":""present"",""value"":{""course_deg"":95.2,""type"":""course_deg""}}"
A2,Q4_direct,KAMN_R09,leg_2.Q4_course_or_radial,False,status_not_applicable,exact_status_value,"{""status"":""not_applicable"",""value"":null}","{""status"":""present"",""value"":{""type"":""direct""}}"
A2,Q5_hold_other,KAMN_R09,leg_2.Q5_hold_params,False,target_not_present_but_pred_present,exact_status_value,"{""status"":""present"",""value"":{""inbound_course_deg"":null,""leg_distance_nm"":4.0,""leg_time_min"":null,""turn"":""RIGHT""}}","{""status"":""not_applicable"",""value"":null}"
A2,Q4_not_applicable,KAMN_R09,leg_3.Q4_course_or_radial,False,missing_leg_or_field,exact_status_value,null,"{""status"":""not_applicable"",""value"":null}"
A2,Q5_hold_inbound_course,KAMN_R09,leg_3.Q5_hold_params,False,missing_leg_or_field,degree_display_rounding,null,"{""status"":""present"",""value"":{""inbound_course_deg"":275.4,""leg_distance_nm"":4.0,""leg_time_min"":null,""turn"":""RIGHT""}}"
A2,Q4_angle,KAMN_R18,leg_1.Q4_course_or_radial,False,type_mismatch:direct->course_deg,degree_display_rounding,"{""status"":""present"",""value"":{""type"":""direct""}}","{""status"":""present"",""value"":{""course_deg"":185.3,""type"":""course_deg""}}"
A2,Q4_direct,KAMN_R18,leg_2.Q4_course_or_radial,False,missing_leg_or_field,exact_status_value,null,"{""status"":""present"",""value"":{""type"":""direct""}}"
A2,Q4_not_applicable,KAMN_R18,leg_3.Q4_course_or_radial,False,missing_leg_or_field,exact_status_value,null,"{""status"":""not_applicable"",""value"":null}"
A2,Q5_hold_inbound_course,KAMN_R18,leg_3.Q5_hold_params,False,missing_leg_or_field,degree_display_rounding,null,"{""status"":""present"",""value"":{""inbound_course_deg"":185.3,""leg_distance_nm"":4.0,""leg_time_min"":null,""turn"":""RIGHT""}}"
A2,Q4_angle,KAMN_R27,leg_1.Q4_course_or_radial,False,status_unknown,degree_display_rounding,"{""status"":""unknown"",""value"":null}","{""status"":""present"",""value"":{""course_deg"":275.3,""type"":""course_deg""}}"
A2,Q4_direct,KAMN_R27,leg_2.Q4_course_or_radial,False,status_not_applicable,exact_status_value,"{""status"":""not_applicable"",""value"":null}","{""status"":""present"",""value"":{""type"":""direct""}}"
A2,Q5_hold_other,KAMN_R27,leg_2.Q5_hold_params,False,target_not_present_but_pred_present,exact_status_value,"{""status"":""present"",""value"":{""inbound_course_deg"":null,""leg_distance_nm"":null,""leg_time_min"":1.0,""turn"":""RIGHT""}}","{""status"":""not_applicable"",""value"":null}"
A2,Q4_not_applicable,KAMN_R27,leg_3.Q4_course_or_radial,True,correct,exact_status_value,"{""status"":""not_applicable"",""value"":null}","{""status"":""not_applicable"",""value"":null}"
A2,Q5_hold_inbound_course,KAMN_R27,leg_3.Q5_hold_params,False,missing_inbound_course_deg,degree_display_rounding,"{""status"":""present"",""value"":{""inbound_course_deg"":null,""leg_distance_nm"":null,""leg_time_min"":1.0,""turn"":""RIGHT""}}","{""status"":""present"",""value"":{""inbound_course_deg"":275.4,""leg_distance_nm"":4.0,""leg_time_min"":null,""turn"":""RIGHT""}}"
A2,Q4_angle,KAMT_R05,leg_1.Q4_course_or_radial,False,status_unknown,degree_display_rounding,"{""status"":""unknown"",""value"":null}","{""status"":""present"",""value"":{""course_deg"":49.1,""type"":""course_deg""}}"
A2,Q4_direct,KAMT_R05,leg_2.Q4_course_or_radial,True,correct,exact_status_value,"{""status"":""present"",""value"":{""type"":""direct""}}","{""status"":""present"",""value"":{""type"":""direct""}}"
A2,Q4_not_applicable,KAMT_R05,leg_3.Q4_course_or_radial,False,missing_leg_or_field,exact_status_value,null,"{""status"":""not_applicable"",""value"":null}"
A2,Q5_hold_inbound_course,KAMT_R05,leg_3.Q5_hold_params,False,missing_leg_or_field,degree_display_rounding,null,"{""status"":""present"",""value"":{""inbound_course_deg"":229.3,""leg_distance_nm"":4.0,""leg_time_min"":null,""turn"":""RIGHT""}}"
A2,Q4_angle,KAMT_R23,leg_1.Q4_course_or_radial,False,status_unknown,degree_display_rounding,"{""status"":""unknown"",""value"":null}","{""status"":""present"",""value"":{""course_deg"":229.2,""type"":""course_deg""}}"
A2,Q4_direct,KAMT_R23,leg_2.Q4_course_or_radial,False,status_not_applicable,exact_status_value,"{""status"":""not_applicable"",""value"":null}","{""status"":""present"",""value"":{""type"":""direct""}}"
A2,Q5_hold_other,KAMT_R23,leg_2.Q5_hold_params,False,target_not_present_but_pred_present,exact_status_value,"{""status"":""present"",""value"":{""inbound_course_deg"":null,""leg_distance_nm"":null,""leg_time_min"":1.0,""turn"":""RIGHT""}}","{""status"":""not_applicable"",""value"":null}"
A2,Q4_not_applicable,KAMT_R23,leg_3.Q4_course_or_radial,False,missing_leg_or_field,exact_status_value,null,"{""status"":""not_applicable"",""value"":null}"
A2,Q5_hold_inbound_course,KAMT_R23,leg_3.Q5_hold_params,False,missing_leg_or_field,degree_display_rounding,null,"{""status"":""present"",""value"":{""inbound_course_deg"":49.1,""leg_distance_nm"":4.0,""leg_time_min"":null,""turn"":""RIGHT""}}"
A2,Q4_angle,KAMW_R01,leg_1.Q4_course_or_radial,False,status_unknown,degree_display_rounding,"{""status"":""unknown"",""value"":null}","{""status"":""present"",""value"":{""course_deg"":13.6,""type"":""course_deg""}}"
A2,Q4_direct,KAMW_R01,leg_2.Q4_course_or_radial,False,status_not_applicable,exact_status_value,"{""status"":""not_applicable"",""value"":null}","{""status"":""present"",""value"":{""type"":""direct""}}"
A2,Q5_hold_other,KAMW_R01,leg_2.Q5_hold_params,False,target_not_present_but_pred_present,exact_status_value,"{""status"":""present"",""value"":{""inbound_course_deg"":null,""leg_distance_nm"":null,""leg_time_min"":1.0,""turn"":""RIGHT""}}","{""status"":""not_applicable"",""value"":null}"
A2,Q4_not_applicable,KAMW_R01,leg_3.Q4_course_or_radial,True,correct,exact_status_value,"{""status"":""not_applicable"",""value"":null}","{""status"":""not_applicable"",""value"":null}"
A2,Q5_hold_inbound_course,KAMW_R01,leg_3.Q5_hold_params,False,missing_inbound_course_deg,degree_display_rounding,"{""status"":""present"",""value"":{""inbound_course_deg"":null,""leg_distance_nm"":4.0,""leg_time_min"":null,""turn"":""RIGHT""}}","{""status"":""present"",""value"":{""inbound_course_deg"":193.7,""leg_distance_nm"":4.0,""leg_time_min"":null,""turn"":""LEFT""}}"
A2,Q4_angle,KAMW_R13,leg_1.Q4_course_or_radial,False,status_unknown,degree_display_rounding,"{""status"":""unknown"",""value"":null}","{""status"":""present"",""value"":{""course_deg"":133.1,""type"":""course_deg""}}"
A2,Q4_direct,KAMW_R13,leg_2.Q4_course_or_radial,False,status_not_applicable,exact_status_value,"{""status"":""not_applicable"",""value"":null}","{""status"":""present"",""value"":{""type"":""direct""}}"
A2,Q5_hold_other,KAMW_R13,leg_2.Q5_hold_params,False,target_not_present_but_pred_present,exact_status_value,"{""status"":""present"",""value"":{""inbound_course_deg"":null,""leg_distance_nm"":null,""leg_time_min"":1.0,""turn"":""RIGHT""}}","{""status"":""not_applicable"",""value"":null}"
A2,Q4_not_applicable,KAMW_R13,leg_3.Q4_course_or_radial,True,correct,exact_status_value,"{""status"":""not_applicable"",""value"":null}","{""status"":""not_applicable"",""value"":null}"
A2,Q5_hold_inbound_course,KAMW_R13,leg_3.Q5_hold_params,False,missing_inbound_course_deg,degree_display_rounding,"{""status"":""present"",""value"":{""inbound_course_deg"":null,""leg_distance_nm"":null,""leg_time_min"":1.0,""turn"":""RIGHT""}}","{""status"":""present"",""value"":{""inbound_course_deg"":313.3,""leg_distance_nm"":4.0,""leg_time_min"":null,""turn"":""RIGHT""}}"
A2,Q4_angle,KAMW_R19,leg_1.Q4_course_or_radial,False,status_not_applicable,degree_display_rounding,"{""status"":""not_applicable"",""value"":null}","{""status"":""present"",""value"":{""course_deg"":193.6,""type"":""course_deg""}}"
A2,Q5_hold_other,KAMW_R19,leg_1.Q5_hold_params,False,target_not_present_but_pred_present,exact_status_value,"{""status"":""present"",""value"":{""inbound_course_deg"":null,""leg_distance_nm"":4.0,""leg_time_min"":null,""turn"":""RIGHT""}}","{""status"":""not_applicable"",""value"":null}"
A2,Q4_direct,KAMW_R19,leg_2.Q4_course_or_radial,False,missing_leg_or_field,exact_status_value,null,"{""status"":""present"",""value"":{""type"":""direct""}}"
A2,Q4_not_applicable,KAMW_R19,leg_3.Q4_course_or_radial,False,missing_leg_or_field,exact_status_value,null,"{""status"":""not_applicable"",""value"":null}"
A2,Q5_hold_inbound_course,KAMW_R19,leg_3.Q5_hold_params,False,missing_leg_or_field,degree_display_rounding,null,"{""status"":""present"",""value"":{""inbound_course_deg"":13.5,""leg_distance_nm"":4.0,""leg_time_min"":null,""turn"":""RIGHT""}}"
A2,Q4_angle,KANB_R05,leg_1.Q4_course_or_radial,False,type_mismatch:direct->course_deg,degree_display_rounding,"{""status"":""present"",""value"":{""type"":""direct""}}","{""status"":""present"",""value"":{""course_deg"":52.4,""type"":""course_deg""}}"
A2,Q4_direct,KANB_R05,leg_2.Q4_course_or_radial,False,status_not_applicable,exact_status_value,"{""status"":""not_applicable"",""value"":null}","{""status"":""present"",""value"":{""type"":""direct""}}"
A2,Q5_hold_other,KANB_R05,leg_2.Q5_hold_params,False,target_not_present_but_pred_present,exact_status_value,"{""status"":""present"",""value"":{""inbound_course_deg"":null,""leg_distance_nm"":null,""leg_time_min"":1.0,""turn"":""RIGHT""}}","{""status"":""not_applicable"",""value"":null}"
A2,Q4_angle,KANB_R05,leg_3.Q4_course_or_radial,False,status_not_applicable,degree_display_rounding,"{""status"":""not_applicable"",""value"":null}","{""status"":""present"",""value"":{""course_deg"":209.8,""type"":""course_deg""}}"
A2,Q5_hold_other,KANB_R05,leg_3.Q5_hold_params,False,target_not_present_but_pred_present,exact_status_value,"{""status"":""present"",""value"":{""inbound_course_deg"":null,""leg_distance_nm"":null,""leg_time_min"":1.0,""turn"":""RIGHT""}}","{""status"":""not_applicable"",""value"":null}"
A2,Q4_angle,KANB_R05,leg_4.Q4_course_or_radial,False,missing_leg_or_field,degree_display_rounding,null,"{""status"":""present"",""value"":{""course_deg"":299.7,""type"":""course_deg""}}"
A2,Q4_not_applicable,KANB_R05,leg_5.Q4_course_or_radial,False,missing_leg_or_field,exact_status_value,null,"{""status"":""not_applicable"",""value"":null}"
A2,Q5_hold_inbound_course,KANB_R05,leg_5.Q5_hold_params,False,missing_leg_or_field,degree_display_rounding,null,"{""status"":""present"",""value"":{""inbound_course_deg"":52.3,""leg_distance_nm"":4.0,""leg_time_min"":null,""turn"":""LEFT""}}"
A2,Q4_angle,KANB_R23,leg_1.Q4_course_or_radial,False,missing_leg_or_field,degree_display_rounding,null,"{""status"":""present"",""value"":{""course_deg"":232.5,""type"":""course_deg""}}"
A2,Q4_direct,KANB_R23,leg_2.Q4_course_or_radial,False,missing_leg_or_field,exact_status_value,null,"{""status"":""present"",""value"":{""type"":""direct""}}"
A2,Q4_not_applicable,KANB_R23,leg_3.Q4_course_or_radial,False,missing_leg_or_field,exact_status_value,null,"{""status"":""not_applicable"",""value"":null}"
A2,Q5_hold_inbound_course,KANB_R23,leg_3.Q5_hold_params,False,missing_leg_or_field,degree_display_rounding,null,"{""status"":""present"",""value"":{""inbound_course_deg"":52.3,""leg_distance_nm"":4.0,""leg_time_min"":null,""turn"":""LEFT""}}"
A2,Q4_angle,KANJ_R14,leg_1.Q4_course_or_radial,False,status_unknown,degree_display_rounding,"{""status"":""unknown"",""value"":null}","{""status"":""present"",""value"":{""course_deg"":142.8,""type"":""course_deg""}}"
A2,Q4_direct,KANJ_R14,leg_2.Q4_course_or_radial,False,status_not_applicable,exact_status_value,"{""status"":""not_applicable"",""value"":null}","{""status"":""present"",""value"":{""type"":""direct""}}"
A2,Q5_hold_other,KANJ_R14,leg_2.Q5_hold_params,False,target_not_present_but_pred_present,exact_status_value,"{""status"":""present"",""value"":{""inbound_course_deg"":null,""leg_distance_nm"":null,""leg_time_min"":1.0,""turn"":""RIGHT""}}","{""status"":""not_applicable"",""value"":null}"
A2,Q4_angle,KANJ_R14,leg_3.Q4_course_or_radial,False,missing_leg_or_field,degree_display_rounding,null,"{""status"":""present"",""value"":{""course_deg"":146.7,""type"":""course_deg""}}"
A2,Q4_not_applicable,KANJ_R14,leg_4.Q4_course_or_radial,False,missing_leg_or_field,exact_status_value,null,"{""status"":""not_applicable"",""value"":null}"
A2,Q5_hold_inbound_course,KANJ_R14,leg_4.Q5_hold_params,False,missing_leg_or_field,degree_display_rounding,null,"{""status"":""present"",""value"":{""inbound_course_deg"":129.3,""leg_distance_nm"":4.0,""leg_time_min"":null,""turn"":""RIGHT""}}"
A2,Q4_angle,KANJ_R32,leg_1.Q4_course_or_radial,False,type_mismatch:direct->course_deg,degree_display_rounding,"{""status"":""present"",""value"":{""type"":""direct""}}","{""status"":""present"",""value"":{""course_deg"":322.9,""type"":""course_deg""}}"
A2,Q4_direct,KANJ_R32,leg_2.Q4_course_or_radial,False,status_not_applicable,exact_status_value,"{""status"":""not_applicable"",""value"":null}","{""status"":""present"",""value"":{""type"":""direct""}}"
A2,Q5_hold_other,KANJ_R32,leg_2.Q5_hold_params,False,target_not_present_but_pred_present,exact_status_value,"{""status"":""present"",""value"":{""inbound_course_deg"":null,""leg_distance_nm"":4.0,""leg_time_min"":null,""turn"":""RIGHT""}}","{""status"":""not_applicable"",""value"":null}"
A2,Q4_not_applicable,KANJ_R32,leg_3.Q4_course_or_radial,False,missing_leg_or_field,exact_status_value,null,"{""status"":""not_applicable"",""value"":null}"
A2,Q5_hold_inbound_course,KANJ_R32,leg_3.Q5_hold_params,False,missing_leg_or_field,degree_display_rounding,null,"{""status"":""present"",""value"":{""inbound_course_deg"":142.7,""leg_distance_nm"":4.0,""leg_time_min"":null,""turn"":""RIGHT""}}"
A2,Q4_angle,KANP_RNV-A,leg_1.Q4_course_or_radial,False,status_not_applicable,degree_display_rounding,"{""status"":""not_applicable"",""value"":null}","{""status"":""present"",""value"":{""course_deg"":297.6,""type"":""course_deg""}}"
A2,Q5_hold_other,KANP_RNV-A,leg_1.Q5_hold_params,False,target_not_present_but_pred_present,exact_status_value,"{""status"":""present"",""value"":{""inbound_course_deg"":null,""leg_distance_nm"":null,""leg_time_min"":1.0,""turn"":""RIGHT""}}","{""status"":""not_applicable"",""value"":null}"
A2,Q4_direct,KANP_RNV-A,leg_2.Q4_course_or_radial,False,missing_leg_or_field,exact_status_value,null,"{""status"":""present"",""value"":{""type"":""direct""}}"
A2,Q4_not_applicable,KANP_RNV-A,leg_3.Q4_course_or_radial,False,missing_leg_or_field,exact_status_value,null,"{""status"":""not_applicable"",""value"":null}"
A2,Q5_hold_inbound_course,KANP_RNV-A,leg_3.Q5_hold_params,False,missing_leg_or_field,degree_display_rounding,null,"{""status"":""present"",""value"":{""inbound_course_deg"":297.7,""leg_distance_nm"":4.0,""leg_time_min"":null,""turn"":""LEFT""}}"
A2,Q4_angle,KANQ_R05,leg_1.Q4_course_or_radial,False,type_mismatch:direct->course_deg,degree_display_rounding,"{""status"":""present"",""value"":{""type"":""direct""}}","{""status"":""present"",""value"":{""course_deg"":52.0,""type"":""course_deg""}}"
A2,Q4_direct,KANQ_R05,leg_2.Q4_course_or_radial,False,status_not_applicable,exact_status_value,"{""status"":""not_applicable"",""value"":null}","{""status"":""present"",""value"":{""type"":""direct""}}"
A2,Q5_hold_other,KANQ_R05,leg_2.Q5_hold_params,False,target_not_present_but_pred_present,exact_status_value,"{""status"":""present"",""value"":{""inbound_course_deg"":null,""leg_distance_nm"":null,""leg_time_min"":1.0,""turn"":""RIGHT""}}","{""status"":""not_applicable"",""value"":null}"
A2,Q4_not_applicable,KANQ_R05,leg_3.Q4_course_or_radial,False,missing_leg_or_field,exact_status_value,null,"{""status"":""not_applicable"",""value"":null}"
A2,Q5_hold_inbound_course,KANQ_R05,leg_3.Q5_hold_params,False,missing_leg_or_field,degree_display_rounding,null,"{""status"":""present"",""value"":{""inbound_course_deg"":232.2,""leg_distance_nm"":4.0,""leg_time_min"":null,""turn"":""RIGHT""}}"
A2,Q4_angle,KANQ_R23,leg_1.Q4_course_or_radial,False,status_unknown,degree_display_rounding,"{""status"":""unknown"",""value"":null}","{""status"":""present"",""value"":{""course_deg"":232.1,""type"":""course_deg""}}"
A2,Q4_direct,KANQ_R23,leg_2.Q4_course_or_radial,False,status_not_applicable,exact_status_value,"{""status"":""not_applicable"",""value"":null}","{""status"":""present"",""value"":{""type"":""direct""}}"
A2,Q5_hold_other,KANQ_R23,leg_2.Q5_hold_params,False,target_not_present_but_pred_present,exact_status_value,"{""status"":""present"",""value"":{""inbound_course_deg"":null,""leg_distance_nm"":null,""leg_time_min"":1.0,""turn"":""RIGHT""}}","{""status"":""not_applicable"",""value"":null}"
A2,Q4_not_applicable,KANQ_R23,leg_3.Q4_course_or_radial,True,correct,exact_status_value,"{""status"":""not_applicable"",""value"":null}","{""status"":""not_applicable"",""value"":null}"
A2,Q5_hold_inbound_course,KANQ_R23,leg_3.Q5_hold_params,False,missing_inbound_course_deg,degree_display_rounding,"{""status"":""present"",""value"":{""inbound_course_deg"":null,""leg_distance_nm"":4.0,""leg_time_min"":null,""turn"":""RIGHT""}}","{""status"":""present"",""value"":{""inbound_course_deg"":51.9,""leg_distance_nm"":4.0,""leg_time_min"":null,""turn"":""RIGHT""}}"
A2,Q4_angle,KANW_R13,leg_1.Q4_course_or_radial,False,type_mismatch:direct->course_deg,degree_display_rounding,"{""status"":""present"",""value"":{""type"":""direct""}}","{""status"":""present"",""value"":{""course_deg"":128.3,""type"":""course_deg""}}"
A2,Q4_direct,KANW_R13,leg_2.Q4_course_or_radial,False,status_not_applicable,exact_status_value,"{""status"":""not_applicable"",""value"":null}","{""status"":""present"",""value"":{""type"":""direct""}}"
A2,Q5_hold_other,KANW_R13,leg_2.Q5_hold_params,False,target_not_present_but_pred_present,exact_status_value,"{""status"":""present"",""value"":{""inbound_course_deg"":null,""leg_distance_nm"":2.0,""leg_time_min"":null,""turn"":""RIGHT""}}","{""status"":""not_applicable"",""value"":null}"
A2,Q4_not_applicable,KANW_R13,leg_3.Q4_course_or_radial,False,missing_leg_or_field,exact_status_value,null,"{""status"":""not_applicable"",""value"":null}"
A2,Q5_hold_inbound_course,KANW_R13,leg_3.Q5_hold_params,False,missing_leg_or_field,degree_display_rounding,null,"{""status"":""present"",""value"":{""inbound_course_deg"":308.5,""leg_distance_nm"":5.0,""leg_time_min"":null,""turn"":""RIGHT""}}"
A2,Q4_angle,KANW_R17,leg_1.Q4_course_or_radial,False,status_unknown,degree_display_rounding,"{""status"":""unknown"",""value"":null}","{""status"":""present"",""value"":{""course_deg"":173.3,""type"":""course_deg""}}"
A2,Q4_direct,KANW_R17,leg_2.Q4_course_or_radial,False,status_not_applicable,exact_status_value,"{""status"":""not_applicable"",""value"":null}","{""status"":""present"",""value"":{""type"":""direct""}}"
A2,Q5_hold_other,KANW_R17,leg_2.Q5_hold_params,False,target_not_present_but_pred_present,exact_status_value,"{""status"":""present"",""value"":{""inbound_course_deg"":null,""leg_distance_nm"":null,""leg_time_min"":1.0,""turn"":""RIGHT""}}","{""status"":""not_applicable"",""value"":null}"
A2,Q4_not_applicable,KANW_R17,leg_3.Q4_course_or_radial,True,correct,exact_status_value,"{""status"":""not_applicable"",""value"":null}","{""status"":""not_applicable"",""value"":null}"
A2,Q5_hold_inbound_course,KANW_R17,leg_3.Q5_hold_params,False,missing_inbound_course_deg,degree_display_rounding,"{""status"":""present"",""value"":{""inbound_course_deg"":null,""leg_distance_nm"":5.0,""leg_time_min"":null,""turn"":""RIGHT""}}","{""status"":""present"",""value"":{""inbound_course_deg"":353.3,""leg_distance_nm"":5.0,""leg_time_min"":null,""turn"":""RIGHT""}}"
A2,Q4_angle,KANW_R31,leg_1.Q4_course_or_radial,False,status_not_applicable,degree_display_rounding,"{""status"":""not_applicable"",""value"":null}","{""status"":""present"",""value"":{""course_deg"":308.4,""type"":""course_deg""}}"
A2,Q5_hold_other,KANW_R31,leg_1.Q5_hold_params,False,target_not_present_but_pred_present,exact_status_value,"{""status"":""present"",""value"":{""inbound_course_deg"":null,""leg_distance_nm"":null,""leg_time_min"":1.0,""turn"":""RIGHT""}}","{""status"":""not_applicable"",""value"":null}"
A2,Q4_direct,KANW_R31,leg_2.Q4_course_or_radial,False,missing_leg_or_field,exact_status_value,null,"{""status"":""present"",""value"":{""type"":""direct""}}"
A2,Q4_not_applicable,KANW_R31,leg_3.Q4_course_or_radial,False,missing_leg_or_field,exact_status_value,null,"{""status"":""not_applicable"",""value"":null}"
A2,Q5_hold_inbound_course,KANW_R31,leg_3.Q5_hold_params,False,missing_leg_or_field,degree_display_rounding,null,"{""status"":""present"",""value"":{""inbound_course_deg"":128.2,""leg_distance_nm"":5.0,""leg_time_min"":null,""turn"":""RIGHT""}}"
A2,Q4_angle,KAOO_R03-Z,leg_1.Q4_course_or_radial,False,status_not_applicable,degree_display_rounding,"{""status"":""not_applicable"",""value"":null}","{""status"":""present"",""value"":{""course_deg"":26.0,""type"":""course_deg""}}"
A2,Q5_hold_other,KAOO_R03-Z,leg_1.Q5_hold_params,False,target_not_present_but_pred_present,exact_status_value,"{""status"":""present"",""value"":{""inbound_course_deg"":null,""leg_distance_nm"":null,""leg_time_min"":1.0,""turn"":""RIGHT""}}","{""status"":""not_applicable"",""value"":null}"
A2,Q4_direct,KAOO_R03-Z,leg_2.Q4_course_or_radial,False,status_not_applicable,exact_status_value,"{""status"":""not_applicable"",""value"":null}","{""status"":""present"",""value"":{""type"":""direct""}}"
A2,Q5_hold_other,KAOO_R03-Z,leg_2.Q5_hold_params,False,target_not_present_but_pred_present,exact_status_value,"{""status"":""present"",""value"":{""inbound_course_deg"":null,""leg_distance_nm"":4.0,""leg_time_min"":null,""turn"":""RIGHT""}}","{""status"":""not_applicable"",""value"":null}"
A2,Q4_not_applicable,KAOO_R03-Z,leg_3.Q4_course_or_radial,False,missing_leg_or_field,exact_status_value,null,"{""status"":""not_applicable"",""value"":null}"
A2,Q4_not_applicable,KAOO_R03-Z,leg_4.Q4_course_or_radial,False,missing_leg_or_field,exact_status_value,null,"{""status"":""not_applicable"",""value"":null}"
A2,Q5_hold_inbound_course,KAOO_R03-Z,leg_4.Q5_hold_params,False,missing_leg_or_field,degree_display_rounding,null,"{""status"":""present"",""value"":{""inbound_course_deg"":220.1,""leg_distance_nm"":4.0,""leg_time_min"":null,""turn"":""RIGHT""}}"
A2,Q4_angle,KAOO_R21,leg_1.Q4_course_or_radial,False,status_not_applicable,degree_display_rounding,"{""status"":""not_applicable"",""value"":null}","{""status"":""present"",""value"":{""course_deg"":206.0,""type"":""course_deg""}}"
A2,Q5_hold_other,KAOO_R21,leg_1.Q5_hold_params,False,target_not_present_but_pred_present,exact_status_value,"{""status"":""present"",""value"":{""inbound_course_deg"":null,""leg_distance_nm"":4.0,""leg_time_min"":null,""turn"":""RIGHT""}}","{""status"":""not_applicable"",""value"":null}"
A2,Q4_direct,KAOO_R21,leg_2.Q4_course_or_radial,False,missing_leg_or_field,exact_status_value,null,"{""status"":""present"",""value"":{""type"":""direct""}}"
A2,Q4_not_applicable,KAOO_R21,leg_3.Q4_course_or_radial,False,missing_leg_or_field,exact_status_value,null,"{""status"":""not_applicable"",""value"":null}"
A2,Q4_not_applicable,KAOO_R21,leg_4.Q4_course_or_radial,False,missing_leg_or_field,exact_status_value,null,"{""status"":""not_applicable"",""value"":null}"
A2,Q5_hold_inbound_course,KAOO_R21,leg_4.Q5_hold_params,False,missing_leg_or_field,degree_display_rounding,null,"{""status"":""present"",""value"":{""inbound_course_deg"":40.9,""leg_distance_nm"":4.0,""leg_time_min"":null,""turn"":""RIGHT""}}"
A2,Q4_angle,KAOV_R13,leg_1.Q4_course_or_radial,False,status_not_applicable,degree_display_rounding,"{""status"":""not_applicable"",""value"":null}","{""status"":""present"",""value"":{""course_deg"":135.3,""type"":""course_deg""}}"
A2,Q5_hold_other,KAOV_R13,leg_1.Q5_hold_params,False,target_not_present_but_pred_present,exact_status_value,"{""status"":""present"",""value"":{""inbound_course_deg"":null,""leg_distance_nm"":null,""leg_time_min"":1.0,""turn"":""RIGHT""}}","{""status"":""not_applicable"",""value"":null}"
A2,Q4_direct,KAOV_R13,leg_2.Q4_course_or_radial,False,status_not_applicable,exact_status_value,"{""status"":""not_applicable"",""value"":null}","{""status"":""present"",""value"":{""type"":""direct""}}"
A2,Q5_hold_other,KAOV_R13,leg_2.Q5_hold_params,False,target_not_present_but_pred_present,exact_status_value,"{""status"":""present"",""value"":{""inbound_course_deg"":null,""leg_distance_nm"":null,""leg_time_min"":1.0,""turn"":""RIGHT""}}","{""status"":""not_applicable"",""value"":null}"
A2,Q4_not_applicable,KAOV_R13,leg_3.Q4_course_or_radial,False,missing_leg_or_field,exact_status_value,null,"{""status"":""not_applicable"",""value"":null}"
A2,Q5_hold_inbound_course,KAOV_R13,leg_3.Q5_hold_params,False,missing_leg_or_field,degree_display_rounding,null,"{""status"":""present"",""value"":{""inbound_course_deg"":315.4,""leg_distance_nm"":5.0,""leg_time_min"":null,""turn"":""RIGHT""}}"
A2,Q4_angle,KAOV_R31,leg_1.Q4_course_or_radial,False,status_not_applicable,degree_display_rounding,"{""status"":""not_applicable"",""value"":null}","{""status"":""present"",""value"":{""course_deg"":315.4,""type"":""course_deg""}}"
A2,Q5_hold_other,KAOV_R31,leg_1.Q5_hold_params,False,target_not_present_but_pred_present,exact_status_value,"{""status"":""present"",""value"":{""inbound_course_deg"":null,""leg_distance_nm"":5.0,""leg_time_min"":null,""turn"":""RIGHT""}}","{""status"":""not_applicable"",""value"":null}"
A2,Q4_direct,KAOV_R31,leg_2.Q4_course_or_radial,False,missing_leg_or_field,exact_status_value,null,"{""status"":""present"",""value"":{""type"":""direct""}}"
A2,Q4_not_applicable,KAOV_R31,leg_3.Q4_course_or_radial,False,missing_leg_or_field,exact_status_value,null,"{""status"":""not_applicable"",""value"":null}"
A2,Q5_hold_inbound_course,KAOV_R31,leg_3.Q5_hold_params,False,missing_leg_or_field,degree_display_rounding,null,"{""status"":""present"",""value"":{""inbound_course_deg"":135.3,""leg_distance_nm"":5.0,""leg_time_min"":null,""turn"":""RIGHT""}}"
A2,Q4_angle,KAPC_I01L,leg_1.Q4_course_or_radial,False,status_unknown,degree_display_rounding,"{""status"":""unknown"",""value"":null}","{""status"":""present"",""value"":{""course_deg"":5.7,""type"":""course_deg""}}"
A2,Q4_direct,KAPC_I01L,leg_2.Q4_course_or_radial,True,correct,exact_status_value,"{""status"":""present"",""value"":{""type"":""direct""}}","{""status"":""present"",""value"":{""type"":""direct""}}"
A2,Q4_not_applicable,KAPC_I01L,leg_3.Q4_course_or_radial,False,status_unknown,exact_status_value,"{""status"":""unknown"",""value"":null}","{""status"":""not_applicable"",""value"":null}"
A2,Q4_not_applicable,KAPC_I01L,leg_4.Q4_course_or_radial,True,correct,exact_status_value,"{""status"":""not_applicable"",""value"":null}","{""status"":""not_applicable"",""value"":null}"
A2,Q5_hold_inbound_course,KAPC_I01L,leg_4.Q5_hold_params,False,missing_inbound_course_deg,exact_status_value,"{""status"":""present"",""value"":{""inbound_course_deg"":null,""leg_distance_nm"":null,""leg_time_min"":1.0,""turn"":""RIGHT""}}","{""status"":""present"",""value"":{""inbound_course_deg"":230.0,""leg_distance_nm"":null,""leg_time_min"":1.0,""turn"":""RIGHT""}}"
A2,Q4_angle,KAPC_R01LY,leg_1.Q4_course_or_radial,False,type_mismatch:direct->course_deg,degree_display_rounding,"{""status"":""present"",""value"":{""type"":""direct""}}","{""status"":""present"",""value"":{""course_deg"":5.7,""type"":""course_deg""}}"
A2,Q4_direct,KAPC_R01LY,leg_2.Q4_course_or_radial,False,status_not_applicable,exact_status_value,"{""status"":""not_applicable"",""value"":null}","{""status"":""present"",""value"":{""type"":""direct""}}"
A2,Q5_hold_other,KAPC_R01LY,leg_2.Q5_hold_params,False,target_not_present_but_pred_present,exact_status_value,"{""status"":""present"",""value"":{""inbound_course_deg"":null,""leg_distance_nm"":null,""leg_time_min"":1.0,""turn"":""RIGHT""}}","{""status"":""not_applicable"",""value"":null}"
A2,Q4_not_applicable,KAPC_R01LY,leg_3.Q4_course_or_radial,False,missing_leg_or_field,exact_status_value,null,"{""status"":""not_applicable"",""value"":null}"
A2,Q4_not_applicable,KAPC_R01LY,leg_4.Q4_course_or_radial,False,missing_leg_or_field,exact_status_value,null,"{""status"":""not_applicable"",""value"":null}"
A2,Q5_hold_inbound_course,KAPC_R01LY,leg_4.Q5_hold_params,False,missing_leg_or_field,degree_display_rounding,null,"{""status"":""present"",""value"":{""inbound_course_deg"":330.4,""leg_distance_nm"":5.0,""leg_time_min"":null,""turn"":""RIGHT""}}"
A2,Q4_angle,KAPC_R01LZ,leg_1.Q4_course_or_radial,False,type_mismatch:direct->course_deg,degree_display_rounding,"{""status"":""present"",""value"":{""type"":""direct""}}","{""status"":""present"",""value"":{""course_deg"":5.7,""type"":""course_deg""}}"
A2,Q4_direct,KAPC_R01LZ,leg_2.Q4_course_or_radial,False,status_not_applicable,exact_status_value,"{""status"":""not_applicable"",""value"":null}","{""status"":""present"",""value"":{""type"":""direct""}}"
A2,Q5_hold_other,KAPC_R01LZ,leg_2.Q5_hold_params,False,target_not_present_but_pred_present,exact_status_value,"{""status"":""present"",""value"":{""inbound_course_deg"":null,""leg_distance_nm"":null,""leg_time_min"":1.0,""turn"":""RIGHT""}}","{""status"":""not_applicable"",""value"":null}"
A2,Q4_not_applicable,KAPC_R01LZ,leg_3.Q4_course_or_radial,False,missing_leg_or_field,exact_status_value,null,"{""status"":""not_applicable"",""value"":null}"
A2,Q4_not_applicable,KAPC_R01LZ,leg_4.Q4_course_or_radial,False,missing_leg_or_field,exact_status_value,null,"{""status"":""not_applicable"",""value"":null}"
A2,Q5_hold_inbound_course,KAPC_R01LZ,leg_4.Q5_hold_params,False,missing_leg_or_field,degree_display_rounding,null,"{""status"":""present"",""value"":{""inbound_course_deg"":330.4,""leg_distance_nm"":5.0,""leg_time_min"":null,""turn"":""RIGHT""}}"
A2,Q4_angle,KAPF_R05-Y,leg_1.Q4_course_or_radial,False,status_unknown,degree_display_rounding,"{""status"":""unknown"",""value"":null}","{""status"":""present"",""value"":{""course_deg"":47.2,""type"":""course_deg""}}"
A2,Q4_direct,KAPF_R05-Y,leg_2.Q4_course_or_radial,True,correct,exact_status_value,"{""status"":""present"",""value"":{""type"":""direct""}}","{""status"":""present"",""value"":{""type"":""direct""}}"
A2,Q4_not_applicable,KAPF_R05-Y,leg_3.Q4_course_or_radial,True,correct,exact_status_value,"{""status"":""not_applicable"",""value"":null}","{""status"":""not_applicable"",""value"":null}"
A2,Q5_hold_inbound_course,KAPF_R05-Y,leg_3.Q5_hold_params,False,missing_inbound_course_deg,exact_status_value,"{""status"":""present"",""value"":{""inbound_course_deg"":null,""leg_distance_nm"":null,""leg_time_min"":1.0,""turn"":""RIGHT""}}","{""status"":""present"",""value"":{""inbound_course_deg"":8.0,""leg_distance_nm"":4.0,""leg_time_min"":null,""turn"":""RIGHT""}}"
A2,Q4_angle,KAPF_R14,leg_1.Q4_course_or_radial,False,status_unknown,degree_display_rounding,"{""status"":""unknown"",""value"":null}","{""status"":""present"",""value"":{""course_deg"":137.2,""type"":""course_deg""}}"
A2,Q4_direct,KAPF_R14,leg_2.Q4_course_or_radial,True,correct,exact_status_value,"{""status"":""present"",""value"":{""type"":""direct""}}","{""status"":""present"",""value"":{""type"":""direct""}}"
A2,Q4_not_applicable,KAPF_R14,leg_3.Q4_course_or_radial,True,correct,exact_status_value,"{""status"":""not_applicable"",""value"":null}","{""status"":""not_applicable"",""value"":null}"
A2,Q5_hold_inbound_course,KAPF_R14,leg_3.Q5_hold_params,False,missing_inbound_course_deg,exact_status_value,"{""status"":""present"",""value"":{""inbound_course_deg"":null,""leg_distance_nm"":null,""leg_time_min"":1.0,""turn"":""RIGHT""}}","{""status"":""present"",""value"":{""inbound_course_deg"":8.0,""leg_distance_nm"":4.0,""leg_time_min"":null,""turn"":""RIGHT""}}"
A2,Q4_angle,KAPF_R23-Y,leg_1.Q4_course_or_radial,False,status_unknown,degree_display_rounding,"{""status"":""unknown"",""value"":null}","{""status"":""present"",""value"":{""course_deg"":227.3,""type"":""course_deg""}}"
A2,Q4_direct,KAPF_R23-Y,leg_2.Q4_course_or_radial,False,status_not_applicable,exact_status_value,"{""status"":""not_applicable"",""value"":null}","{""status"":""present"",""value"":{""type"":""direct""}}"
A2,Q5_hold_other,KAPF_R23-Y,leg_2.Q5_hold_params,False,target_not_present_but_pred_present,exact_status_value,"{""status"":""present"",""value"":{""inbound_course_deg"":null,""leg_distance_nm"":null,""leg_time_min"":1.0,""turn"":""RIGHT""}}","{""status"":""not_applicable"",""value"":null}"
A2,Q4_not_applicable,KAPF_R23-Y,leg_3.Q4_course_or_radial,True,correct,exact_status_value,"{""status"":""not_applicable"",""value"":null}","{""status"":""not_applicable"",""value"":null}"
A2,Q5_hold_inbound_course,KAPF_R23-Y,leg_3.Q5_hold_params,False,missing_inbound_course_deg,degree_display_rounding,"{""status"":""present"",""value"":{""inbound_course_deg"":null,""leg_distance_nm"":4.0,""leg_time_min"":null,""turn"":""RIGHT""}}","{""status"":""present"",""value"":{""inbound_course_deg"":47.2,""leg_distance_nm"":4.0,""leg_time_min"":null,""turn"":""RIGHT""}}"
A2,Q4_angle,KAPT_R04,leg_1.Q4_course_or_radial,False,status_unknown,degree_display_rounding,"{""status"":""unknown"",""value"":null}","{""status"":""present"",""value"":{""course_deg"":25.0,""type"":""course_deg""}}"
A2,Q4_direct,KAPT_R04,leg_2.Q4_course_or_radial,True,correct,exact_status_value,"{""status"":""present"",""value"":{""type"":""direct""}}","{""status"":""present"",""value"":{""type"":""direct""}}"
A2,Q4_not_applicable,KAPT_R04,leg_3.Q4_course_or_radial,False,target_not_present_but_pred_present,exact_status_value,"{""status"":""present"",""value"":{""type"":""direct""}}","{""status"":""not_applicable"",""value"":null}"
A2,Q4_not_applicable,KAPT_R04,leg_4.Q4_course_or_radial,False,status_unknown,exact_status_value,"{""status"":""unknown"",""value"":null}","{""status"":""not_applicable"",""value"":null}"
A2,Q5_hold_inbound_course,KAPT_R04,leg_4.Q5_hold_params,False,status_not_applicable,degree_display_rounding,"{""status"":""not_applicable"",""value"":null}","{""status"":""present"",""value"":{""inbound_course_deg"":24.3,""leg_distance_nm"":5.0,""leg_time_min"":null,""turn"":""RIGHT""}}"
A2,Q4_angle,KAQO_R17,leg_1.Q4_course_or_radial,False,status_not_applicable,degree_display_rounding,"{""status"":""not_applicable"",""value"":null}","{""status"":""present"",""value"":{""course_deg"":174.2,""type"":""course_deg""}}"
A2,Q5_hold_other,KAQO_R17,leg_1.Q5_hold_params,False,target_not_present_but_pred_present,exact_status_value,"{""status"":""present"",""value"":{""inbound_course_deg"":null,""leg_distance_nm"":null,""leg_time_min"":1.0,""turn"":""RIGHT""}}","{""status"":""not_applicable"",""value"":null}"
A2,Q4_direct,KAQO_R17,leg_2.Q4_course_or_radial,False,status_not_applicable,exact_status_value,"{""status"":""not_applicable"",""value"":null}","{""status"":""present"",""value"":{""type"":""direct""}}"
A2,Q5_hold_other,KAQO_R17,leg_2.Q5_hold_params,False,target_not_present_but_pred_present,exact_status_value,"{""status"":""present"",""value"":{""inbound_course_deg"":null,""leg_distance_nm"":4.0,""leg_time_min"":null,""turn"":""RIGHT""}}","{""status"":""not_applicable"",""value"":null}"
A2,Q4_not_applicable,KAQO_R17,leg_3.Q4_course_or_radial,False,missing_leg_or_field,exact_status_value,null,"{""status"":""not_applicable"",""value"":null}"
A2,Q5_hold_inbound_course,KAQO_R17,leg_3.Q5_hold_params,False,missing_leg_or_field,degree_display_rounding,null,"{""status"":""present"",""value"":{""inbound_course_deg"":354.2,""leg_distance_nm"":4.0,""leg_time_min"":null,""turn"":""RIGHT""}}"
A2,Q4_angle,KAQO_R35,leg_1.Q4_course_or_radial,False,missing_leg_or_field,degree_display_rounding,null,"{""status"":""present"",""value"":{""course_deg"":354.2,""type"":""course_deg""}}"
A2,Q4_direct,KAQO_R35,leg_2.Q4_course_or_radial,False,missing_leg_or_field,exact_status_value,null,"{""status"":""present"",""value"":{""type"":""direct""}}"
A2,Q4_not_applicable,KAQO_R35,leg_3.Q4_course_or_radial,False,missing_leg_or_field,exact_status_value,null,"{""status"":""not_applicable"",""value"":null}"
A2,Q5_hold_inbound_course,KAQO_R35,leg_3.Q5_hold_params,False,missing_leg_or_field,degree_display_rounding,null,"{""status"":""present"",""value"":{""inbound_course_deg"":174.2,""leg_distance_nm"":4.0,""leg_time_min"":null,""turn"":""RIGHT""}}"
A2,Q4_angle,KAQW_RNV-A,leg_1.Q4_course_or_radial,False,status_not_applicable,degree_display_rounding,"{""status"":""not_applicable"",""value"":null}","{""status"":""present"",""value"":{""course_deg"":65.7,""type"":""course_deg""}}"
A2,Q5_hold_other,KAQW_RNV-A,leg_1.Q5_hold_params,False,target_not_present_but_pred_present,exact_status_value,"{""status"":""present"",""value"":{""inbound_course_deg"":null,""leg_distance_nm"":null,""leg_time_min"":1.0,""turn"":""RIGHT""}}","{""status"":""not_applicable"",""value"":null}"
A2,Q4_direct,KAQW_RNV-A,leg_2.Q4_course_or_radial,False,status_not_applicable,exact_status_value,"{""status"":""not_applicable"",""value"":null}","{""status"":""present"",""value"":{""type"":""direct""}}"
A2,Q5_hold_other,KAQW_RNV-A,leg_2.Q5_hold_params,False,target_not_present_but_pred_present,exact_status_value,"{""status"":""present"",""value"":{""inbound_course_deg"":null,""leg_distance_nm"":null,""leg_time_min"":1.0,""turn"":""RIGHT""}}","{""status"":""not_applicable"",""value"":null}"
A2,Q4_not_applicable,KAQW_RNV-A,leg_3.Q4_course_or_radial,True,correct,exact_status_value,"{""status"":""not_applicable"",""value"":null}","{""status"":""not_applicable"",""value"":null}"
A2,Q5_hold_inbound_course,KAQW_RNV-A,leg_3.Q5_hold_params,False,missing_inbound_course_deg,exact_status_value,"{""status"":""present"",""value"":{""inbound_course_deg"":null,""leg_distance_nm"":null,""leg_time_min"":1.0,""turn"":""RIGHT""}}","{""status"":""present"",""value"":{""inbound_course_deg"":97.0,""leg_distance_nm"":5.0,""leg_time_min"":null,""turn"":""LEFT""}}"
A2,Q4_angle,KAQW_RNV-B,leg_1.Q4_course_or_radial,False,status_not_applicable,degree_display_rounding,"{""status"":""not_applicable"",""value"":null}","{""status"":""present"",""value"":{""course_deg"":298.6,""type"":""course_deg""}}"
A2,Q5_hold_other,KAQW_RNV-B,leg_1.Q5_hold_params,False,target_not_present_but_pred_present,exact_status_value,"{""status"":""present"",""value"":{""inbound_course_deg"":null,""leg_distance_nm"":null,""leg_time_min"":1.0,""turn"":""RIGHT""}}","{""status"":""not_applicable"",""value"":null}"
A2,Q4_direct,KAQW_RNV-B,leg_2.Q4_course_or_radial,False,status_not_applicable,exact_status_value,"{""status"":""not_applicable"",""value"":null}","{""status"":""present"",""value"":{""type"":""direct""}}"
A2,Q5_hold_other,KAQW_RNV-B,leg_2.Q5_hold_params,False,target_not_present_but_pred_present,exact_status_value,"{""status"":""present"",""value"":{""inbound_course_deg"":null,""leg_distance_nm"":4.0,""leg_time_min"":null,""turn"":""RIGHT""}}","{""status"":""not_applicable"",""value"":null}"
A2,Q4_not_applicable,KAQW_RNV-B,leg_3.Q4_course_or_radial,False,missing_leg_or_field,exact_status_value,null,"{""status"":""not_applicable"",""value"":null}"
A2,Q5_hold_inbound_course,KAQW_RNV-B,leg_3.Q5_hold_params,False,missing_leg_or_field,degree_display_rounding,null,"{""status"":""present"",""value"":{""inbound_course_deg"":65.6,""leg_distance_nm"":5.0,""leg_time_min"":null,""turn"":""RIGHT""}}"
A2,Q4_angle,KAQX_R17,leg_1.Q4_course_or_radial,False,status_unknown,degree_display_rounding,"{""status"":""unknown"",""value"":null}","{""status"":""present"",""value"":{""course_deg"":168.1,""type"":""course_deg""}}"
A2,Q4_direct,KAQX_R17,leg_2.Q4_course_or_radial,False,status_not_applicable,exact_status_value,"{""status"":""not_applicable"",""value"":null}","{""status"":""present"",""value"":{""type"":""direct""}}"
A2,Q5_hold_other,KAQX_R17,leg_2.Q5_hold_params,False,target_not_present_but_pred_present,exact_status_value,"{""status"":""present"",""value"":{""inbound_course_deg"":null,""leg_distance_nm"":null,""leg_time_min"":1.0,""turn"":""RIGHT""}}","{""status"":""not_applicable"",""value"":null}"
A2,Q4_not_applicable,KAQX_R17,leg_3.Q4_course_or_radial,False,missing_leg_or_field,exact_status_value,null,"{""status"":""not_applicable"",""value"":null}"
A2,Q5_hold_inbound_course,KAQX_R17,leg_3.Q5_hold_params,False,missing_leg_or_field,degree_display_rounding,null,"{""status"":""present"",""value"":{""inbound_course_deg"":78.1,""leg_distance_nm"":4.0,""leg_time_min"":null,""turn"":""RIGHT""}}"
A2,Q4_angle,KAQX_R35,leg_1.Q4_course_or_radial,False,type_mismatch:direct->course_deg,degree_display_rounding,"{""status"":""present"",""value"":{""type"":""direct""}}","{""status"":""present"",""value"":{""course_deg"":348.2,""type"":""course_deg""}}"
A2,Q4_direct,KAQX_R35,leg_2.Q4_course_or_radial,False,status_not_applicable,exact_status_value,"{""status"":""not_applicable"",""value"":null}","{""status"":""present"",""value"":{""type"":""direct""}}"
A2,Q5_hold_other,KAQX_R35,leg_2.Q5_hold_params,False,target_not_present_but_pred_present,exact_status_value,"{""status"":""present"",""value"":{""inbound_course_deg"":null,""leg_distance_nm"":null,""leg_time_min"":1.0,""turn"":""RIGHT""}}","{""status"":""not_applicable"",""value"":null}"
A2,Q4_not_applicable,KAQX_R35,leg_3.Q4_course_or_radial,True,correct,exact_status_value,"{""status"":""not_applicable"",""value"":null}","{""status"":""not_applicable"",""value"":null}"
A2,Q5_hold_inbound_course,KAQX_R35,leg_3.Q5_hold_params,False,missing_inbound_course_deg,degree_display_rounding,"{""status"":""present"",""value"":{""inbound_course_deg"":null,""leg_distance_nm"":null,""leg_time_min"":1.0,""turn"":""RIGHT""}}","{""status"":""present"",""value"":{""inbound_course_deg"":168.1,""leg_distance_nm"":4.0,""leg_time_min"":null,""turn"":""RIGHT""}}"
A2,Q4_angle,KARA_R17,leg_1.Q4_course_or_radial,False,status_unknown,degree_display_rounding,"{""status"":""unknown"",""value"":null}","{""status"":""present"",""value"":{""course_deg"":167.5,""type"":""course_deg""}}"
A2,Q4_direct,KARA_R17,leg_2.Q4_course_or_radial,False,status_not_applicable,exact_status_value,"{""status"":""not_applicable"",""value"":null}","{""status"":""present"",""value"":{""type"":""direct""}}"
A2,Q5_hold_other,KARA_R17,leg_2.Q5_hold_params,False,target_not_present_but_pred_present,exact_status_value,"{""status"":""present"",""value"":{""inbound_course_deg"":null,""leg_distance_nm"":null,""leg_time_min"":1.0,""turn"":""RIGHT""}}","{""status"":""not_applicable"",""value"":null}"
A2,Q4_not_applicable,KARA_R17,leg_3.Q4_course_or_radial,False,missing_leg_or_field,exact_status_value,null,"{""status"":""not_applicable"",""value"":null}"
A2,Q5_hold_inbound_course,KARA_R17,leg_3.Q5_hold_params,False,missing_leg_or_field,degree_display_rounding,null,"{""status"":""present"",""value"":{""inbound_course_deg"":294.3,""leg_distance_nm"":4.0,""leg_time_min"":null,""turn"":""RIGHT""}}"
A2,Q4_angle,KARA_R35,leg_1.Q4_course_or_radial,False,status_not_applicable,degree_display_rounding,"{""status"":""not_applicable"",""value"":null}","{""status"":""present"",""value"":{""course_deg"":347.5,""type"":""course_deg""}}"
A2,Q5_hold_other,KARA_R35,leg_1.Q5_hold_params,False,target_not_present_but_pred_present,exact_status_value,"{""status"":""present"",""value"":{""inbound_course_deg"":null,""leg_distance_nm"":null,""leg_time_min"":1.0,""turn"":""RIGHT""}}","{""status"":""not_applicable"",""value"":null}"
A2,Q4_direct,KARA_R35,leg_2.Q4_course_or_radial,False,missing_leg_or_field,exact_status_value,null,"{""status"":""present"",""value"":{""type"":""direct""}}"
A2,Q4_not_applicable,KARA_R35,leg_3.Q4_course_or_radial,False,missing_leg_or_field,exact_status_value,null,"{""status"":""not_applicable"",""value"":null}"
A2,Q5_hold_inbound_course,KARA_R35,leg_3.Q5_hold_params,False,missing_leg_or_field,degree_display_rounding,null,"{""status"":""present"",""value"":{""inbound_course_deg"":271.8,""leg_distance_nm"":4.0,""leg_time_min"":null,""turn"":""LEFT""}}"
A2,Q4_angle,KARB_R06,leg_1.Q4_course_or_radial,False,status_unknown,degree_display_rounding,"{""status"":""unknown"",""value"":null}","{""status"":""present"",""value"":{""course_deg"":59.5,""type"":""course_deg""}}"
A2,Q4_direct,KARB_R06,leg_2.Q4_course_or_radial,True,correct,exact_status_value,"{""status"":""present"",""value"":{""type"":""direct""}}","{""status"":""present"",""value"":{""type"":""direct""}}"
A2,Q4_not_applicable,KARB_R06,leg_3.Q4_course_or_radial,True,correct,exact_status_value,"{""status"":""not_applicable"",""value"":null}","{""status"":""not_applicable"",""value"":null}"
A2,Q5_hold_inbound_course,KARB_R06,leg_3.Q5_hold_params,False,missing_inbound_course_deg,degree_display_rounding,"{""status"":""present"",""value"":{""inbound_course_deg"":null,""leg_distance_nm"":null,""leg_time_min"":1.0,""turn"":""RIGHT""}}","{""status"":""present"",""value"":{""inbound_course_deg"":239.7,""leg_distance_nm"":5.0,""leg_time_min"":null,""turn"":""RIGHT""}}"
A2,Q4_angle,KARB_R24,leg_1.Q4_course_or_radial,False,status_unknown,degree_display_rounding,"{""status"":""unknown"",""value"":null}","{""status"":""present"",""value"":{""course_deg"":239.6,""type"":""course_deg""}}"
A2,Q4_direct,KARB_R24,leg_2.Q4_course_or_radial,True,correct,exact_status_value,"{""status"":""present"",""value"":{""type"":""direct""}}","{""status"":""present"",""value"":{""type"":""direct""}}"
A2,Q4_not_applicable,KARB_R24,leg_3.Q4_course_or_radial,False,missing_leg_or_field,exact_status_value,null,"{""status"":""not_applicable"",""value"":null}"
A2,Q5_hold_inbound_course,KARB_R24,leg_3.Q5_hold_params,False,missing_leg_or_field,degree_display_rounding,null,"{""status"":""present"",""value"":{""inbound_course_deg"":59.4,""leg_distance_nm"":5.0,""leg_time_min"":null,""turn"":""RIGHT""}}"
A2,Q4_angle,KARG_R04,leg_1.Q4_course_or_radial,False,status_unknown,degree_display_rounding,"{""status"":""unknown"",""value"":null}","{""status"":""present"",""value"":{""course_deg"":44.0,""type"":""course_deg""}}"
A2,Q4_direct,KARG_R04,leg_2.Q4_course_or_radial,False,status_not_applicable,exact_status_value,"{""status"":""not_applicable"",""value"":null}","{""status"":""present"",""value"":{""type"":""direct""}}"
A2,Q5_hold_other,KARG_R04,leg_2.Q5_hold_params,False,target_not_present_but_pred_present,exact_status_value,"{""status"":""present"",""value"":{""inbound_course_deg"":null,""leg_distance_nm"":null,""leg_time_min"":1.0,""turn"":""RIGHT""}}","{""status"":""not_applicable"",""value"":null}"
A2,Q4_not_applicable,KARG_R04,leg_3.Q4_course_or_radial,True,correct,exact_status_value,"{""status"":""not_applicable"",""value"":null}","{""status"":""not_applicable"",""value"":null}"
A2,Q5_hold_inbound_course,KARG_R04,leg_3.Q5_hold_params,False,missing_inbound_course_deg,degree_display_rounding,"{""status"":""present"",""value"":{""inbound_course_deg"":null,""leg_distance_nm"":4.0,""leg_time_min"":null,""turn"":""RIGHT""}}","{""status"":""present"",""value"":{""inbound_course_deg"":224.2,""leg_distance_nm"":4.0,""leg_time_min"":null,""turn"":""RIGHT""}}"
A2,Q4_angle,KARG_R18,leg_1.Q4_course_or_radial,False,status_not_applicable,degree_display_rounding,"{""status"":""not_applicable"",""value"":null}","{""status"":""present"",""value"":{""course_deg"":179.0,""type"":""course_deg""}}"
A2,Q5_hold_other,KARG_R18,leg_1.Q5_hold_params,False,target_not_present_but_pred_present,exact_status_value,"{""status"":""present"",""value"":{""inbound_course_deg"":null,""leg_distance_nm"":null,""leg_time_min"":1.0,""turn"":""RIGHT""}}","{""status"":""not_applicable"",""value"":null}"
A2,Q4_direct,KARG_R18,leg_2.Q4_course_or_radial,False,status_not_applicable,exact_status_value,"{""status"":""not_applicable"",""value"":null}","{""status"":""present"",""value"":{""type"":""direct""}}"
A2,Q5_hold_other,KARG_R18,leg_2.Q5_hold_params,False,target_not_present_but_pred_present,exact_status_value,"{""status"":""present"",""value"":{""inbound_course_deg"":null,""leg_distance_nm"":4.0,""leg_time_min"":null,""turn"":""RIGHT""}}","{""status"":""not_applicable"",""value"":null}"
A2,Q4_not_applicable,KARG_R18,leg_3.Q4_course_or_radial,False,missing_leg_or_field,exact_status_value,null,"{""status"":""not_applicable"",""value"":null}"
A2,Q5_hold_inbound_course,KARG_R18,leg_3.Q5_hold_params,False,missing_leg_or_field,exact_status_value,null,"{""status"":""present"",""value"":{""inbound_course_deg"":359.0,""leg_distance_nm"":4.0,""leg_time_min"":null,""turn"":""RIGHT""}}"
A2,Q4_angle,KARG_R22,leg_1.Q4_course_or_radial,False,status_not_applicable,degree_display_rounding,"{""status"":""not_applicable"",""value"":null}","{""status"":""present"",""value"":{""course_deg"":224.1,""type"":""course_deg""}}"
A2,Q5_hold_other,KARG_R22,leg_1.Q5_hold_params,False,target_not_present_but_pred_present,exact_status_value,"{""status"":""present"",""value"":{""inbound_course_deg"":null,""leg_distance_nm"":null,""leg_time_min"":1.0,""turn"":""RIGHT""}}","{""status"":""not_applicable"",""value"":null}"
A2,Q4_direct,KARG_R22,leg_2.Q4_course_or_radial,False,status_not_applicable,exact_status_value,"{""status"":""not_applicable"",""value"":null}","{""status"":""present"",""value"":{""type"":""direct""}}"
A2,Q5_hold_other,KARG_R22,leg_2.Q5_hold_params,False,target_not_present_but_pred_present,exact_status_value,"{""status"":""present"",""value"":{""inbound_course_deg"":null,""leg_distance_nm"":4.0,""leg_time_min"":null,""turn"":""RIGHT""}}","{""status"":""not_applicable"",""value"":null}"
A2,Q4_not_applicable,KARG_R22,leg_3.Q4_course_or_radial,False,missing_leg_or_field,exact_status_value,null,"{""status"":""not_applicable"",""value"":null}"
A2,Q5_hold_inbound_course,KARG_R22,leg_3.Q5_hold_params,False,missing_leg_or_field,exact_status_value,null,"{""status"":""present"",""value"":{""inbound_course_deg"":44.0,""leg_distance_nm"":4.0,""leg_time_min"":null,""turn"":""RIGHT""}}"
A2,Q4_angle,KARV_R18,leg_1.Q4_course_or_radial,False,status_unknown,degree_display_rounding,"{""status"":""unknown"",""value"":null}","{""status"":""present"",""value"":{""course_deg"":180.9,""type"":""course_deg""}}"
A2,Q4_direct,KARV_R18,leg_2.Q4_course_or_radial,False,status_not_applicable,exact_status_value,"{""status"":""not_applicable"",""value"":null}","{""status"":""present"",""value"":{""type"":""direct""}}"
A2,Q5_hold_other,KARV_R18,leg_2.Q5_hold_params,False,target_not_present_but_pred_present,exact_status_value,"{""status"":""present"",""value"":{""inbound_course_deg"":null,""leg_distance_nm"":null,""leg_time_min"":1.0,""turn"":""RIGHT""}}","{""status"":""not_applicable"",""value"":null}"
A2,Q4_angle,KARV_R18,leg_3.Q4_course_or_radial,False,status_not_applicable,degree_display_rounding,"{""status"":""not_applicable"",""value"":null}","{""status"":""present"",""value"":{""course_deg"":283.3,""type"":""course_deg""}}"
A2,Q5_hold_other,KARV_R18,leg_3.Q5_hold_params,False,target_not_present_but_pred_present,exact_status_value,"{""status"":""present"",""value"":{""inbound_course_deg"":null,""leg_distance_nm"":null,""leg_time_min"":1.0,""turn"":""RIGHT""}}","{""status"":""not_applicable"",""value"":null}"
A2,Q4_not_applicable,KARV_R18,leg_4.Q4_course_or_radial,True,correct,exact_status_value,"{""status"":""not_applicable"",""value"":null}","{""status"":""not_applicable"",""value"":null}"
A2,Q5_hold_inbound_course,KARV_R18,leg_4.Q5_hold_params,False,missing_inbound_course_deg,degree_display_rounding,"{""status"":""present"",""value"":{""inbound_course_deg"":null,""leg_distance_nm"":4.0,""leg_time_min"":null,""turn"":""RIGHT""}}","{""status"":""present"",""value"":{""inbound_course_deg"":122.5,""leg_distance_nm"":5.0,""leg_time_min"":null,""turn"":""RIGHT""}}"
A2,Q4_angle,KARV_R28,leg_1.Q4_course_or_radial,False,status_unknown,degree_display_rounding,"{""status"":""unknown"",""value"":null}","{""status"":""present"",""value"":{""course_deg"":282.6,""type"":""course_deg""}}"
A2,Q4_direct,KARV_R28,leg_2.Q4_course_or_radial,True,correct,exact_status_value,"{""status"":""present"",""value"":{""type"":""direct""}}","{""status"":""present"",""value"":{""type"":""direct""}}"
A2,Q4_angle,KARV_R28,leg_3.Q4_course_or_radial,False,missing_leg_or_field,degree_display_rounding,null,"{""status"":""present"",""value"":{""course_deg"":248.7,""type"":""course_deg""}}"
A2,Q4_not_applicable,KARV_R28,leg_4.Q4_course_or_radial,False,missing_leg_or_field,exact_status_value,null,"{""status"":""not_applicable"",""value"":null}"
A2,Q5_hold_inbound_course,KARV_R28,leg_4.Q5_hold_params,False,missing_leg_or_field,degree_display_rounding,null,"{""status"":""present"",""value"":{""inbound_course_deg"":122.5,""leg_distance_nm"":5.0,""leg_time_min"":null,""turn"":""RIGHT""}}"
A2,Q4_angle,KAST_R26,leg_1.Q4_course_or_radial,False,missing_leg_or_field,degree_display_rounding,null,"{""status"":""present"",""value"":{""course_deg"":260.7,""type"":""course_deg""}}"
A2,Q4_direct,KAST_R26,leg_2.Q4_course_or_radial,False,missing_leg_or_field,exact_status_value,null,"{""status"":""present"",""value"":{""type"":""direct""}}"
A2,Q4_not_applicable,KAST_R26,leg_3.Q4_course_or_radial,False,missing_leg_or_field,exact_status_value,null,"{""status"":""not_applicable"",""value"":null}"
A2,Q4_not_applicable,KAST_R26,leg_4.Q4_course_or_radial,False,missing_leg_or_field,exact_status_value,null,"{""status"":""not_applicable"",""value"":null}"
A2,Q4_not_applicable,KAST_R26,leg_5.Q4_course_or_radial,False,missing_leg_or_field,exact_status_value,null,"{""status"":""not_applicable"",""value"":null}"
A2,Q5_hold_inbound_course,KAST_R26,leg_5.Q5_hold_params,False,missing_leg_or_field,degree_display_rounding,null,"{""status"":""present"",""value"":{""inbound_course_deg"":349.6,""leg_distance_nm"":5.0,""leg_time_min"":null,""turn"":""LEFT""}}"
A2,Q4_angle,KATL_I09R,leg_1.Q4_course_or_radial,True,correct,degree_display_rounding,"{""status"":""present"",""value"":{""course_deg"":100.0,""type"":""course_deg""}}","{""status"":""present"",""value"":{""course_deg"":100.0,""type"":""course_deg""}}"
A2,Q4_angle,KATL_I09R,leg_2.Q4_course_or_radial,False,status_unknown,degree_display_rounding,"{""status"":""unknown"",""value"":null}","{""status"":""present"",""value"":{""direction"":""inbound"",""navaid"":""AHN"",""radial_deg"":234.6,""type"":""navaid_radial""}}"
A2,Q4_not_applicable,KATL_I09R,leg_3.Q4_course_or_radial,False,target_not_present_but_pred_present,exact_status_value,"{""status"":""present"",""value"":{""direction"":""outbound"",""navaid"":""FUN"",""radial_deg"":235.0,""type"":""navaid_radial""}}","{""status"":""not_applicable"",""value"":null}"
A2,Q5_hold_inbound_course,KATL_I09R,leg_3.Q5_hold_params,False,status_not_applicable,degree_display_rounding,"{""status"":""not_applicable"",""value"":null}","{""status"":""present"",""value"":{""inbound_course_deg"":54.6,""leg_distance_nm"":null,""leg_time_min"":1.0,""turn"":""RIGHT""}}"
A2,Q4_angle,KAUS_I18L,leg_1.Q4_course_or_radial,False,missing_leg_or_field,degree_display_rounding,null,"{""status"":""present"",""value"":{""course_deg"":174.7,""type"":""course_deg""}}"
A2,Q4_angle,KAUS_I18L,leg_2.Q4_course_or_radial,False,missing_leg_or_field,degree_display_rounding,null,"{""status"":""present"",""value"":{""course_deg"":40.0,""type"":""course_deg""}}"
A2,Q4_angle,KAUS_I18L,leg_3.Q4_course_or_radial,False,missing_leg_or_field,degree_display_rounding,null,"{""status"":""present"",""value"":{""direction"":""inbound"",""navaid"":""CWK"",""radial_deg"":87.7,""type"":""navaid_radial""}}"
A2,Q4_not_applicable,KAUS_I18L,leg_4.Q4_course_or_radial,False,missing_leg_or_field,exact_status_value,null,"{""status"":""not_applicable"",""value"":null}"
A2,Q5_hold_inbound_course,KAUS_I18L,leg_4.Q5_hold_params,False,missing_leg_or_field,degree_display_rounding,null,"{""status"":""present"",""value"":{""inbound_course_deg"":267.7,""leg_distance_nm"":null,""leg_time_min"":1.0,""turn"":""RIGHT""}}"
A2,Q4_angle,KAVQ_R12,leg_1.Q4_course_or_radial,False,status_unknown,degree_display_rounding,"{""status"":""unknown"",""value"":null}","{""status"":""present"",""value"":{""course_deg"":138.4,""type"":""course_deg""}}"
A2,Q4_direct,KAVQ_R12,leg_2.Q4_course_or_radial,False,status_not_applicable,exact_status_value,"{""status"":""not_applicable"",""value"":null}","{""status"":""present"",""value"":{""type"":""direct""}}"
A2,Q5_hold_other,KAVQ_R12,leg_2.Q5_hold_params,False,target_not_present_but_pred_present,exact_status_value,"{""status"":""present"",""value"":{""inbound_course_deg"":null,""leg_distance_nm"":null,""leg_time_min"":1.0,""turn"":""RIGHT""}}","{""status"":""not_applicable"",""value"":null}"
A2,Q4_not_applicable,KAVQ_R12,leg_3.Q4_course_or_radial,False,missing_leg_or_field,exact_status_value,null,"{""status"":""not_applicable"",""value"":null}"
A2,Q5_hold_inbound_course,KAVQ_R12,leg_3.Q5_hold_params,False,missing_leg_or_field,degree_display_rounding,null,"{""status"":""present"",""value"":{""inbound_course_deg"":128.1,""leg_distance_nm"":6.0,""leg_time_min"":null,""turn"":""RIGHT""}}"
A2,Q4_angle,KAVQ_R21,leg_1.Q4_course_or_radial,False,status_not_applicable,degree_display_rounding,"{""status"":""not_applicable"",""value"":null}","{""status"":""present"",""value"":{""course_deg"":198.6,""type"":""course_deg""}}"
A2,Q5_hold_other,KAVQ_R21,leg_1.Q5_hold_params,False,target_not_present_but_pred_present,exact_status_value,"{""status"":""present"",""value"":{""inbound_course_deg"":null,""leg_distance_nm"":null,""leg_time_min"":1.0,""turn"":""RIGHT""}}","{""status"":""not_applicable"",""value"":null}"
A2,Q4_direct,KAVQ_R21,leg_2.Q4_course_or_radial,False,missing_leg_or_field,exact_status_value,null,"{""status"":""present"",""value"":{""type"":""direct""}}"
A2,Q4_not_applicable,KAVQ_R21,leg_3.Q4_course_or_radial,False,missing_leg_or_field,exact_status_value,null,"{""status"":""not_applicable"",""value"":null}"
A2,Q4_not_applicable,KAVQ_R21,leg_4.Q4_course_or_radial,False,missing_leg_or_field,exact_status_value,null,"{""status"":""not_applicable"",""value"":null}"
A2,Q5_hold_inbound_course,KAVQ_R21,leg_4.Q5_hold_params,False,missing_leg_or_field,exact_status_value,null,"{""status"":""present"",""value"":{""inbound_course_deg"":111.0,""leg_distance_nm"":6.0,""leg_time_min"":null,""turn"":""LEFT""}}"
A2,Q4_angle,KAWG_R36,leg_1.Q4_course_or_radial,False,status_unknown,degree_display_rounding,"{""status"":""unknown"",""value"":null}","{""status"":""present"",""value"":{""course_deg"":4.1,""type"":""course_deg""}}"
A2,Q4_direct,KAWG_R36,leg_2.Q4_course_or_radial,False,missing_leg_or_field,exact_status_value,null,"{""status"":""present"",""value"":{""type"":""direct""}}"
A2,Q4_not_applicable,KAWG_R36,leg_3.Q4_course_or_radial,False,missing_leg_or_field,exact_status_value,null,"{""status"":""not_applicable"",""value"":null}"
A2,Q5_hold_inbound_course,KAWG_R36,leg_3.Q5_hold_params,False,missing_leg_or_field,degree_display_rounding,null,"{""status"":""present"",""value"":{""inbound_course_deg"":184.1,""leg_distance_nm"":4.0,""leg_time_min"":null,""turn"":""RIGHT""}}"
A2,Q4_angle,KAWM_L17,leg_1.Q4_course_or_radial,False,status_unknown,degree_display_rounding,"{""status"":""unknown"",""value"":null}","{""status"":""present"",""value"":{""course_deg"":179.6,""type"":""course_deg""}}"
A2,Q4_angle,KAWM_L17,leg_2.Q4_course_or_radial,False,round_equivalent_but_other_mismatch,degree_display_rounding,"{""status"":""present"",""value"":{""direction"":""outbound"",""navaid"":""OME"",""radial_deg"":147.0,""type"":""navaid_radial""}}","{""status"":""present"",""value"":{""direction"":""inbound"",""navaid"":""GQE"",""radial_deg"":147.0,""type"":""navaid_radial""}}"
A2,Q4_not_applicable,KAWM_L17,leg_3.Q4_course_or_radial,False,missing_leg_or_field,exact_status_value,null,"{""status"":""not_applicable"",""value"":null}"
A2,Q5_hold_inbound_course,KAWM_L17,leg_3.Q5_hold_params,False,missing_leg_or_field,exact_status_value,null,"{""status"":""present"",""value"":{""inbound_course_deg"":122.0,""leg_distance_nm"":null,""leg_time_min"":1.0,""turn"":""RIGHT""}}"
A2,Q4_angle,KAXH_L09,leg_1.Q4_course_or_radial,False,type_mismatch:direct->course_deg,degree_display_rounding,"{""status"":""present"",""value"":{""type"":""direct""}}","{""status"":""present"",""value"":{""course_deg"":89.2,""type"":""course_deg""}}"
A2,Q4_direct,KAXH_L09,leg_2.Q4_course_or_radial,False,missing_leg_or_field,exact_status_value,null,"{""status"":""present"",""value"":{""type"":""direct""}}"
A2,Q4_angle,KAXH_R27,leg_1.Q4_course_or_radial,False,missing_leg_or_field,degree_display_rounding,null,"{""status"":""present"",""value"":{""course_deg"":269.3,""type"":""course_deg""}}"
A2,Q4_direct,KAXH_R27,leg_2.Q4_course_or_radial,False,missing_leg_or_field,exact_status_value,null,"{""status"":""present"",""value"":{""type"":""direct""}}"
A2,Q4_angle,KAXH_R27,leg_3.Q4_course_or_radial,False,missing_leg_or_field,degree_display_rounding,null,"{""status"":""present"",""value"":{""course_deg"":200.4,""type"":""course_deg""}}"
A2,Q4_angle,KAXV_R26,leg_1.Q4_course_or_radial,False,status_unknown,degree_display_rounding,"{""status"":""unknown"",""value"":null}","{""status"":""present"",""value"":{""course_deg"":260.7,""type"":""course_deg""}}"
A2,Q4_direct,KAXV_R26,leg_2.Q4_course_or_radial,False,status_not_applicable,exact_status_value,"{""status"":""not_applicable"",""value"":null}","{""status"":""present"",""value"":{""type"":""direct""}}"
A2,Q5_hold_other,KAXV_R26,leg_2.Q5_hold_params,False,target_not_present_but_pred_present,exact_status_value,"{""status"":""present"",""value"":{""inbound_course_deg"":null,""leg_distance_nm"":null,""leg_time_min"":1.0,""turn"":""RIGHT""}}","{""status"":""not_applicable"",""value"":null}"
A2,Q4_not_applicable,KAXV_R26,leg_3.Q4_course_or_radial,False,missing_leg_or_field,exact_status_value,null,"{""status"":""not_applicable"",""value"":null}"
A2,Q5_hold_inbound_course,KAXV_R26,leg_3.Q5_hold_params,False,missing_leg_or_field,degree_display_rounding,null,"{""status"":""present"",""value"":{""inbound_course_deg"":80.4,""leg_distance_nm"":4.0,""leg_time_min"":null,""turn"":""RIGHT""}}"
A2,Q4_angle,KBDL_L33,leg_1.Q4_course_or_radial,False,status_not_applicable,degree_display_rounding,"{""status"":""not_applicable"",""value"":null}","{""status"":""present"",""value"":{""course_deg"":328.4,""type"":""course_deg""}}"
A2,Q5_hold_other,KBDL_L33,leg_1.Q5_hold_params,False,target_not_present_but_pred_present,exact_status_value,"{""status"":""present"",""value"":{""inbound_course_deg"":null,""leg_distance_nm"":null,""leg_time_min"":1.0,""turn"":""RIGHT""}}","{""status"":""not_applicable"",""value"":null}"
A2,Q4_direct,KBDL_L33,leg_2.Q4_course_or_radial,False,status_unknown,exact_status_value,"{""status"":""unknown"",""value"":null}","{""status"":""present"",""value"":{""type"":""direct""}}"
A2,Q4_not_applicable,KBDL_L33,leg_3.Q4_course_or_radial,True,correct,exact_status_value,"{""status"":""not_applicable"",""value"":null}","{""status"":""not_applicable"",""value"":null}"
A2,Q5_hold_inbound_course,KBDL_L33,leg_3.Q5_hold_params,False,missing_inbound_course_deg,degree_display_rounding,"{""status"":""present"",""value"":{""inbound_course_deg"":null,""leg_distance_nm"":null,""leg_time_min"":1.0,""turn"":""RIGHT""}}","{""status"":""present"",""value"":{""inbound_course_deg"":274.8,""leg_distance_nm"":null,""leg_time_min"":1.0,""turn"":""LEFT""}}"
A2,Q4_angle,KBDN_R34,leg_1.Q4_course_or_radial,False,status_unknown,degree_display_rounding,"{""status"":""unknown"",""value"":null}","{""status"":""present"",""value"":{""course_deg"":331.1,""type"":""course_deg""}}"
A2,Q4_direct,KBDN_R34,leg_2.Q4_course_or_radial,False,status_not_applicable,exact_status_value,"{""status"":""not_applicable"",""value"":null}","{""status"":""present"",""value"":{""type"":""direct""}}"
A2,Q5_hold_other,KBDN_R34,leg_2.Q5_hold_params,False,target_not_present_but_pred_present,exact_status_value,"{""status"":""present"",""value"":{""inbound_course_deg"":null,""leg_distance_nm"":null,""leg_time_min"":1.0,""turn"":""RIGHT""}}","{""status"":""not_applicable"",""value"":null}"
A2,Q4_not_applicable,KBDN_R34,leg_3.Q4_course_or_radial,False,status_unknown,exact_status_value,"{""status"":""unknown"",""value"":null}","{""status"":""not_applicable"",""value"":null}"
A2,Q4_not_applicable,KBDN_R34,leg_4.Q4_course_or_radial,False,missing_leg_or_field,exact_status_value,null,"{""status"":""not_applicable"",""value"":null}"
A2,Q5_hold_inbound_course,KBDN_R34,leg_4.Q5_hold_params,False,missing_leg_or_field,exact_status_value,null,"{""status"":""present"",""value"":{""inbound_course_deg"":129.0,""leg_distance_nm"":5.0,""leg_time_min"":null,""turn"":""LEFT""}}"
A2,Q4_angle,KBFD_R14,leg_1.Q4_course_or_radial,False,missing_leg_or_field,degree_display_rounding,null,"{""status"":""present"",""value"":{""course_deg"":144.8,""type"":""course_deg""}}"
A2,Q4_direct,KBFD_R14,leg_2.Q4_course_or_radial,False,missing_leg_or_field,exact_status_value,null,"{""status"":""present"",""value"":{""type"":""direct""}}"
A2,Q4_not_applicable,KBFD_R14,leg_3.Q4_course_or_radial,False,missing_leg_or_field,exact_status_value,null,"{""status"":""not_applicable"",""value"":null}"
A2,Q5_hold_inbound_course,KBFD_R14,leg_3.Q5_hold_params,False,missing_leg_or_field,exact_status_value,null,"{""status"":""present"",""value"":{""inbound_course_deg"":325.0,""leg_distance_nm"":5.0,""leg_time_min"":null,""turn"":""RIGHT""}}"
A2,Q4_angle,KBFF_L12,leg_1.Q4_course_or_radial,False,status_unknown,degree_display_rounding,"{""status"":""unknown"",""value"":null}","{""status"":""present"",""value"":{""course_deg"":125.6,""type"":""course_deg""}}"
A2,Q4_direct,KBFF_L12,leg_2.Q4_course_or_radial,False,status_not_applicable,exact_status_value,"{""status"":""not_applicable"",""value"":null}","{""status"":""present"",""value"":{""type"":""direct""}}"
A2,Q5_hold_other,KBFF_L12,leg_2.Q5_hold_params,False,target_not_present_but_pred_present,exact_status_value,"{""status"":""present"",""value"":{""inbound_course_deg"":null,""leg_distance_nm"":null,""leg_time_min"":1.0,""turn"":""RIGHT""}}","{""status"":""not_applicable"",""value"":null}"
A2,Q4_not_applicable,KBFF_L12,leg_3.Q4_course_or_radial,False,missing_leg_or_field,exact_status_value,null,"{""status"":""not_applicable"",""value"":null}"
A2,Q5_hold_inbound_course,KBFF_L12,leg_3.Q5_hold_params,False,missing_leg_or_field,exact_status_value,null,"{""status"":""present"",""value"":{""inbound_course_deg"":245.0,""leg_distance_nm"":null,""leg_time_min"":1.0,""turn"":""RIGHT""}}"
A2,Q4_angle,KBJC_R12L,leg_1.Q4_course_or_radial,False,status_unknown,degree_display_rounding,"{""status"":""unknown"",""value"":null}","{""status"":""present"",""value"":{""course_deg"":135.3,""type"":""course_deg""}}"
A2,Q4_direct,KBJC_R12L,leg_2.Q4_course_or_radial,False,status_not_applicable,exact_status_value,"{""status"":""not_applicable"",""value"":null}","{""status"":""present"",""value"":{""type"":""direct""}}"
A2,Q5_hold_other,KBJC_R12L,leg_2.Q5_hold_params,False,target_not_present_but_pred_present,exact_status_value,"{""status"":""present"",""value"":{""inbound_course_deg"":null,""leg_distance_nm"":null,""leg_time_min"":1.0,""turn"":""RIGHT""}}","{""status"":""not_applicable"",""value"":null}"
A2,Q4_not_applicable,KBJC_R12L,leg_3.Q4_course_or_radial,False,status_unknown,exact_status_value,"{""status"":""unknown"",""value"":null}","{""status"":""not_applicable"",""value"":null}"
A2,Q5_hold_inbound_course,KBJC_R12L,leg_3.Q5_hold_params,False,status_not_applicable,degree_display_rounding,"{""status"":""not_applicable"",""value"":null}","{""status"":""present"",""value"":{""inbound_course_deg"":338.3,""leg_distance_nm"":7.0,""leg_time_min"":null,""turn"":""LEFT""}}"
A2,Q4_angle,KBKX_R30,leg_1.Q4_course_or_radial,False,status_not_applicable,degree_display_rounding,"{""status"":""not_applicable"",""value"":null}","{""status"":""present"",""value"":{""course_deg"":295.6,""type"":""course_deg""}}"
A2,Q5_hold_other,KBKX_R30,leg_1.Q5_hold_params,False,target_not_present_but_pred_present,exact_status_value,"{""status"":""present"",""value"":{""inbound_course_deg"":null,""leg_distance_nm"":null,""leg_time_min"":1.0,""turn"":""RIGHT""}}","{""status"":""not_applicable"",""value"":null}"
A2,Q4_direct,KBKX_R30,leg_2.Q4_course_or_radial,False,missing_leg_or_field,exact_status_value,null,"{""status"":""present"",""value"":{""type"":""direct""}}"
A2,Q4_not_applicable,KBKX_R30,leg_3.Q4_course_or_radial,False,missing_leg_or_field,exact_status_value,null,"{""status"":""not_applicable"",""value"":null}"
A2,Q5_hold_inbound_course,KBKX_R30,leg_3.Q5_hold_params,False,missing_leg_or_field,degree_display_rounding,null,"{""status"":""present"",""value"":{""inbound_course_deg"":115.4,""leg_distance_nm"":4.0,""leg_time_min"":null,""turn"":""RIGHT""}}"
A2,Q4_angle,KBLF_R05,leg_1.Q4_course_or_radial,False,status_unknown,degree_display_rounding,"{""status"":""unknown"",""value"":null}","{""status"":""present"",""value"":{""course_deg"":63.8,""type"":""course_deg""}}"
A2,Q4_direct,KBLF_R05,leg_2.Q4_course_or_radial,False,missing_leg_or_field,exact_status_value,null,"{""status"":""present"",""value"":{""type"":""direct""}}"
A2,Q4_not_applicable,KBLF_R05,leg_3.Q4_course_or_radial,False,missing_leg_or_field,exact_status_value,null,"{""status"":""not_applicable"",""value"":null}"
A2,Q5_hold_inbound_course,KBLF_R05,leg_3.Q5_hold_params,False,missing_leg_or_field,degree_display_rounding,null,"{""status"":""present"",""value"":{""inbound_course_deg"":100.6,""leg_distance_nm"":5.0,""leg_time_min"":null,""turn"":""RIGHT""}}"
A2,Q4_angle,KBLV_R32RY,leg_1.Q4_course_or_radial,False,type_mismatch:direct->course_deg,degree_display_rounding,"{""status"":""present"",""value"":{""type"":""direct""}}","{""status"":""present"",""value"":{""course_deg"":318.6,""type"":""course_deg""}}"
A2,Q4_direct,KBLV_R32RY,leg_2.Q4_course_or_radial,False,missing_leg_or_field,exact_status_value,null,"{""status"":""present"",""value"":{""type"":""direct""}}"
A2,Q4_not_applicable,KBLV_R32RY,leg_3.Q4_course_or_radial,False,missing_leg_or_field,exact_status_value,null,"{""status"":""not_applicable"",""value"":null}"
A2,Q5_hold_inbound_course,KBLV_R32RY,leg_3.Q5_hold_params,False,missing_leg_or_field,degree_display_rounding,null,"{""status"":""present"",""value"":{""inbound_course_deg"":283.5,""leg_distance_nm"":4.0,""leg_time_min"":null,""turn"":""RIGHT""}}"
A2,Q4_angle,KBMQ_R01,leg_1.Q4_course_or_radial,False,status_unknown,degree_display_rounding,"{""status"":""unknown"",""value"":null}","{""status"":""present"",""value"":{""course_deg"":13.1,""type"":""course_deg""}}"
A2,Q4_direct,KBMQ_R01,leg_2.Q4_course_or_radial,True,correct,exact_status_value,"{""status"":""present"",""value"":{""type"":""direct""}}","{""status"":""present"",""value"":{""type"":""direct""}}"
A2,Q4_not_applicable,KBMQ_R01,leg_3.Q4_course_or_radial,False,missing_leg_or_field,exact_status_value,null,"{""status"":""not_applicable"",""value"":null}"
A2,Q5_hold_inbound_course,KBMQ_R01,leg_3.Q5_hold_params,False,missing_leg_or_field,degree_display_rounding,null,"{""status"":""present"",""value"":{""inbound_course_deg"":193.2,""leg_distance_nm"":4.0,""leg_time_min"":null,""turn"":""RIGHT""}}"
A2,Q4_angle,KBOS_L15R,leg_1.Q4_course_or_radial,False,missing_leg_or_field,degree_display_rounding,null,"{""status"":""present"",""value"":{""direction"":""inbound"",""navaid"":""BOS"",""radial_deg"":154.0,""type"":""navaid_radial""}}"
A2,Q4_not_applicable,KBOS_L15R,leg_2.Q4_course_or_radial,False,missing_leg_or_field,exact_status_value,null,"{""status"":""not_applicable"",""value"":null}"
A2,Q5_hold_inbound_course,KBOS_L15R,leg_2.Q5_hold_params,False,missing_leg_or_field,exact_status_value,null,"{""status"":""present"",""value"":{""inbound_course_deg"":334.0,""leg_distance_nm"":null,""leg_time_min"":1.0,""turn"":""RIGHT""}}"
A2,Q4_angle,KBOS_R32,leg_1.Q4_course_or_radial,False,type_mismatch:direct->course_deg,degree_display_rounding,"{""status"":""present"",""value"":{""type"":""direct""}}","{""status"":""present"",""value"":{""course_deg"":330.7,""type"":""course_deg""}}"
A2,Q4_direct,KBOS_R32,leg_2.Q4_course_or_radial,False,status_unknown,exact_status_value,"{""status"":""unknown"",""value"":null}","{""status"":""present"",""value"":{""type"":""direct""}}"
A2,Q4_not_applicable,KBOS_R32,leg_3.Q4_course_or_radial,False,missing_leg_or_field,exact_status_value,null,"{""status"":""not_applicable"",""value"":null}"
A2,Q4_not_applicable,KBOS_R32,leg_4.Q4_course_or_radial,False,missing_leg_or_field,exact_status_value,null,"{""status"":""not_applicable"",""value"":null}"
A2,Q5_hold_inbound_course,KBOS_R32,leg_4.Q5_hold_params,False,missing_leg_or_field,degree_display_rounding,null,"{""status"":""present"",""value"":{""inbound_course_deg"":284.1,""leg_distance_nm"":5.0,""leg_time_min"":null,""turn"":""RIGHT""}}"
A2,Q4_angle,KBRD_L34,leg_1.Q4_course_or_radial,False,status_unknown,degree_display_rounding,"{""status"":""unknown"",""value"":null}","{""status"":""present"",""value"":{""course_deg"":339.7,""type"":""course_deg""}}"
A2,Q4_direct,KBRD_L34,leg_2.Q4_course_or_radial,False,status_not_applicable,exact_status_value,"{""status"":""not_applicable"",""value"":null}","{""status"":""present"",""value"":{""type"":""direct""}}"
A2,Q5_hold_other,KBRD_L34,leg_2.Q5_hold_params,False,target_not_present_but_pred_present,exact_status_value,"{""status"":""present"",""value"":{""inbound_course_deg"":null,""leg_distance_nm"":null,""leg_time_min"":1.0,""turn"":""RIGHT""}}","{""status"":""not_applicable"",""value"":null}"
A2,Q4_not_applicable,KBRD_L34,leg_3.Q4_course_or_radial,True,correct,exact_status_value,"{""status"":""not_applicable"",""value"":null}","{""status"":""not_applicable"",""value"":null}"
A2,Q5_hold_inbound_course,KBRD_L34,leg_3.Q5_hold_params,False,missing_inbound_course_deg,degree_display_rounding,"{""status"":""present"",""value"":{""inbound_course_deg"":null,""leg_distance_nm"":null,""leg_time_min"":1.0,""turn"":""RIGHT""}}","{""status"":""present"",""value"":{""inbound_course_deg"":231.3,""leg_distance_nm"":null,""leg_time_min"":1.0,""turn"":""RIGHT""}}"
A2,Q4_angle,KBTL_L23R,leg_1.Q4_course_or_radial,False,missing_leg_or_field,degree_display_rounding,null,"{""status"":""present"",""value"":{""course_deg"":226.6,""type"":""course_deg""}}"
A2,Q4_direct,KBTL_L23R,leg_2.Q4_course_or_radial,False,missing_leg_or_field,exact_status_value,null,"{""status"":""present"",""value"":{""type"":""direct""}}"
A2,Q4_not_applicable,KBTL_L23R,leg_3.Q4_course_or_radial,False,missing_leg_or_field,exact_status_value,null,"{""status"":""not_applicable"",""value"":null}"
A2,Q5_hold_inbound_course,KBTL_L23R,leg_3.Q5_hold_params,False,missing_leg_or_field,degree_display_rounding,null,"{""status"":""present"",""value"":{""inbound_course_deg"":189.5,""leg_distance_nm"":4.0,""leg_time_min"":null,""turn"":""RIGHT""}}"
A2,Q4_angle,KBTP_L08,leg_1.Q4_course_or_radial,False,status_unknown,degree_display_rounding,"{""status"":""unknown"",""value"":null}","{""status"":""present"",""value"":{""course_deg"":80.0,""type"":""course_deg""}}"
A2,Q4_direct,KBTP_L08,leg_2.Q4_course_or_radial,False,status_unknown,exact_status_value,"{""status"":""unknown"",""value"":null}","{""status"":""present"",""value"":{""type"":""direct""}}"
A2,Q4_not_applicable,KBTP_L08,leg_3.Q4_course_or_radial,False,status_unknown,exact_status_value,"{""status"":""unknown"",""value"":null}","{""status"":""not_applicable"",""value"":null}"
A2,Q5_hold_inbound_course,KBTP_L08,leg_3.Q5_hold_params,False,status_not_applicable,exact_status_value,"{""status"":""not_applicable"",""value"":null}","{""status"":""present"",""value"":{""inbound_course_deg"":100.0,""leg_distance_nm"":null,""leg_time_min"":1.0,""turn"":""RIGHT""}}"
A2,Q4_angle,KBTR_R04L,leg_1.Q4_course_or_radial,False,type_mismatch:direct->course_deg,degree_display_rounding,"{""status"":""present"",""value"":{""type"":""direct""}}","{""status"":""present"",""value"":{""course_deg"":43.4,""type"":""course_deg""}}"
A2,Q4_direct,KBTR_R04L,leg_2.Q4_course_or_radial,False,status_not_applicable,exact_status_value,"{""status"":""not_applicable"",""value"":null}","{""status"":""present"",""value"":{""type"":""direct""}}"
A2,Q5_hold_other,KBTR_R04L,leg_2.Q5_hold_params,False,target_not_present_but_pred_present,exact_status_value,"{""status"":""present"",""value"":{""inbound_course_deg"":null,""leg_distance_nm"":null,""leg_time_min"":1.0,""turn"":""RIGHT""}}","{""status"":""not_applicable"",""value"":null}"
A2,Q4_not_applicable,KBTR_R04L,leg_3.Q4_course_or_radial,False,missing_leg_or_field,exact_status_value,null,"{""status"":""not_applicable"",""value"":null}"
A2,Q5_hold_inbound_course,KBTR_R04L,leg_3.Q5_hold_params,False,missing_leg_or_field,degree_display_rounding,null,"{""status"":""present"",""value"":{""inbound_course_deg"":223.6,""leg_distance_nm"":4.0,""leg_time_min"":null,""turn"":""RIGHT""}}"
A2,Q4_angle,KBUM_R18,leg_1.Q4_course_or_radial,False,status_not_applicable,degree_display_rounding,"{""status"":""not_applicable"",""value"":null}","{""status"":""present"",""value"":{""course_deg"":177.9,""type"":""course_deg""}}"
A2,Q5_hold_other,KBUM_R18,leg_1.Q5_hold_params,False,target_not_present_but_pred_present,exact_status_value,"{""status"":""present"",""value"":{""inbound_course_deg"":null,""leg_distance_nm"":null,""leg_time_min"":1.0,""turn"":""RIGHT""}}","{""status"":""not_applicable"",""value"":null}"
A2,Q4_direct,KBUM_R18,leg_2.Q4_course_or_radial,False,missing_leg_or_field,exact_status_value,null,"{""status"":""present"",""value"":{""type"":""direct""}}"
A2,Q4_not_applicable,KBUM_R18,leg_3.Q4_course_or_radial,False,missing_leg_or_field,exact_status_value,null,"{""status"":""not_applicable"",""value"":null}"
A2,Q5_hold_inbound_course,KBUM_R18,leg_3.Q5_hold_params,False,missing_leg_or_field,degree_display_rounding,null,"{""status"":""present"",""value"":{""inbound_course_deg"":357.9,""leg_distance_nm"":4.0,""leg_time_min"":null,""turn"":""RIGHT""}}"
A2,Q4_angle,KBUR_L08-Z,leg_1.Q4_course_or_radial,False,status_unknown,degree_display_rounding,"{""status"":""unknown"",""value"":null}","{""status"":""present"",""value"":{""course_deg"":78.9,""type"":""course_deg""}}"
A2,Q4_angle,KBUR_L08-Z,leg_2.Q4_course_or_radial,False,status_not_applicable,degree_display_rounding,"{""status"":""not_applicable"",""value"":null}","{""status"":""present"",""value"":{""course_deg"":210.0,""type"":""course_deg""}}"
A2,Q5_hold_other,KBUR_L08-Z,leg_2.Q5_hold_params,False,target_not_present_but_pred_present,exact_status_value,"{""status"":""present"",""value"":{""inbound_course_deg"":null,""leg_distance_nm"":null,""leg_time_min"":1.0,""turn"":""RIGHT""}}","{""status"":""not_applicable"",""value"":null}"
A2,Q4_angle,KBUR_L08-Z,leg_3.Q4_course_or_radial,False,status_unknown,degree_display_rounding,"{""status"":""unknown"",""value"":null}","{""status"":""present"",""value"":{""direction"":""inbound"",""navaid"":""VTU"",""radial_deg"":86.0,""type"":""navaid_radial""}}"
A2,Q4_not_applicable,KBUR_L08-Z,leg_4.Q4_course_or_radial,False,missing_leg_or_field,exact_status_value,null,"{""status"":""not_applicable"",""value"":null}"
A2,Q5_hold_inbound_course,KBUR_L08-Z,leg_4.Q5_hold_params,False,missing_leg_or_field,degree_display_rounding,null,"{""status"":""present"",""value"":{""inbound_course_deg"":130.6,""leg_distance_nm"":null,""leg_time_min"":1.0,""turn"":""LEFT""}}"
A2,Q4_angle,KBUR_R08-Z,leg_1.Q4_course_or_radial,False,missing_leg_or_field,degree_display_rounding,null,"{""status"":""present"",""value"":{""course_deg"":78.9,""type"":""course_deg""}}"
A2,Q4_direct,KBUR_R08-Z,leg_2.Q4_course_or_radial,False,missing_leg_or_field,exact_status_value,null,"{""status"":""present"",""value"":{""type"":""direct""}}"
A2,Q4_not_applicable,KBUR_R08-Z,leg_3.Q4_course_or_radial,False,missing_leg_or_field,exact_status_value,null,"{""status"":""not_applicable"",""value"":null}"
A2,Q4_not_applicable,KBUR_R08-Z,leg_4.Q4_course_or_radial,False,missing_leg_or_field,exact_status_value,null,"{""status"":""not_applicable"",""value"":null}"
A2,Q5_hold_inbound_course,KBUR_R08-Z,leg_4.Q5_hold_params,False,missing_leg_or_field,degree_display_rounding,null,"{""status"":""present"",""value"":{""inbound_course_deg"":130.6,""leg_distance_nm"":5.0,""leg_time_min"":null,""turn"":""LEFT""}}"
A2,Q4_angle,KBUY_I06-Z,leg_1.Q4_course_or_radial,False,status_unknown,degree_display_rounding,"{""status"":""unknown"",""value"":null}","{""status"":""present"",""value"":{""course_deg"":60.1,""type"":""course_deg""}}"
A2,Q4_direct,KBUY_I06-Z,leg_2.Q4_course_or_radial,False,status_not_applicable,exact_status_value,"{""status"":""not_applicable"",""value"":null}","{""status"":""present"",""value"":{""type"":""direct""}}"
A2,Q5_hold_other,KBUY_I06-Z,leg_2.Q5_hold_params,False,target_not_present_but_pred_present,exact_status_value,"{""status"":""present"",""value"":{""inbound_course_deg"":null,""leg_distance_nm"":null,""leg_time_min"":1.0,""turn"":""RIGHT""}}","{""status"":""not_applicable"",""value"":null}"
A2,Q4_not_applicable,KBUY_I06-Z,leg_3.Q4_course_or_radial,True,correct,exact_status_value,"{""status"":""not_applicable"",""value"":null}","{""status"":""not_applicable"",""value"":null}"
A2,Q5_hold_inbound_course,KBUY_I06-Z,leg_3.Q5_hold_params,False,missing_inbound_course_deg,exact_status_value,"{""status"":""present"",""value"":{""inbound_course_deg"":null,""leg_distance_nm"":null,""leg_time_min"":1.0,""turn"":""RIGHT""}}","{""status"":""present"",""value"":{""inbound_course_deg"":236.0,""leg_distance_nm"":null,""leg_time_min"":1.0,""turn"":""RIGHT""}}"
A2,Q4_angle,KBWG_I03-Y,leg_1.Q4_course_or_radial,False,missing_leg_or_field,degree_display_rounding,null,"{""status"":""present"",""value"":{""course_deg"":33.9,""type"":""course_deg""}}"
A2,Q4_direct,KBWG_I03-Y,leg_2.Q4_course_or_radial,False,missing_leg_or_field,exact_status_value,null,"{""status"":""present"",""value"":{""type"":""direct""}}"
A2,Q4_not_applicable,KBWG_I03-Y,leg_3.Q4_course_or_radial,False,missing_leg_or_field,exact_status_value,null,"{""status"":""not_applicable"",""value"":null}"
A2,Q5_hold_inbound_course,KBWG_I03-Y,leg_3.Q5_hold_params,False,missing_leg_or_field,degree_display_rounding,null,"{""status"":""present"",""value"":{""inbound_course_deg"":33.9,""leg_distance_nm"":null,""leg_time_min"":1.0,""turn"":""RIGHT""}}"
A2,Q4_angle,KBWI_L15L,leg_1.Q4_course_or_radial,False,status_unknown,degree_display_rounding,"{""status"":""unknown"",""value"":null}","{""status"":""present"",""value"":{""course_deg"":155.0,""type"":""course_deg""}}"
A2,Q4_angle,KBWI_L15L,leg_2.Q4_course_or_radial,False,round_equivalent_but_other_mismatch,degree_display_rounding,"{""status"":""present"",""value"":{""direction"":""outbound"",""navaid"":""BAL"",""radial_deg"":153.0,""type"":""navaid_radial""}}","{""status"":""present"",""value"":{""direction"":""inbound"",""navaid"":""BAL"",""radial_deg"":152.9,""type"":""navaid_radial""}}"
A2,Q4_not_applicable,KBWI_L15L,leg_3.Q4_course_or_radial,True,correct,exact_status_value,"{""status"":""not_applicable"",""value"":null}","{""status"":""not_applicable"",""value"":null}"
A2,Q5_hold_inbound_course,KBWI_L15L,leg_3.Q5_hold_params,False,missing_inbound_course_deg,degree_display_rounding,"{""status"":""present"",""value"":{""inbound_course_deg"":null,""leg_distance_nm"":null,""leg_time_min"":1.0,""turn"":""RIGHT""}}","{""status"":""present"",""value"":{""inbound_course_deg"":332.9,""leg_distance_nm"":null,""leg_time_min"":1.0,""turn"":""LEFT""}}"
A2,Q4_angle,KBXA_R18,leg_1.Q4_course_or_radial,False,status_not_applicable,degree_display_rounding,"{""status"":""not_applicable"",""value"":null}","{""status"":""present"",""value"":{""course_deg"":182.8,""type"":""course_deg""}}"
A2,Q5_hold_other,KBXA_R18,leg_1.Q5_hold_params,False,target_not_present_but_pred_present,exact_status_value,"{""status"":""present"",""value"":{""inbound_course_deg"":null,""leg_distance_nm"":null,""leg_time_min"":1.0,""turn"":""RIGHT""}}","{""status"":""not_applicable"",""value"":null}"
A2,Q4_direct,KBXA_R18,leg_2.Q4_course_or_radial,False,status_not_applicable,exact_status_value,"{""status"":""not_applicable"",""value"":null}","{""status"":""present"",""value"":{""type"":""direct""}}"
A2,Q5_hold_other,KBXA_R18,leg_2.Q5_hold_params,False,target_not_present_but_pred_present,exact_status_value,"{""status"":""present"",""value"":{""inbound_course_deg"":null,""leg_distance_nm"":null,""leg_time_min"":1.0,""turn"":""RIGHT""}}","{""status"":""not_applicable"",""value"":null}"
A2,Q4_not_applicable,KBXA_R18,leg_3.Q4_course_or_radial,True,correct,exact_status_value,"{""status"":""not_applicable"",""value"":null}","{""status"":""not_applicable"",""value"":null}"
A2,Q5_hold_inbound_course,KBXA_R18,leg_3.Q5_hold_params,False,missing_inbound_course_deg,degree_display_rounding,"{""status"":""present"",""value"":{""inbound_course_deg"":null,""leg_distance_nm"":4.0,""leg_time_min"":null,""turn"":""RIGHT""}}","{""status"":""present"",""value"":{""inbound_course_deg"":2.8,""leg_distance_nm"":4.0,""leg_time_min"":null,""turn"":""RIGHT""}}"
A2,Q4_angle,KBYH_R36,leg_1.Q4_course_or_radial,False,status_unknown,degree_display_rounding,"{""status"":""unknown"",""value"":null}","{""status"":""present"",""value"":{""course_deg"":1.0,""type"":""course_deg""}}"
A2,Q4_direct,KBYH_R36,leg_2.Q4_course_or_radial,False,status_not_applicable,exact_status_value,"{""status"":""not_applicable"",""value"":null}","{""status"":""present"",""value"":{""type"":""direct""}}"
A2,Q5_hold_other,KBYH_R36,leg_2.Q5_hold_params,False,target_not_present_but_pred_present,exact_status_value,"{""status"":""present"",""value"":{""inbound_course_deg"":null,""leg_distance_nm"":null,""leg_time_min"":1.0,""turn"":""RIGHT""}}","{""status"":""not_applicable"",""value"":null}"
A2,Q4_not_applicable,KBYH_R36,leg_3.Q4_course_or_radial,True,correct,exact_status_value,"{""status"":""not_applicable"",""value"":null}","{""status"":""not_applicable"",""value"":null}"
A2,Q5_hold_inbound_course,KBYH_R36,leg_3.Q5_hold_params,False,missing_inbound_course_deg,exact_status_value,"{""status"":""present"",""value"":{""inbound_course_deg"":null,""leg_distance_nm"":6.0,""leg_time_min"":null,""turn"":""RIGHT""}}","{""status"":""present"",""value"":{""inbound_course_deg"":181.0,""leg_distance_nm"":6.0,""leg_time_min"":null,""turn"":""RIGHT""}}"
A2,Q4_angle,KCAK_L01,leg_1.Q4_course_or_radial,False,status_not_applicable,degree_display_rounding,"{""status"":""not_applicable"",""value"":null}","{""status"":""present"",""value"":{""course_deg"":9.5,""type"":""course_deg""}}"
A2,Q5_hold_other,KCAK_L01,leg_1.Q5_hold_params,False,target_not_present_but_pred_present,exact_status_value,"{""status"":""present"",""value"":{""inbound_course_deg"":null,""leg_distance_nm"":null,""leg_time_min"":1.0,""turn"":""RIGHT""}}","{""status"":""not_applicable"",""value"":null}"
A2,Q4_direct,KCAK_L01,leg_2.Q4_course_or_radial,False,missing_leg_or_field,exact_status_value,null,"{""status"":""present"",""value"":{""type"":""direct""}}"
A2,Q4_not_applicable,KCAK_L01,leg_3.Q4_course_or_radial,False,missing_leg_or_field,exact_status_value,null,"{""status"":""not_applicable"",""value"":null}"
A2,Q5_hold_inbound_course,KCAK_L01,leg_3.Q5_hold_params,False,missing_leg_or_field,exact_status_value,null,"{""status"":""present"",""value"":{""inbound_course_deg"":272.0,""leg_distance_nm"":null,""leg_time_min"":1.0,""turn"":""RIGHT""}}"
A2,Q4_angle,KCAO_R02,leg_1.Q4_course_or_radial,False,status_not_applicable,degree_display_rounding,"{""status"":""not_applicable"",""value"":null}","{""status"":""present"",""value"":{""course_deg"":21.2,""type"":""course_deg""}}"
A2,Q5_hold_other,KCAO_R02,leg_1.Q5_hold_params,False,target_not_present_but_pred_present,exact_status_value,"{""status"":""present"",""value"":{""inbound_course_deg"":null,""leg_distance_nm"":null,""leg_time_min"":1.0,""turn"":""RIGHT""}}","{""status"":""not_applicable"",""value"":null}"
A2,Q4_direct,KCAO_R02,leg_2.Q4_course_or_radial,False,missing_leg_or_field,exact_status_value,null,"{""status"":""present"",""value"":{""type"":""direct""}}"
A2,Q4_not_applicable,KCAO_R02,leg_3.Q4_course_or_radial,False,missing_leg_or_field,exact_status_value,null,"{""status"":""not_applicable"",""value"":null}"
A2,Q5_hold_inbound_course,KCAO_R02,leg_3.Q5_hold_params,False,missing_leg_or_field,degree_display_rounding,null,"{""status"":""present"",""value"":{""inbound_course_deg"":201.3,""leg_distance_nm"":7.0,""leg_time_min"":null,""turn"":""RIGHT""}}"
A2,Q4_angle,KCBF_L36,leg_1.Q4_course_or_radial,False,status_unknown,degree_display_rounding,"{""status"":""unknown"",""value"":null}","{""status"":""present"",""value"":{""course_deg"":356.5,""type"":""course_deg""}}"
A2,Q4_direct,KCBF_L36,leg_2.Q4_course_or_radial,False,status_unknown,exact_status_value,"{""status"":""unknown"",""value"":null}","{""status"":""present"",""value"":{""type"":""direct""}}"
A2,Q4_not_applicable,KCBF_L36,leg_3.Q4_course_or_radial,False,missing_leg_or_field,exact_status_value,null,"{""status"":""not_applicable"",""value"":null}"
A2,Q5_hold_inbound_course,KCBF_L36,leg_3.Q5_hold_params,False,missing_leg_or_field,exact_status_value,null,"{""status"":""present"",""value"":{""inbound_course_deg"":284.0,""leg_distance_nm"":null,""leg_time_min"":1.0,""turn"":""RIGHT""}}"
A2,Q4_angle,KCBF_R36,leg_1.Q4_course_or_radial,False,status_not_applicable,degree_display_rounding,"{""status"":""not_applicable"",""value"":null}","{""status"":""present"",""value"":{""course_deg"":356.5,""type"":""course_deg""}}"
A2,Q5_hold_other,KCBF_R36,leg_1.Q5_hold_params,False,target_not_present_but_pred_present,exact_status_value,"{""status"":""present"",""value"":{""inbound_course_deg"":null,""leg_distance_nm"":null,""leg_time_min"":1.0,""turn"":""RIGHT""}}","{""status"":""not_applicable"",""value"":null}"
A2,Q4_direct,KCBF_R36,leg_2.Q4_course_or_radial,False,status_not_applicable,exact_status_value,"{""status"":""not_applicable"",""value"":null}","{""status"":""present"",""value"":{""type"":""direct""}}"
A2,Q5_hold_other,KCBF_R36,leg_2.Q5_hold_params,False,target_not_present_but_pred_present,exact_status_value,"{""status"":""present"",""value"":{""inbound_course_deg"":null,""leg_distance_nm"":null,""leg_time_min"":1.0,""turn"":""RIGHT""}}","{""status"":""not_applicable"",""value"":null}"
A2,Q4_not_applicable,KCBF_R36,leg_3.Q4_course_or_radial,False,missing_leg_or_field,exact_status_value,null,"{""status"":""not_applicable"",""value"":null}"
A2,Q5_hold_inbound_course,KCBF_R36,leg_3.Q5_hold_params,False,missing_leg_or_field,degree_display_rounding,null,"{""status"":""present"",""value"":{""inbound_course_deg"":176.5,""leg_distance_nm"":4.0,""leg_time_min"":null,""turn"":""RIGHT""}}"
A2,Q4_angle,KCDI_R04,leg_1.Q4_course_or_radial,False,status_unknown,degree_display_rounding,"{""status"":""unknown"",""value"":null}","{""status"":""present"",""value"":{""course_deg"":40.1,""type"":""course_deg""}}"
A2,Q4_direct,KCDI_R04,leg_2.Q4_course_or_radial,False,status_not_applicable,exact_status_value,"{""status"":""not_applicable"",""value"":null}","{""status"":""present"",""value"":{""type"":""direct""}}"
A2,Q5_hold_other,KCDI_R04,leg_2.Q5_hold_params,False,target_not_present_but_pred_present,exact_status_value,"{""status"":""present"",""value"":{""inbound_course_deg"":null,""leg_distance_nm"":4.0,""leg_time_min"":null,""turn"":""RIGHT""}}","{""status"":""not_applicable"",""value"":null}"
A2,Q4_not_applicable,KCDI_R04,leg_3.Q4_course_or_radial,False,missing_leg_or_field,exact_status_value,null,"{""status"":""not_applicable"",""value"":null}"
A2,Q5_hold_inbound_course,KCDI_R04,leg_3.Q5_hold_params,False,missing_leg_or_field,degree_display_rounding,null,"{""status"":""present"",""value"":{""inbound_course_deg"":220.2,""leg_distance_nm"":4.0,""leg_time_min"":null,""turn"":""RIGHT""}}"
A2,Q4_angle,KCDS_R36,leg_1.Q4_course_or_radial,False,missing_leg_or_field,degree_display_rounding,null,"{""status"":""present"",""value"":{""course_deg"":355.9,""type"":""course_deg""}}"
A2,Q4_direct,KCDS_R36,leg_2.Q4_course_or_radial,False,missing_leg_or_field,exact_status_value,null,"{""status"":""present"",""value"":{""type"":""direct""}}"
A2,Q4_not_applicable,KCDS_R36,leg_3.Q4_course_or_radial,False,missing_leg_or_field,exact_status_value,null,"{""status"":""not_applicable"",""value"":null}"
A2,Q5_hold_inbound_course,KCDS_R36,leg_3.Q5_hold_params,False,missing_leg_or_field,degree_display_rounding,null,"{""status"":""present"",""value"":{""inbound_course_deg"":57.7,""leg_distance_nm"":4.0,""leg_time_min"":null,""turn"":""RIGHT""}}"
A2,Q4_angle,KCEA_RNV-D,leg_1.Q4_course_or_radial,False,status_not_applicable,degree_display_rounding,"{""status"":""not_applicable"",""value"":null}","{""status"":""present"",""value"":{""course_deg"":279.8,""type"":""course_deg""}}"
A2,Q5_hold_other,KCEA_RNV-D,leg_1.Q5_hold_params,False,target_not_present_but_pred_present,exact_status_value,"{""status"":""present"",""value"":{""inbound_course_deg"":null,""leg_distance_nm"":null,""leg_time_min"":1.0,""turn"":""RIGHT""}}","{""status"":""not_applicable"",""value"":null}"
A2,Q4_direct,KCEA_RNV-D,leg_2.Q4_course_or_radial,False,status_not_applicable,exact_status_value,"{""status"":""not_applicable"",""value"":null}","{""status"":""present"",""value"":{""type"":""direct""}}"
A2,Q5_hold_other,KCEA_RNV-D,leg_2.Q5_hold_params,False,target_not_present_but_pred_present,exact_status_value,"{""status"":""present"",""value"":{""inbound_course_deg"":null,""leg_distance_nm"":5.0,""leg_time_min"":null,""turn"":""RIGHT""}}","{""status"":""not_applicable"",""value"":null}"
A2,Q4_not_applicable,KCEA_RNV-D,leg_3.Q4_course_or_radial,False,missing_leg_or_field,exact_status_value,null,"{""status"":""not_applicable"",""value"":null}"
A2,Q5_hold_inbound_course,KCEA_RNV-D,leg_3.Q5_hold_params,False,missing_leg_or_field,degree_display_rounding,null,"{""status"":""present"",""value"":{""inbound_course_deg"":279.9,""leg_distance_nm"":5.0,""leg_time_min"":null,""turn"":""RIGHT""}}"
A2,Q4_angle,KCEC_L12,leg_1.Q4_course_or_radial,False,missing_leg_or_field,degree_display_rounding,null,"{""status"":""present"",""value"":{""course_deg"":119.2,""type"":""course_deg""}}"
A2,Q4_angle,KCEC_L12,leg_2.Q4_course_or_radial,False,missing_leg_or_field,degree_display_rounding,null,"{""status"":""present"",""value"":{""direction"":""inbound"",""navaid"":""CEC"",""radial_deg"":165.8,""type"":""navaid_radial""}}"
A2,Q4_not_applicable,KCEC_L12,leg_3.Q4_course_or_radial,False,missing_leg_or_field,exact_status_value,null,"{""status"":""not_applicable"",""value"":null}"
A2,Q5_hold_inbound_course,KCEC_L12,leg_3.Q5_hold_params,False,missing_leg_or_field,degree_display_rounding,null,"{""status"":""present"",""value"":{""inbound_course_deg"":345.8,""leg_distance_nm"":4.0,""leg_time_min"":null,""turn"":""LEFT""}}"
A2,Q4_angle,KCGI_R10,leg_1.Q4_course_or_radial,False,status_unknown,degree_display_rounding,"{""status"":""unknown"",""value"":null}","{""status"":""present"",""value"":{""course_deg"":107.8,""type"":""course_deg""}}"
A2,Q4_direct,KCGI_R10,leg_2.Q4_course_or_radial,False,status_not_applicable,exact_status_value,"{""status"":""not_applicable"",""value"":null}","{""status"":""present"",""value"":{""type"":""direct""}}"
A2,Q5_hold_other,KCGI_R10,leg_2.Q5_hold_params,False,target_not_present_but_pred_present,exact_status_value,"{""status"":""present"",""value"":{""inbound_course_deg"":null,""leg_distance_nm"":null,""leg_time_min"":1.0,""turn"":""RIGHT""}}","{""status"":""not_applicable"",""value"":null}"
A2,Q4_not_applicable,KCGI_R10,leg_3.Q4_course_or_radial,True,correct,exact_status_value,"{""status"":""not_applicable"",""value"":null}","{""status"":""not_applicable"",""value"":null}"
A2,Q5_hold_inbound_course,KCGI_R10,leg_3.Q5_hold_params,False,missing_inbound_course_deg,exact_status_value,"{""status"":""present"",""value"":{""inbound_course_deg"":null,""leg_distance_nm"":null,""leg_time_min"":1.0,""turn"":""RIGHT""}}","{""status"":""present"",""value"":{""inbound_course_deg"":288.0,""leg_distance_nm"":4.0,""leg_time_min"":null,""turn"":""RIGHT""}}"
A2,Q4_angle,KCHO_R03,leg_1.Q4_course_or_radial,False,missing_leg_or_field,degree_display_rounding,null,"{""status"":""present"",""value"":{""course_deg"":30.1,""type"":""course_deg""}}"
A2,Q4_direct,KCHO_R03,leg_2.Q4_course_or_radial,False,missing_leg_or_field,exact_status_value,null,"{""status"":""present"",""value"":{""type"":""direct""}}"
A2,Q4_not_applicable,KCHO_R03,leg_3.Q4_course_or_radial,False,missing_leg_or_field,exact_status_value,null,"{""status"":""not_applicable"",""value"":null}"
A2,Q5_hold_inbound_course,KCHO_R03,leg_3.Q5_hold_params,False,missing_leg_or_field,exact_status_value,null,"{""status"":""present"",""value"":{""inbound_course_deg"":33.0,""leg_distance_nm"":4.0,""leg_time_min"":null,""turn"":""RIGHT""}}"
A2,Q4_angle,KCII_R33,leg_1.Q4_course_or_radial,False,status_not_applicable,degree_display_rounding,"{""status"":""not_applicable"",""value"":null}","{""status"":""present"",""value"":{""course_deg"":337.8,""type"":""course_deg""}}"
A2,Q5_hold_other,KCII_R33,leg_1.Q5_hold_params,False,target_not_present_but_pred_present,exact_status_value,"{""status"":""present"",""value"":{""inbound_course_deg"":null,""leg_distance_nm"":null,""leg_time_min"":1.0,""turn"":""RIGHT""}}","{""status"":""not_applicable"",""value"":null}"
A2,Q4_direct,KCII_R33,leg_2.Q4_course_or_radial,False,status_unknown,exact_status_value,"{""status"":""unknown"",""value"":null}","{""status"":""present"",""value"":{""type"":""direct""}}"
A2,Q4_not_applicable,KCII_R33,leg_3.Q4_course_or_radial,True,correct,exact_status_value,"{""status"":""not_applicable"",""value"":null}","{""status"":""not_applicable"",""value"":null}"
A2,Q5_hold_inbound_course,KCII_R33,leg_3.Q5_hold_params,False,missing_inbound_course_deg,degree_display_rounding,"{""status"":""present"",""value"":{""inbound_course_deg"":null,""leg_distance_nm"":7.0,""leg_time_min"":null,""turn"":""RIGHT""}}","{""status"":""present"",""value"":{""inbound_course_deg"":147.7,""leg_distance_nm"":7.0,""leg_time_min"":null,""turn"":""RIGHT""}}"
A2,Q4_angle,KCJR_L04,leg_1.Q4_course_or_radial,False,status_unknown,degree_display_rounding,"{""status"":""unknown"",""value"":null}","{""status"":""present"",""value"":{""course_deg"":38.2,""type"":""course_deg""}}"
A2,Q4_angle,KCJR_L04,leg_2.Q4_course_or_radial,True,correct,degree_display_rounding,"{""status"":""present"",""value"":{""course_deg"":180.0,""type"":""course_deg""}}","{""status"":""present"",""value"":{""course_deg"":180.0,""type"":""course_deg""}}"
A2,Q4_angle,KCJR_L04,leg_3.Q4_course_or_radial,False,status_unknown,degree_display_rounding,"{""status"":""unknown"",""value"":null}","{""status"":""present"",""value"":{""direction"":""inbound"",""navaid"":""GVE"",""radial_deg"":28.4,""type"":""navaid_radial""}}"
A2,Q4_not_applicable,KCJR_L04,leg_4.Q4_course_or_radial,True,correct,exact_status_value,"{""status"":""not_applicable"",""value"":null}","{""status"":""not_applicable"",""value"":null}"
A2,Q5_hold_inbound_course,KCJR_L04,leg_4.Q5_hold_params,False,missing_inbound_course_deg,degree_display_rounding,"{""status"":""present"",""value"":{""inbound_course_deg"":null,""leg_distance_nm"":null,""leg_time_min"":1.0,""turn"":""RIGHT""}}","{""status"":""present"",""value"":{""inbound_course_deg"":28.4,""leg_distance_nm"":null,""leg_time_min"":1.0,""turn"":""RIGHT""}}"
A2,Q4_angle,KCMH_I10R,leg_1.Q4_course_or_radial,False,status_unknown,degree_display_rounding,"{""status"":""unknown"",""value"":null}","{""status"":""present"",""value"":{""course_deg"":101.2,""type"":""course_deg""}}"
A2,Q4_direct,KCMH_I10R,leg_2.Q4_course_or_radial,False,status_not_applicable,exact_status_value,"{""status"":""not_applicable"",""value"":null}","{""status"":""present"",""value"":{""type"":""direct""}}"
A2,Q5_hold_other,KCMH_I10R,leg_2.Q5_hold_params,False,target_not_present_but_pred_present,exact_status_value,"{""status"":""present"",""value"":{""inbound_course_deg"":null,""leg_distance_nm"":null,""leg_time_min"":1.0,""turn"":""RIGHT""}}","{""status"":""not_applicable"",""value"":null}"
A2,Q4_not_applicable,KCMH_I10R,leg_3.Q4_course_or_radial,True,correct,exact_status_value,"{""status"":""not_applicable"",""value"":null}","{""status"":""not_applicable"",""value"":null}"
A2,Q5_hold_inbound_course,KCMH_I10R,leg_3.Q5_hold_params,False,missing_inbound_course_deg,exact_status_value,"{""status"":""present"",""value"":{""inbound_course_deg"":null,""leg_distance_nm"":null,""leg_time_min"":1.0,""turn"":""RIGHT""}}","{""status"":""present"",""value"":{""inbound_course_deg"":38.0,""leg_distance_nm"":null,""leg_time_min"":1.0,""turn"":""LEFT""}}"
A2,Q4_angle,KCNC_R10,leg_1.Q4_course_or_radial,False,missing_leg_or_field,degree_display_rounding,null,"{""status"":""present"",""value"":{""course_deg"":98.6,""type"":""course_deg""}}"
A2,Q4_direct,KCNC_R10,leg_2.Q4_course_or_radial,False,missing_leg_or_field,exact_status_value,null,"{""status"":""present"",""value"":{""type"":""direct""}}"
A2,Q4_not_applicable,KCNC_R10,leg_3.Q4_course_or_radial,False,missing_leg_or_field,exact_status_value,null,"{""status"":""not_applicable"",""value"":null}"
A2,Q5_hold_inbound_course,KCNC_R10,leg_3.Q5_hold_params,False,missing_leg_or_field,degree_display_rounding,null,"{""status"":""present"",""value"":{""inbound_course_deg"":278.7,""leg_distance_nm"":4.0,""leg_time_min"":null,""turn"":""RIGHT""}}"
A2,Q4_angle,KCOI_R11,leg_1.Q4_course_or_radial,False,status_unknown,degree_display_rounding,"{""status"":""unknown"",""value"":null}","{""status"":""present"",""value"":{""course_deg"":114.3,""type"":""course_deg""}}"
A2,Q4_direct,KCOI_R11,leg_2.Q4_course_or_radial,True,correct,exact_status_value,"{""status"":""present"",""value"":{""type"":""direct""}}","{""status"":""present"",""value"":{""type"":""direct""}}"
A2,Q4_not_applicable,KCOI_R11,leg_3.Q4_course_or_radial,True,correct,exact_status_value,"{""status"":""not_applicable"",""value"":null}","{""status"":""not_applicable"",""value"":null}"
A2,Q5_hold_other,KCOI_R11,leg_3.Q5_hold_params,False,target_not_present_but_pred_present,exact_status_value,"{""status"":""present"",""value"":{""inbound_course_deg"":null,""leg_distance_nm"":null,""leg_time_min"":1.0,""turn"":""RIGHT""}}","{""status"":""not_applicable"",""value"":null}"
A2,Q4_not_applicable,KCOI_R11,leg_4.Q4_course_or_radial,False,missing_leg_or_field,exact_status_value,null,"{""status"":""not_applicable"",""value"":null}"
A2,Q5_hold_inbound_course,KCOI_R11,leg_4.Q5_hold_params,False,missing_leg_or_field,exact_status_value,null,"{""status"":""present"",""value"":{""inbound_course_deg"":18.0,""leg_distance_nm"":4.0,""leg_time_min"":null,""turn"":""LEFT""}}"
A2,Q4_angle,KCRS_R32,leg_1.Q4_course_or_radial,False,status_unknown,degree_display_rounding,"{""status"":""unknown"",""value"":null}","{""status"":""present"",""value"":{""course_deg"":319.1,""type"":""course_deg""}}"
A2,Q4_direct,KCRS_R32,leg_2.Q4_course_or_radial,False,status_not_applicable,exact_status_value,"{""status"":""not_applicable"",""value"":null}","{""status"":""present"",""value"":{""type"":""direct""}}"
A2,Q5_hold_other,KCRS_R32,leg_2.Q5_hold_params,False,target_not_present_but_pred_present,exact_status_value,"{""status"":""present"",""value"":{""inbound_course_deg"":null,""leg_distance_nm"":null,""leg_time_min"":1.0,""turn"":""RIGHT""}}","{""status"":""not_applicable"",""value"":null}"
A2,Q4_not_applicable,KCRS_R32,leg_3.Q4_course_or_radial,False,missing_leg_or_field,exact_status_value,null,"{""status"":""not_applicable"",""value"":null}"
A2,Q5_hold_inbound_course,KCRS_R32,leg_3.Q5_hold_params,False,missing_leg_or_field,degree_display_rounding,null,"{""status"":""present"",""value"":{""inbound_course_deg"":162.8,""leg_distance_nm"":4.0,""leg_time_min"":null,""turn"":""RIGHT""}}"
A2,Q4_angle,KCRW_L05,leg_1.Q4_course_or_radial,False,status_unknown,degree_display_rounding,"{""status"":""unknown"",""value"":null}","{""status"":""present"",""value"":{""course_deg"":51.7,""type"":""course_deg""}}"
A2,Q4_direct,KCRW_L05,leg_2.Q4_course_or_radial,False,status_not_applicable,exact_status_value,"{""status"":""not_applicable"",""value"":null}","{""status"":""present"",""value"":{""type"":""direct""}}"
A2,Q5_hold_other,KCRW_L05,leg_2.Q5_hold_params,False,target_not_present_but_pred_present,exact_status_value,"{""status"":""present"",""value"":{""inbound_course_deg"":null,""leg_distance_nm"":null,""leg_time_min"":1.0,""turn"":""LEFT""}}","{""status"":""not_applicable"",""value"":null}"
A2,Q4_not_applicable,KCRW_L05,leg_3.Q4_course_or_radial,True,correct,exact_status_value,"{""status"":""not_applicable"",""value"":null}","{""status"":""not_applicable"",""value"":null}"
A2,Q5_hold_inbound_course,KCRW_L05,leg_3.Q5_hold_params,False,missing_inbound_course_deg,exact_status_value,"{""status"":""present"",""value"":{""inbound_course_deg"":null,""leg_distance_nm"":null,""leg_time_min"":1.0,""turn"":""RIGHT""}}","{""status"":""present"",""value"":{""inbound_course_deg"":81.0,""leg_distance_nm"":null,""leg_time_min"":1.0,""turn"":""RIGHT""}}"
