method,chart_id,field,question_field,leg_index,correct,error_type,comparison_policy,pred_json,target_json
A1,KAAA_R03,leg_1.Q4_course_or_radial,Q4_course_or_radial,1,False,status_unknown,degree_display_rounding,"{""status"": ""unknown"", ""value"": null}","{""status"": ""present"", ""value"": {""course_deg"": 35.3, ""type"": ""course_deg""}}"
A1,KAAA_R03,leg_2.Q4_course_or_radial,Q4_course_or_radial,2,False,status_not_applicable,exact_status_value,"{""status"": ""not_applicable"", ""value"": null}","{""status"": ""present"", ""value"": {""type"": ""direct""}}"
A1,KAAA_R03,leg_2.Q5_hold_params,Q5_hold_params,2,False,target_not_present_but_pred_present,exact_status_value,"{""status"": ""present"", ""value"": {""inbound_course_deg"": null, ""leg_distance_nm"": null, ""leg_time_min"": 1.0, ""turn"": ""RIGHT""}}","{""status"": ""not_applicable"", ""value"": null}"
A1,KAAA_R03,leg_3.Q4_course_or_radial,Q4_course_or_radial,3,False,missing_leg_or_field,exact_status_value,null,"{""status"": ""not_applicable"", ""value"": null}"
A1,KAAA_R03,leg_3.Q5_hold_params,Q5_hold_params,3,False,missing_leg_or_field,degree_display_rounding,null,"{""status"": ""present"", ""value"": {""inbound_course_deg"": 215.4, ""leg_distance_nm"": 4.0, ""leg_time_min"": null, ""turn"": ""RIGHT""}}"
A1,KAAA_R21,leg_1.Q4_course_or_radial,Q4_course_or_radial,1,False,status_not_applicable,degree_display_rounding,"{""status"": ""not_applicable"", ""value"": null}","{""status"": ""present"", ""value"": {""course_deg"": 215.3, ""type"": ""course_deg""}}"
A1,KAAA_R21,leg_1.Q5_hold_params,Q5_hold_params,1,False,target_not_present_but_pred_present,exact_status_value,"{""status"": ""present"", ""value"": {""inbound_course_deg"": null, ""leg_distance_nm"": null, ""leg_time_min"": 1.0, ""turn"": ""RIGHT""}}","{""status"": ""not_applicable"", ""value"": null}"
A1,KAAA_R21,leg_2.Q4_course_or_radial,Q4_course_or_radial,2,False,missing_leg_or_field,exact_status_value,null,"{""status"": ""present"", ""value"": {""type"": ""direct""}}"
A1,KAAA_R21,leg_3.Q4_course_or_radial,Q4_course_or_radial,3,False,missing_leg_or_field,exact_status_value,null,"{""status"": ""not_applicable"", ""value"": null}"
A1,KAAA_R21,leg_3.Q5_hold_params,Q5_hold_params,3,False,missing_leg_or_field,degree_display_rounding,null,"{""status"": ""present"", ""value"": {""inbound_course_deg"": 215.4, ""leg_distance_nm"": 4.0, ""leg_time_min"": null, ""turn"": ""RIGHT""}}"
A1,KAAF_R06,leg_1.Q4_course_or_radial,Q4_course_or_radial,1,False,status_unknown,degree_display_rounding,"{""status"": ""unknown"", ""value"": null}","{""status"": ""present"", ""value"": {""course_deg"": 63.3, ""type"": ""course_deg""}}"
A1,KAAF_R06,leg_2.Q4_course_or_radial,Q4_course_or_radial,2,False,status_not_applicable,exact_status_value,"{""status"": ""not_applicable"", ""value"": null}","{""status"": ""present"", ""value"": {""type"": ""direct""}}"
A1,KAAF_R06,leg_2.Q5_hold_params,Q5_hold_params,2,False,target_not_present_but_pred_present,exact_status_value,"{""status"": ""present"", ""value"": {""inbound_course_deg"": null, ""leg_distance_nm"": null, ""leg_time_min"": 1.0, ""turn"": ""RIGHT""}}","{""status"": ""not_applicable"", ""value"": null}"
A1,KAAF_R06,leg_3.Q4_course_or_radial,Q4_course_or_radial,3,False,missing_leg_or_field,exact_status_value,null,"{""status"": ""not_applicable"", ""value"": null}"
A1,KAAF_R06,leg_3.Q5_hold_params,Q5_hold_params,3,False,missing_leg_or_field,degree_display_rounding,null,"{""status"": ""present"", ""value"": {""inbound_course_deg"": 243.4, ""leg_distance_nm"": 4.0, ""leg_time_min"": null, ""turn"": ""RIGHT""}}"
A1,KAAF_R14,leg_1.Q4_course_or_radial,Q4_course_or_radial,1,False,status_unknown,degree_display_rounding,"{""status"": ""unknown"", ""value"": null}","{""status"": ""present"", ""value"": {""course_deg"": 138.3, ""type"": ""course_deg""}}"
A1,KAAF_R14,leg_2.Q4_course_or_radial,Q4_course_or_radial,2,True,correct,exact_status_value,"{""status"": ""present"", ""value"": {""type"": ""direct""}}","{""status"": ""present"", ""value"": {""type"": ""direct""}}"
A1,KAAF_R14,leg_3.Q4_course_or_radial,Q4_course_or_radial,3,True,correct,exact_status_value,"{""status"": ""not_applicable"", ""value"": null}","{""status"": ""not_applicable"", ""value"": null}"
A1,KAAF_R14,leg_3.Q5_hold_params,Q5_hold_params,3,False,missing_inbound_course_deg,degree_display_rounding,"{""status"": ""present"", ""value"": {""inbound_course_deg"": null, ""leg_distance_nm"": null, ""leg_time_min"": 1.0, ""turn"": ""RIGHT""}}","{""status"": ""present"", ""value"": {""inbound_course_deg"": 243.4, ""leg_distance_nm"": 4.0, ""leg_time_min"": null, ""turn"": ""RIGHT""}}"
A1,KAAF_R24,leg_1.Q4_course_or_radial,Q4_course_or_radial,1,False,status_unknown,degree_display_rounding,"{""status"": ""unknown"", ""value"": null}","{""status"": ""present"", ""value"": {""course_deg"": 243.3, ""type"": ""course_deg""}}"
A1,KAAF_R24,leg_2.Q4_course_or_radial,Q4_course_or_radial,2,False,missing_leg_or_field,exact_status_value,null,"{""status"": ""present"", ""value"": {""type"": ""direct""}}"
A1,KAAF_R24,leg_3.Q4_course_or_radial,Q4_course_or_radial,3,False,missing_leg_or_field,exact_status_value,null,"{""status"": ""not_applicable"", ""value"": null}"
A1,KAAF_R24,leg_3.Q5_hold_params,Q5_hold_params,3,False,missing_leg_or_field,degree_display_rounding,null,"{""status"": ""present"", ""value"": {""inbound_course_deg"": 138.3, ""leg_distance_nm"": 4.0, ""leg_time_min"": null, ""turn"": ""RIGHT""}}"
A1,KAAS_R05,leg_1.Q4_course_or_radial,Q4_course_or_radial,1,False,status_unknown,degree_display_rounding,"{""status"": ""unknown"", ""value"": null}","{""status"": ""present"", ""value"": {""course_deg"": 54.9, ""type"": ""course_deg""}}"
A1,KAAS_R05,leg_2.Q4_course_or_radial,Q4_course_or_radial,2,False,status_not_applicable,exact_status_value,"{""status"": ""not_applicable"", ""value"": null}","{""status"": ""present"", ""value"": {""type"": ""direct""}}"
A1,KAAS_R05,leg_2.Q5_hold_params,Q5_hold_params,2,False,target_not_present_but_pred_present,exact_status_value,"{""status"": ""present"", ""value"": {""inbound_course_deg"": null, ""leg_distance_nm"": null, ""leg_time_min"": 1.0, ""turn"": ""RIGHT""}}","{""status"": ""not_applicable"", ""value"": null}"
A1,KAAS_R05,leg_3.Q4_course_or_radial,Q4_course_or_radial,3,False,missing_leg_or_field,exact_status_value,null,"{""status"": ""not_applicable"", ""value"": null}"
A1,KAAS_R05,leg_3.Q5_hold_params,Q5_hold_params,3,False,missing_leg_or_field,exact_status_value,null,"{""status"": ""present"", ""value"": {""inbound_course_deg"": 235.0, ""leg_distance_nm"": 4.0, ""leg_time_min"": null, ""turn"": ""RIGHT""}}"
A1,KAAS_R23,leg_1.Q4_course_or_radial,Q4_course_or_radial,1,False,status_not_applicable,degree_display_rounding,"{""status"": ""not_applicable"", ""value"": null}","{""status"": ""present"", ""value"": {""course_deg"": 235.0, ""type"": ""course_deg""}}"
A1,KAAS_R23,leg_1.Q5_hold_params,Q5_hold_params,1,False,target_not_present_but_pred_present,exact_status_value,"{""status"": ""present"", ""value"": {""inbound_course_deg"": null, ""leg_distance_nm"": null, ""leg_time_min"": 1.0, ""turn"": ""RIGHT""}}","{""status"": ""not_applicable"", ""value"": null}"
A1,KAAS_R23,leg_2.Q4_course_or_radial,Q4_course_or_radial,2,False,missing_leg_or_field,exact_status_value,null,"{""status"": ""present"", ""value"": {""type"": ""direct""}}"
A1,KAAS_R23,leg_3.Q4_course_or_radial,Q4_course_or_radial,3,False,missing_leg_or_field,exact_status_value,null,"{""status"": ""not_applicable"", ""value"": null}"
A1,KAAS_R23,leg_3.Q5_hold_params,Q5_hold_params,3,False,missing_leg_or_field,degree_display_rounding,null,"{""status"": ""present"", ""value"": {""inbound_course_deg"": 54.8, ""leg_distance_nm"": 4.0, ""leg_time_min"": null, ""turn"": ""RIGHT""}}"
A1,KABE_I06,leg_1.Q4_course_or_radial,Q4_course_or_radial,1,False,status_unknown,degree_display_rounding,"{""status"": ""unknown"", ""value"": null}","{""status"": ""present"", ""value"": {""course_deg"": 63.3, ""type"": ""course_deg""}}"
A1,KABE_I06,leg_2.Q4_course_or_radial,Q4_course_or_radial,2,False,round_equivalent_but_other_mismatch,degree_display_rounding,"{""status"": ""present"", ""value"": {""direction"": ""outbound"", ""navaid"": ""STW"", ""radial_deg"": 243.0, ""type"": ""navaid_radial""}}","{""status"": ""present"", ""value"": {""direction"": ""inbound"", ""navaid"": ""STW"", ""radial_deg"": 243.1, ""type"": ""navaid_radial""}}"
A1,KABE_I06,leg_3.Q4_course_or_radial,Q4_course_or_radial,3,True,correct,exact_status_value,"{""status"": ""not_applicable"", ""value"": null}","{""status"": ""not_applicable"", ""value"": null}"
A1,KABE_I06,leg_3.Q5_hold_params,Q5_hold_params,3,False,missing_inbound_course_deg,degree_display_rounding,"{""status"": ""present"", ""value"": {""inbound_course_deg"": null, ""leg_distance_nm"": null, ""leg_time_min"": 1.0, ""turn"": ""RIGHT""}}","{""status"": ""present"", ""value"": {""inbound_course_deg"": 243.1, ""leg_distance_nm"": null, ""leg_time_min"": 1.0, ""turn"": ""RIGHT""}}"
A1,KABE_R13,leg_1.Q4_course_or_radial,Q4_course_or_radial,1,False,status_unknown,degree_display_rounding,"{""status"": ""unknown"", ""value"": null}","{""status"": ""present"", ""value"": {""course_deg"": 134.9, ""type"": ""course_deg""}}"
A1,KABE_R13,leg_2.Q4_course_or_radial,Q4_course_or_radial,2,True,correct,exact_status_value,"{""status"": ""present"", ""value"": {""type"": ""direct""}}","{""status"": ""present"", ""value"": {""type"": ""direct""}}"
A1,KABE_R13,leg_3.Q4_course_or_radial,Q4_course_or_radial,3,True,correct,exact_status_value,"{""status"": ""not_applicable"", ""value"": null}","{""status"": ""not_applicable"", ""value"": null}"
A1,KABE_R13,leg_3.Q5_hold_params,Q5_hold_params,3,False,target_not_present_but_pred_present,exact_status_value,"{""status"": ""present"", ""value"": {""inbound_course_deg"": null, ""leg_distance_nm"": null, ""leg_time_min"": 1.0, ""turn"": ""RIGHT""}}","{""status"": ""not_applicable"", ""value"": null}"
A1,KABE_R13,leg_4.Q4_course_or_radial,Q4_course_or_radial,4,False,missing_leg_or_field,exact_status_value,null,"{""status"": ""not_applicable"", ""value"": null}"
A1,KABE_R13,leg_4.Q5_hold_params,Q5_hold_params,4,False,missing_leg_or_field,degree_display_rounding,null,"{""status"": ""present"", ""value"": {""inbound_course_deg"": 115.1, ""leg_distance_nm"": 4.0, ""leg_time_min"": null, ""turn"": ""RIGHT""}}"
A1,KABE_R24,leg_1.Q4_course_or_radial,Q4_course_or_radial,1,False,type_mismatch:direct->course_deg,degree_display_rounding,"{""status"": ""present"", ""value"": {""type"": ""direct""}}","{""status"": ""present"", ""value"": {""course_deg"": 243.4, ""type"": ""course_deg""}}"
A1,KABE_R24,leg_2.Q4_course_or_radial,Q4_course_or_radial,2,False,status_not_applicable,exact_status_value,"{""status"": ""not_applicable"", ""value"": null}","{""status"": ""present"", ""value"": {""type"": ""direct""}}"
A1,KABE_R24,leg_2.Q5_hold_params,Q5_hold_params,2,False,target_not_present_but_pred_present,exact_status_value,"{""status"": ""present"", ""value"": {""inbound_course_deg"": null, ""leg_distance_nm"": null, ""leg_time_min"": 1.0, ""turn"": ""RIGHT""}}","{""status"": ""not_applicable"", ""value"": null}"
A1,KABE_R24,leg_3.Q4_course_or_radial,Q4_course_or_radial,3,False,missing_leg_or_field,exact_status_value,null,"{""status"": ""not_applicable"", ""value"": null}"
A1,KABE_R24,leg_4.Q4_course_or_radial,Q4_course_or_radial,4,False,missing_leg_or_field,exact_status_value,null,"{""status"": ""not_applicable"", ""value"": null}"
A1,KABE_R24,leg_4.Q5_hold_params,Q5_hold_params,4,False,missing_leg_or_field,exact_status_value,null,"{""status"": ""present"", ""value"": {""inbound_course_deg"": 239.0, ""leg_distance_nm"": 4.0, ""leg_time_min"": null, ""turn"": ""RIGHT""}}"
A1,KABI_R17L,leg_1.Q4_course_or_radial,Q4_course_or_radial,1,False,type_mismatch:direct->course_deg,degree_display_rounding,"{""status"": ""present"", ""value"": {""type"": ""direct""}}","{""status"": ""present"", ""value"": {""course_deg"": 174.8, ""type"": ""course_deg""}}"
A1,KABI_R17L,leg_2.Q4_course_or_radial,Q4_course_or_radial,2,False,status_not_applicable,exact_status_value,"{""status"": ""not_applicable"", ""value"": null}","{""status"": ""present"", ""value"": {""type"": ""direct""}}"
A1,KABI_R17L,leg_2.Q5_hold_params,Q5_hold_params,2,False,target_not_present_but_pred_present,exact_status_value,"{""status"": ""present"", ""value"": {""inbound_course_deg"": null, ""leg_distance_nm"": null, ""leg_time_min"": 1.0, ""turn"": ""RIGHT""}}","{""status"": ""not_applicable"", ""value"": null}"
A1,KABI_R17L,leg_3.Q4_course_or_radial,Q4_course_or_radial,3,False,missing_leg_or_field,exact_status_value,null,"{""status"": ""not_applicable"", ""value"": null}"
A1,KABI_R17L,leg_3.Q5_hold_params,Q5_hold_params,3,False,missing_leg_or_field,degree_display_rounding,null,"{""status"": ""present"", ""value"": {""inbound_course_deg"": 354.8, ""leg_distance_nm"": 4.0, ""leg_time_min"": null, ""turn"": ""RIGHT""}}"
A1,KABI_R35R,leg_1.Q4_course_or_radial,Q4_course_or_radial,1,False,status_unknown,degree_display_rounding,"{""status"": ""unknown"", ""value"": null}","{""status"": ""present"", ""value"": {""course_deg"": 354.8, ""type"": ""course_deg""}}"
A1,KABI_R35R,leg_2.Q4_course_or_radial,Q4_course_or_radial,2,False,status_not_applicable,exact_status_value,"{""status"": ""not_applicable"", ""value"": null}","{""status"": ""present"", ""value"": {""type"": ""direct""}}"
A1,KABI_R35R,leg_2.Q5_hold_params,Q5_hold_params,2,False,target_not_present_but_pred_present,exact_status_value,"{""status"": ""present"", ""value"": {""inbound_course_deg"": null, ""leg_distance_nm"": null, ""leg_time_min"": 1.0, ""turn"": ""RIGHT""}}","{""status"": ""not_applicable"", ""value"": null}"
A1,KABI_R35R,leg_3.Q4_course_or_radial,Q4_course_or_radial,3,True,correct,exact_status_value,"{""status"": ""not_applicable"", ""value"": null}","{""status"": ""not_applicable"", ""value"": null}"
A1,KABI_R35R,leg_3.Q5_hold_params,Q5_hold_params,3,False,missing_inbound_course_deg,degree_display_rounding,"{""status"": ""present"", ""value"": {""inbound_course_deg"": null, ""leg_distance_nm"": null, ""leg_time_min"": 1.0, ""turn"": ""RIGHT""}}","{""status"": ""present"", ""value"": {""inbound_course_deg"": 174.8, ""leg_distance_nm"": 4.0, ""leg_time_min"": null, ""turn"": ""RIGHT""}}"
A1,KABR_R13,leg_1.Q4_course_or_radial,Q4_course_or_radial,1,False,status_not_applicable,degree_display_rounding,"{""status"": ""not_applicable"", ""value"": null}","{""status"": ""present"", ""value"": {""course_deg"": 128.0, ""type"": ""course_deg""}}"
A1,KABR_R13,leg_1.Q5_hold_params,Q5_hold_params,1,False,target_not_present_but_pred_present,exact_status_value,"{""status"": ""present"", ""value"": {""inbound_course_deg"": null, ""leg_distance_nm"": null, ""leg_time_min"": 1.0, ""turn"": ""RIGHT""}}","{""status"": ""not_applicable"", ""value"": null}"
A1,KABR_R13,leg_2.Q4_course_or_radial,Q4_course_or_radial,2,False,missing_leg_or_field,exact_status_value,null,"{""status"": ""present"", ""value"": {""type"": ""direct""}}"
A1,KABR_R13,leg_3.Q4_course_or_radial,Q4_course_or_radial,3,False,missing_leg_or_field,exact_status_value,null,"{""status"": ""not_applicable"", ""value"": null}"
A1,KABR_R13,leg_3.Q5_hold_params,Q5_hold_params,3,False,missing_leg_or_field,degree_display_rounding,null,"{""status"": ""present"", ""value"": {""inbound_course_deg"": 308.2, ""leg_distance_nm"": 4.0, ""leg_time_min"": null, ""turn"": ""RIGHT""}}"
A1,KABR_R17,leg_1.Q4_course_or_radial,Q4_course_or_radial,1,False,status_not_applicable,degree_display_rounding,"{""status"": ""not_applicable"", ""value"": null}","{""status"": ""present"", ""value"": {""course_deg"": 172.9, ""type"": ""course_deg""}}"
A1,KABR_R17,leg_1.Q5_hold_params,Q5_hold_params,1,False,target_not_present_but_pred_present,exact_status_value,"{""status"": ""present"", ""value"": {""inbound_course_deg"": null, ""leg_distance_nm"": null, ""leg_time_min"": 1.0, ""turn"": ""RIGHT""}}","{""status"": ""not_applicable"", ""value"": null}"
A1,KABR_R17,leg_2.Q4_course_or_radial,Q4_course_or_radial,2,False,missing_leg_or_field,exact_status_value,null,"{""status"": ""present"", ""value"": {""type"": ""direct""}}"
A1,KABR_R17,leg_3.Q4_course_or_radial,Q4_course_or_radial,3,False,missing_leg_or_field,exact_status_value,null,"{""status"": ""not_applicable"", ""value"": null}"
A1,KABR_R17,leg_3.Q5_hold_params,Q5_hold_params,3,False,missing_leg_or_field,degree_display_rounding,null,"{""status"": ""present"", ""value"": {""inbound_course_deg"": 352.9, ""leg_distance_nm"": 4.0, ""leg_time_min"": null, ""turn"": ""RIGHT""}}"
A1,KABR_R31,leg_1.Q4_course_or_radial,Q4_course_or_radial,1,False,status_unknown,degree_display_rounding,"{""status"": ""unknown"", ""value"": null}","{""status"": ""present"", ""value"": {""course_deg"": 308.1, ""type"": ""course_deg""}}"
A1,KABR_R31,leg_2.Q4_course_or_radial,Q4_course_or_radial,2,False,status_not_applicable,exact_status_value,"{""status"": ""not_applicable"", ""value"": null}","{""status"": ""present"", ""value"": {""type"": ""direct""}}"
A1,KABR_R31,leg_2.Q5_hold_params,Q5_hold_params,2,False,target_not_present_but_pred_present,exact_status_value,"{""status"": ""present"", ""value"": {""inbound_course_deg"": null, ""leg_distance_nm"": null, ""leg_time_min"": 1.0, ""turn"": ""RIGHT""}}","{""status"": ""not_applicable"", ""value"": null}"
A1,KABR_R31,leg_3.Q4_course_or_radial,Q4_course_or_radial,3,True,correct,exact_status_value,"{""status"": ""not_applicable"", ""value"": null}","{""status"": ""not_applicable"", ""value"": null}"
A1,KABR_R31,leg_3.Q5_hold_params,Q5_hold_params,3,False,missing_inbound_course_deg,degree_display_rounding,"{""status"": ""present"", ""value"": {""inbound_course_deg"": null, ""leg_distance_nm"": 4.0, ""leg_time_min"": null, ""turn"": ""RIGHT""}}","{""status"": ""present"", ""value"": {""inbound_course_deg"": 127.9, ""leg_distance_nm"": 4.0, ""leg_time_min"": null, ""turn"": ""RIGHT""}}"
A1,KABY_R05,leg_1.Q4_course_or_radial,Q4_course_or_radial,1,False,status_unknown,degree_display_rounding,"{""status"": ""unknown"", ""value"": null}","{""status"": ""present"", ""value"": {""course_deg"": 47.1, ""type"": ""course_deg""}}"
A1,KABY_R05,leg_2.Q4_course_or_radial,Q4_course_or_radial,2,True,correct,exact_status_value,"{""status"": ""present"", ""value"": {""type"": ""direct""}}","{""status"": ""present"", ""value"": {""type"": ""direct""}}"
A1,KABY_R05,leg_3.Q4_course_or_radial,Q4_course_or_radial,3,True,correct,exact_status_value,"{""status"": ""not_applicable"", ""value"": null}","{""status"": ""not_applicable"", ""value"": null}"
A1,KABY_R05,leg_3.Q5_hold_params,Q5_hold_params,3,False,target_not_present_but_pred_present,exact_status_value,"{""status"": ""present"", ""value"": {""inbound_course_deg"": null, ""leg_distance_nm"": null, ""leg_time_min"": 1.0, ""turn"": ""RIGHT""}}","{""status"": ""not_applicable"", ""value"": null}"
A1,KABY_R05,leg_4.Q4_course_or_radial,Q4_course_or_radial,4,False,missing_leg_or_field,exact_status_value,null,"{""status"": ""not_applicable"", ""value"": null}"
A1,KABY_R05,leg_4.Q5_hold_params,Q5_hold_params,4,False,missing_leg_or_field,degree_display_rounding,null,"{""status"": ""present"", ""value"": {""inbound_course_deg"": 60.7, ""leg_distance_nm"": 4.0, ""leg_time_min"": null, ""turn"": ""RIGHT""}}"
A1,KABY_R17,leg_1.Q4_course_or_radial,Q4_course_or_radial,1,False,type_mismatch:direct->course_deg,degree_display_rounding,"{""status"": ""present"", ""value"": {""type"": ""direct""}}","{""status"": ""present"", ""value"": {""course_deg"": 166.8, ""type"": ""course_deg""}}"
A1,KABY_R17,leg_2.Q4_course_or_radial,Q4_course_or_radial,2,False,status_not_applicable,exact_status_value,"{""status"": ""not_applicable"", ""value"": null}","{""status"": ""present"", ""value"": {""type"": ""direct""}}"
A1,KABY_R17,leg_2.Q5_hold_params,Q5_hold_params,2,False,target_not_present_but_pred_present,exact_status_value,"{""status"": ""present"", ""value"": {""inbound_course_deg"": null, ""leg_distance_nm"": null, ""leg_time_min"": 1.0, ""turn"": ""RIGHT""}}","{""status"": ""not_applicable"", ""value"": null}"
A1,KABY_R17,leg_3.Q4_course_or_radial,Q4_course_or_radial,3,True,correct,exact_status_value,"{""status"": ""not_applicable"", ""value"": null}","{""status"": ""not_applicable"", ""value"": null}"
A1,KABY_R17,leg_3.Q5_hold_params,Q5_hold_params,3,False,target_not_present_but_pred_present,exact_status_value,"{""status"": ""present"", ""value"": {""inbound_course_deg"": null, ""leg_distance_nm"": null, ""leg_time_min"": 1.0, ""turn"": ""RIGHT""}}","{""status"": ""not_applicable"", ""value"": null}"
A1,KABY_R17,leg_4.Q4_course_or_radial,Q4_course_or_radial,4,False,missing_leg_or_field,exact_status_value,null,"{""status"": ""not_applicable"", ""value"": null}"
A1,KABY_R17,leg_4.Q5_hold_params,Q5_hold_params,4,False,missing_leg_or_field,degree_display_rounding,null,"{""status"": ""present"", ""value"": {""inbound_course_deg"": 188.6, ""leg_distance_nm"": 4.0, ""leg_time_min"": null, ""turn"": ""RIGHT""}}"
A1,KABY_R23,leg_1.Q4_course_or_radial,Q4_course_or_radial,1,False,type_mismatch:direct->course_deg,degree_display_rounding,"{""status"": ""present"", ""value"": {""type"": ""direct""}}","{""status"": ""present"", ""value"": {""course_deg"": 227.2, ""type"": ""course_deg""}}"
A1,KABY_R23,leg_2.Q4_course_or_radial,Q4_course_or_radial,2,False,status_not_applicable,exact_status_value,"{""status"": ""not_applicable"", ""value"": null}","{""status"": ""present"", ""value"": {""type"": ""direct""}}"
A1,KABY_R23,leg_2.Q5_hold_params,Q5_hold_params,2,False,target_not_present_but_pred_present,exact_status_value,"{""status"": ""present"", ""value"": {""inbound_course_deg"": null, ""leg_distance_nm"": null, ""leg_time_min"": 1.0, ""turn"": ""RIGHT""}}","{""status"": ""not_applicable"", ""value"": null}"
A1,KABY_R23,leg_3.Q4_course_or_radial,Q4_course_or_radial,3,False,missing_leg_or_field,exact_status_value,null,"{""status"": ""not_applicable"", ""value"": null}"
A1,KABY_R23,leg_4.Q4_course_or_radial,Q4_course_or_radial,4,False,missing_leg_or_field,exact_status_value,null,"{""status"": ""not_applicable"", ""value"": null}"
A1,KABY_R23,leg_4.Q5_hold_params,Q5_hold_params,4,False,missing_leg_or_field,degree_display_rounding,null,"{""status"": ""present"", ""value"": {""inbound_course_deg"": 188.6, ""leg_distance_nm"": 4.0, ""leg_time_min"": null, ""turn"": ""RIGHT""}}"
A1,KACJ_R05,leg_1.Q4_course_or_radial,Q4_course_or_radial,1,False,status_not_applicable,degree_display_rounding,"{""status"": ""not_applicable"", ""value"": null}","{""status"": ""present"", ""value"": {""course_deg"": 49.8, ""type"": ""course_deg""}}"
A1,KACJ_R05,leg_1.Q5_hold_params,Q5_hold_params,1,False,target_not_present_but_pred_present,exact_status_value,"{""status"": ""present"", ""value"": {""inbound_course_deg"": null, ""leg_distance_nm"": null, ""leg_time_min"": 1.0, ""turn"": ""RIGHT""}}","{""status"": ""not_applicable"", ""value"": null}"
A1,KACJ_R05,leg_2.Q4_course_or_radial,Q4_course_or_radial,2,False,missing_leg_or_field,exact_status_value,null,"{""status"": ""present"", ""value"": {""type"": ""direct""}}"
A1,KACJ_R05,leg_3.Q4_course_or_radial,Q4_course_or_radial,3,False,missing_leg_or_field,exact_status_value,null,"{""status"": ""not_applicable"", ""value"": null}"
A1,KACJ_R05,leg_3.Q5_hold_params,Q5_hold_params,3,False,missing_leg_or_field,degree_display_rounding,null,"{""status"": ""present"", ""value"": {""inbound_course_deg"": 229.9, ""leg_distance_nm"": 4.0, ""leg_time_min"": null, ""turn"": ""RIGHT""}}"
A1,KACJ_R23,leg_1.Q4_course_or_radial,Q4_course_or_radial,1,False,type_mismatch:direct->course_deg,degree_display_rounding,"{""status"": ""present"", ""value"": {""type"": ""direct""}}","{""status"": ""present"", ""value"": {""course_deg"": 229.9, ""type"": ""course_deg""}}"
A1,KACJ_R23,leg_2.Q4_course_or_radial,Q4_course_or_radial,2,False,status_not_applicable,exact_status_value,"{""status"": ""not_applicable"", ""value"": null}","{""status"": ""present"", ""value"": {""type"": ""direct""}}"
A1,KACJ_R23,leg_2.Q5_hold_params,Q5_hold_params,2,False,target_not_present_but_pred_present,exact_status_value,"{""status"": ""present"", ""value"": {""inbound_course_deg"": null, ""leg_distance_nm"": null, ""leg_time_min"": 1.0, ""turn"": ""RIGHT""}}","{""status"": ""not_applicable"", ""value"": null}"
A1,KACJ_R23,leg_3.Q4_course_or_radial,Q4_course_or_radial,3,False,missing_leg_or_field,exact_status_value,null,"{""status"": ""not_applicable"", ""value"": null}"
A1,KACJ_R23,leg_3.Q5_hold_params,Q5_hold_params,3,False,missing_leg_or_field,degree_display_rounding,null,"{""status"": ""present"", ""value"": {""inbound_course_deg"": 49.8, ""leg_distance_nm"": 4.0, ""leg_time_min"": null, ""turn"": ""RIGHT""}}"
A1,KACK_R06,leg_1.Q4_course_or_radial,Q4_course_or_radial,1,False,status_unknown,degree_display_rounding,"{""status"": ""unknown"", ""value"": null}","{""status"": ""present"", ""value"": {""course_deg"": 59.0, ""type"": ""course_deg""}}"
A1,KACK_R06,leg_2.Q4_course_or_radial,Q4_course_or_radial,2,False,status_not_applicable,exact_status_value,"{""status"": ""not_applicable"", ""value"": null}","{""status"": ""present"", ""value"": {""type"": ""direct""}}"
A1,KACK_R06,leg_2.Q5_hold_params,Q5_hold_params,2,False,target_not_present_but_pred_present,exact_status_value,"{""status"": ""present"", ""value"": {""inbound_course_deg"": null, ""leg_distance_nm"": null, ""leg_time_min"": 1.0, ""turn"": ""RIGHT""}}","{""status"": ""not_applicable"", ""value"": null}"
A1,KACK_R06,leg_3.Q4_course_or_radial,Q4_course_or_radial,3,True,correct,exact_status_value,"{""status"": ""not_applicable"", ""value"": null}","{""status"": ""not_applicable"", ""value"": null}"
A1,KACK_R06,leg_3.Q5_hold_params,Q5_hold_params,3,False,missing_inbound_course_deg,degree_display_rounding,"{""status"": ""present"", ""value"": {""inbound_course_deg"": null, ""leg_distance_nm"": null, ""leg_time_min"": 1.0, ""turn"": ""RIGHT""}}","{""status"": ""present"", ""value"": {""inbound_course_deg"": 291.6, ""leg_distance_nm"": 4.0, ""leg_time_min"": null, ""turn"": ""RIGHT""}}"
A1,KACK_R15,leg_1.Q4_course_or_radial,Q4_course_or_radial,1,False,status_unknown,degree_display_rounding,"{""status"": ""unknown"", ""value"": null}","{""status"": ""present"", ""value"": {""course_deg"": 149.0, ""type"": ""course_deg""}}"
A1,KACK_R15,leg_2.Q4_course_or_radial,Q4_course_or_radial,2,False,status_not_applicable,exact_status_value,"{""status"": ""not_applicable"", ""value"": null}","{""status"": ""present"", ""value"": {""type"": ""direct""}}"
A1,KACK_R15,leg_2.Q5_hold_params,Q5_hold_params,2,False,target_not_present_but_pred_present,exact_status_value,"{""status"": ""present"", ""value"": {""inbound_course_deg"": null, ""leg_distance_nm"": null, ""leg_time_min"": 1.0, ""turn"": ""RIGHT""}}","{""status"": ""not_applicable"", ""value"": null}"
A1,KACK_R15,leg_3.Q4_course_or_radial,Q4_course_or_radial,3,False,missing_leg_or_field,exact_status_value,null,"{""status"": ""not_applicable"", ""value"": null}"
A1,KACK_R15,leg_3.Q5_hold_params,Q5_hold_params,3,False,missing_leg_or_field,degree_display_rounding,null,"{""status"": ""present"", ""value"": {""inbound_course_deg"": 329.1, ""leg_distance_nm"": 4.0, ""leg_time_min"": null, ""turn"": ""RIGHT""}}"
A1,KACK_R33,leg_1.Q4_course_or_radial,Q4_course_or_radial,1,False,type_mismatch:direct->course_deg,degree_display_rounding,"{""status"": ""present"", ""value"": {""type"": ""direct""}}","{""status"": ""present"", ""value"": {""course_deg"": 329.1, ""type"": ""course_deg""}}"
A1,KACK_R33,leg_2.Q4_course_or_radial,Q4_course_or_radial,2,False,status_not_applicable,exact_status_value,"{""status"": ""not_applicable"", ""value"": null}","{""status"": ""present"", ""value"": {""type"": ""direct""}}"
A1,KACK_R33,leg_2.Q5_hold_params,Q5_hold_params,2,False,target_not_present_but_pred_present,exact_status_value,"{""status"": ""present"", ""value"": {""inbound_course_deg"": null, ""leg_distance_nm"": null, ""leg_time_min"": 1.0, ""turn"": ""RIGHT""}}","{""status"": ""not_applicable"", ""value"": null}"
A1,KACK_R33,leg_3.Q4_course_or_radial,Q4_course_or_radial,3,False,missing_leg_or_field,exact_status_value,null,"{""status"": ""not_applicable"", ""value"": null}"
A1,KACK_R33,leg_4.Q4_course_or_radial,Q4_course_or_radial,4,False,missing_leg_or_field,exact_status_value,null,"{""status"": ""not_applicable"", ""value"": null}"
A1,KACK_R33,leg_4.Q5_hold_params,Q5_hold_params,4,False,missing_leg_or_field,exact_status_value,null,"{""status"": ""present"", ""value"": {""inbound_course_deg"": 90.0, ""leg_distance_nm"": 4.0, ""leg_time_min"": null, ""turn"": ""LEFT""}}"
A1,KACP_R18,leg_1.Q4_course_or_radial,Q4_course_or_radial,1,False,status_not_applicable,degree_display_rounding,"{""status"": ""not_applicable"", ""value"": null}","{""status"": ""present"", ""value"": {""course_deg"": 177.5, ""type"": ""course_deg""}}"
A1,KACP_R18,leg_1.Q5_hold_params,Q5_hold_params,1,False,target_not_present_but_pred_present,exact_status_value,"{""status"": ""present"", ""value"": {""inbound_course_deg"": null, ""leg_distance_nm"": null, ""leg_time_min"": 1.0, ""turn"": ""RIGHT""}}","{""status"": ""not_applicable"", ""value"": null}"
A1,KACP_R18,leg_2.Q4_course_or_radial,Q4_course_or_radial,2,False,status_not_applicable,exact_status_value,"{""status"": ""not_applicable"", ""value"": null}","{""status"": ""present"", ""value"": {""type"": ""direct""}}"
A1,KACP_R18,leg_2.Q5_hold_params,Q5_hold_params,2,False,target_not_present_but_pred_present,exact_status_value,"{""status"": ""present"", ""value"": {""inbound_course_deg"": null, ""leg_distance_nm"": 4.0, ""leg_time_min"": null, ""turn"": ""RIGHT""}}","{""status"": ""not_applicable"", ""value"": null}"
A1,KACP_R18,leg_3.Q4_course_or_radial,Q4_course_or_radial,3,False,missing_leg_or_field,exact_status_value,null,"{""status"": ""not_applicable"", ""value"": null}"
A1,KACP_R18,leg_3.Q5_hold_params,Q5_hold_params,3,False,missing_leg_or_field,degree_display_rounding,null,"{""status"": ""present"", ""value"": {""inbound_course_deg"": 357.5, ""leg_distance_nm"": 4.0, ""leg_time_min"": null, ""turn"": ""RIGHT""}}"
A1,KACP_R36,leg_1.Q4_course_or_radial,Q4_course_or_radial,1,False,status_not_applicable,degree_display_rounding,"{""status"": ""not_applicable"", ""value"": null}","{""status"": ""present"", ""value"": {""course_deg"": 357.5, ""type"": ""course_deg""}}"
A1,KACP_R36,leg_1.Q5_hold_params,Q5_hold_params,1,False,target_not_present_but_pred_present,exact_status_value,"{""status"": ""present"", ""value"": {""inbound_course_deg"": null, ""leg_distance_nm"": null, ""leg_time_min"": 1.0, ""turn"": ""RIGHT""}}","{""status"": ""not_applicable"", ""value"": null}"
A1,KACP_R36,leg_2.Q4_course_or_radial,Q4_course_or_radial,2,False,missing_leg_or_field,exact_status_value,null,"{""status"": ""present"", ""value"": {""type"": ""direct""}}"
A1,KACP_R36,leg_3.Q4_course_or_radial,Q4_course_or_radial,3,False,missing_leg_or_field,exact_status_value,null,"{""status"": ""not_applicable"", ""value"": null}"
A1,KACP_R36,leg_3.Q5_hold_params,Q5_hold_params,3,False,missing_leg_or_field,degree_display_rounding,null,"{""status"": ""present"", ""value"": {""inbound_course_deg"": 177.5, ""leg_distance_nm"": 4.0, ""leg_time_min"": null, ""turn"": ""RIGHT""}}"
A1,KACQ_R15,leg_1.Q4_course_or_radial,Q4_course_or_radial,1,False,type_mismatch:direct->course_deg,degree_display_rounding,"{""status"": ""present"", ""value"": {""type"": ""direct""}}","{""status"": ""present"", ""value"": {""course_deg"": 152.1, ""type"": ""course_deg""}}"
A1,KACQ_R15,leg_2.Q4_course_or_radial,Q4_course_or_radial,2,False,status_not_applicable,exact_status_value,"{""status"": ""not_applicable"", ""value"": null}","{""status"": ""present"", ""value"": {""type"": ""direct""}}"
A1,KACQ_R15,leg_2.Q5_hold_params,Q5_hold_params,2,False,target_not_present_but_pred_present,exact_status_value,"{""status"": ""present"", ""value"": {""inbound_course_deg"": null, ""leg_distance_nm"": null, ""leg_time_min"": 1.0, ""turn"": ""RIGHT""}}","{""status"": ""not_applicable"", ""value"": null}"
A1,KACQ_R15,leg_3.Q4_course_or_radial,Q4_course_or_radial,3,True,correct,exact_status_value,"{""status"": ""not_applicable"", ""value"": null}","{""status"": ""not_applicable"", ""value"": null}"
A1,KACQ_R15,leg_3.Q5_hold_params,Q5_hold_params,3,False,missing_inbound_course_deg,degree_display_rounding,"{""status"": ""present"", ""value"": {""inbound_course_deg"": null, ""leg_distance_nm"": 4.0, ""leg_time_min"": null, ""turn"": ""RIGHT""}}","{""status"": ""present"", ""value"": {""inbound_course_deg"": 332.2, ""leg_distance_nm"": 4.0, ""leg_time_min"": null, ""turn"": ""RIGHT""}}"
A1,KACQ_R33,leg_1.Q4_course_or_radial,Q4_course_or_radial,1,False,status_unknown,degree_display_rounding,"{""status"": ""unknown"", ""value"": null}","{""status"": ""present"", ""value"": {""course_deg"": 332.2, ""type"": ""course_deg""}}"
A1,KACQ_R33,leg_2.Q4_course_or_radial,Q4_course_or_radial,2,False,status_not_applicable,exact_status_value,"{""status"": ""not_applicable"", ""value"": null}","{""status"": ""present"", ""value"": {""type"": ""direct""}}"
A1,KACQ_R33,leg_2.Q5_hold_params,Q5_hold_params,2,False,target_not_present_but_pred_present,exact_status_value,"{""status"": ""present"", ""value"": {""inbound_course_deg"": null, ""leg_distance_nm"": null, ""leg_time_min"": 1.0, ""turn"": ""RIGHT""}}","{""status"": ""not_applicable"", ""value"": null}"
A1,KACQ_R33,leg_3.Q4_course_or_radial,Q4_course_or_radial,3,True,correct,exact_status_value,"{""status"": ""not_applicable"", ""value"": null}","{""status"": ""not_applicable"", ""value"": null}"
A1,KACQ_R33,leg_3.Q5_hold_params,Q5_hold_params,3,False,missing_inbound_course_deg,degree_display_rounding,"{""status"": ""present"", ""value"": {""inbound_course_deg"": null, ""leg_distance_nm"": 4.0, ""leg_time_min"": null, ""turn"": ""RIGHT""}}","{""status"": ""present"", ""value"": {""inbound_course_deg"": 152.1, ""leg_distance_nm"": 4.0, ""leg_time_min"": null, ""turn"": ""RIGHT""}}"
A1,KACY_R04,leg_1.Q4_course_or_radial,Q4_course_or_radial,1,False,status_unknown,degree_display_rounding,"{""status"": ""unknown"", ""value"": null}","{""status"": ""present"", ""value"": {""course_deg"": 38.0, ""type"": ""course_deg""}}"
A1,KACY_R04,leg_2.Q4_course_or_radial,Q4_course_or_radial,2,False,status_not_applicable,exact_status_value,"{""status"": ""not_applicable"", ""value"": null}","{""status"": ""present"", ""value"": {""type"": ""direct""}}"
A1,KACY_R04,leg_2.Q5_hold_params,Q5_hold_params,2,False,target_not_present_but_pred_present,exact_status_value,"{""status"": ""present"", ""value"": {""inbound_course_deg"": null, ""leg_distance_nm"": null, ""leg_time_min"": 1.0, ""turn"": ""RIGHT""}}","{""status"": ""not_applicable"", ""value"": null}"
A1,KACY_R04,leg_3.Q4_course_or_radial,Q4_course_or_radial,3,False,missing_leg_or_field,exact_status_value,null,"{""status"": ""not_applicable"", ""value"": null}"
A1,KACY_R04,leg_3.Q5_hold_params,Q5_hold_params,3,False,missing_leg_or_field,exact_status_value,null,"{""status"": ""present"", ""value"": {""inbound_course_deg"": 270.0, ""leg_distance_nm"": 6.0, ""leg_time_min"": null, ""turn"": ""RIGHT""}}"
A1,KACY_R13-Y,leg_1.Q4_course_or_radial,Q4_course_or_radial,1,False,type_mismatch:direct->course_deg,degree_display_rounding,"{""status"": ""present"", ""value"": {""type"": ""direct""}}","{""status"": ""present"", ""value"": {""course_deg"": 127.9, ""type"": ""course_deg""}}"
A1,KACY_R13-Y,leg_2.Q4_course_or_radial,Q4_course_or_radial,2,False,status_not_applicable,exact_status_value,"{""status"": ""not_applicable"", ""value"": null}","{""status"": ""present"", ""value"": {""type"": ""direct""}}"
A1,KACY_R13-Y,leg_2.Q5_hold_params,Q5_hold_params,2,False,target_not_present_but_pred_present,exact_status_value,"{""status"": ""present"", ""value"": {""inbound_course_deg"": null, ""leg_distance_nm"": null, ""leg_time_min"": 1.0, ""turn"": ""RIGHT""}}","{""status"": ""not_applicable"", ""value"": null}"
A1,KACY_R13-Y,leg_3.Q4_course_or_radial,Q4_course_or_radial,3,True,correct,exact_status_value,"{""status"": ""not_applicable"", ""value"": null}","{""status"": ""not_applicable"", ""value"": null}"
A1,KACY_R13-Y,leg_3.Q5_hold_params,Q5_hold_params,3,False,target_not_present_but_pred_present,exact_status_value,"{""status"": ""present"", ""value"": {""inbound_course_deg"": null, ""leg_distance_nm"": 5.0, ""leg_time_min"": null, ""turn"": ""RIGHT""}}","{""status"": ""not_applicable"", ""value"": null}"
A1,KACY_R13-Y,leg_4.Q4_course_or_radial,Q4_course_or_radial,4,False,missing_leg_or_field,exact_status_value,null,"{""status"": ""not_applicable"", ""value"": null}"
A1,KACY_R13-Y,leg_4.Q5_hold_params,Q5_hold_params,4,False,missing_leg_or_field,degree_display_rounding,null,"{""status"": ""present"", ""value"": {""inbound_course_deg"": 218.2, ""leg_distance_nm"": 5.0, ""leg_time_min"": null, ""turn"": ""RIGHT""}}"
A1,KACY_R31-Y,leg_1.Q4_course_or_radial,Q4_course_or_radial,1,False,type_mismatch:direct->course_deg,degree_display_rounding,"{""status"": ""present"", ""value"": {""type"": ""direct""}}","{""status"": ""present"", ""value"": {""course_deg"": 308.1, ""type"": ""course_deg""}}"
A1,KACY_R31-Y,leg_2.Q4_course_or_radial,Q4_course_or_radial,2,False,status_not_applicable,exact_status_value,"{""status"": ""not_applicable"", ""value"": null}","{""status"": ""present"", ""value"": {""type"": ""direct""}}"
A1,KACY_R31-Y,leg_2.Q5_hold_params,Q5_hold_params,2,False,target_not_present_but_pred_present,exact_status_value,"{""status"": ""present"", ""value"": {""inbound_course_deg"": null, ""leg_distance_nm"": null, ""leg_time_min"": 1.0, ""turn"": ""RIGHT""}}","{""status"": ""not_applicable"", ""value"": null}"
A1,KACY_R31-Y,leg_3.Q4_course_or_radial,Q4_course_or_radial,3,False,missing_leg_or_field,exact_status_value,null,"{""status"": ""not_applicable"", ""value"": null}"
A1,KACY_R31-Y,leg_4.Q4_course_or_radial,Q4_course_or_radial,4,False,missing_leg_or_field,exact_status_value,null,"{""status"": ""not_applicable"", ""value"": null}"
A1,KACY_R31-Y,leg_4.Q5_hold_params,Q5_hold_params,4,False,missing_leg_or_field,degree_display_rounding,null,"{""status"": ""present"", ""value"": {""inbound_course_deg"": 37.8, ""leg_distance_nm"": 6.0, ""leg_time_min"": null, ""turn"": ""RIGHT""}}"
A1,KADC_R16,leg_1.Q4_course_or_radial,Q4_course_or_radial,1,False,status_unknown,degree_display_rounding,"{""status"": ""unknown"", ""value"": null}","{""status"": ""present"", ""value"": {""course_deg"": 159.3, ""type"": ""course_deg""}}"
A1,KADC_R16,leg_2.Q4_course_or_radial,Q4_course_or_radial,2,False,status_not_applicable,exact_status_value,"{""status"": ""not_applicable"", ""value"": null}","{""status"": ""present"", ""value"": {""type"": ""direct""}}"
A1,KADC_R16,leg_2.Q5_hold_params,Q5_hold_params,2,False,target_not_present_but_pred_present,exact_status_value,"{""status"": ""present"", ""value"": {""inbound_course_deg"": null, ""leg_distance_nm"": null, ""leg_time_min"": 1.0, ""turn"": ""RIGHT""}}","{""status"": ""not_applicable"", ""value"": null}"
A1,KADC_R16,leg_3.Q4_course_or_radial,Q4_course_or_radial,3,True,correct,exact_status_value,"{""status"": ""not_applicable"", ""value"": null}","{""status"": ""not_applicable"", ""value"": null}"
A1,KADC_R16,leg_3.Q5_hold_params,Q5_hold_params,3,False,missing_inbound_course_deg,degree_display_rounding,"{""status"": ""present"", ""value"": {""inbound_course_deg"": null, ""leg_distance_nm"": 4.0, ""leg_time_min"": null, ""turn"": ""RIGHT""}}","{""status"": ""present"", ""value"": {""inbound_course_deg"": 339.4, ""leg_distance_nm"": 4.0, ""leg_time_min"": null, ""turn"": ""RIGHT""}}"
A1,KADC_R34,leg_1.Q4_course_or_radial,Q4_course_or_radial,1,False,status_unknown,degree_display_rounding,"{""status"": ""unknown"", ""value"": null}","{""status"": ""present"", ""value"": {""course_deg"": 339.3, ""type"": ""course_deg""}}"
A1,KADC_R34,leg_2.Q4_course_or_radial,Q4_course_or_radial,2,False,status_not_applicable,exact_status_value,"{""status"": ""not_applicable"", ""value"": null}","{""status"": ""present"", ""value"": {""type"": ""direct""}}"
A1,KADC_R34,leg_2.Q5_hold_params,Q5_hold_params,2,False,target_not_present_but_pred_present,exact_status_value,"{""status"": ""present"", ""value"": {""inbound_course_deg"": null, ""leg_distance_nm"": null, ""leg_time_min"": 1.0, ""turn"": ""RIGHT""}}","{""status"": ""not_applicable"", ""value"": null}"
A1,KADC_R34,leg_3.Q4_course_or_radial,Q4_course_or_radial,3,False,missing_leg_or_field,exact_status_value,null,"{""status"": ""not_applicable"", ""value"": null}"
A1,KADC_R34,leg_3.Q5_hold_params,Q5_hold_params,3,False,missing_leg_or_field,degree_display_rounding,null,"{""status"": ""present"", ""value"": {""inbound_course_deg"": 159.2, ""leg_distance_nm"": 4.0, ""leg_time_min"": null, ""turn"": ""RIGHT""}}"
A1,KADF_R04,leg_1.Q4_course_or_radial,Q4_course_or_radial,1,False,type_mismatch:direct->course_deg,degree_display_rounding,"{""status"": ""present"", ""value"": {""type"": ""direct""}}","{""status"": ""present"", ""value"": {""course_deg"": 40.2, ""type"": ""course_deg""}}"
A1,KADF_R04,leg_2.Q4_course_or_radial,Q4_course_or_radial,2,False,status_not_applicable,exact_status_value,"{""status"": ""not_applicable"", ""value"": null}","{""status"": ""present"", ""value"": {""type"": ""direct""}}"
A1,KADF_R04,leg_2.Q5_hold_params,Q5_hold_params,2,False,target_not_present_but_pred_present,exact_status_value,"{""status"": ""present"", ""value"": {""inbound_course_deg"": null, ""leg_distance_nm"": null, ""leg_time_min"": 1.0, ""turn"": ""RIGHT""}}","{""status"": ""not_applicable"", ""value"": null}"
A1,KADF_R04,leg_3.Q4_course_or_radial,Q4_course_or_radial,3,False,missing_leg_or_field,exact_status_value,null,"{""status"": ""not_applicable"", ""value"": null}"
A1,KADF_R04,leg_3.Q5_hold_params,Q5_hold_params,3,False,missing_leg_or_field,degree_display_rounding,null,"{""status"": ""present"", ""value"": {""inbound_course_deg"": 220.3, ""leg_distance_nm"": 4.0, ""leg_time_min"": null, ""turn"": ""RIGHT""}}"
A1,KADF_R22,leg_1.Q4_course_or_radial,Q4_course_or_radial,1,False,status_unknown,degree_display_rounding,"{""status"": ""unknown"", ""value"": null}","{""status"": ""present"", ""value"": {""course_deg"": 220.3, ""type"": ""course_deg""}}"
A1,KADF_R22,leg_2.Q4_course_or_radial,Q4_course_or_radial,2,False,status_not_applicable,exact_status_value,"{""status"": ""not_applicable"", ""value"": null}","{""status"": ""present"", ""value"": {""type"": ""direct""}}"
A1,KADF_R22,leg_2.Q5_hold_params,Q5_hold_params,2,False,target_not_present_but_pred_present,exact_status_value,"{""status"": ""present"", ""value"": {""inbound_course_deg"": null, ""leg_distance_nm"": null, ""leg_time_min"": 1.0, ""turn"": ""RIGHT""}}","{""status"": ""not_applicable"", ""value"": null}"
A1,KADF_R22,leg_3.Q4_course_or_radial,Q4_course_or_radial,3,False,missing_leg_or_field,exact_status_value,null,"{""status"": ""not_applicable"", ""value"": null}"
A1,KADF_R22,leg_3.Q5_hold_params,Q5_hold_params,3,False,missing_leg_or_field,degree_display_rounding,null,"{""status"": ""present"", ""value"": {""inbound_course_deg"": 40.1, ""leg_distance_nm"": 4.0, ""leg_time_min"": null, ""turn"": ""LEFT""}}"
A1,KADH_R18,leg_1.Q4_course_or_radial,Q4_course_or_radial,1,False,status_unknown,degree_display_rounding,"{""status"": ""unknown"", ""value"": null}","{""status"": ""present"", ""value"": {""course_deg"": 177.0, ""type"": ""course_deg""}}"
A1,KADH_R18,leg_2.Q4_course_or_radial,Q4_course_or_radial,2,False,status_not_applicable,exact_status_value,"{""status"": ""not_applicable"", ""value"": null}","{""status"": ""present"", ""value"": {""type"": ""direct""}}"
A1,KADH_R18,leg_2.Q5_hold_params,Q5_hold_params,2,False,target_not_present_but_pred_present,exact_status_value,"{""status"": ""present"", ""value"": {""inbound_course_deg"": null, ""leg_distance_nm"": null, ""leg_time_min"": 1.0, ""turn"": ""RIGHT""}}","{""status"": ""not_applicable"", ""value"": null}"
A1,KADH_R18,leg_3.Q4_course_or_radial,Q4_course_or_radial,3,False,missing_leg_or_field,exact_status_value,null,"{""status"": ""not_applicable"", ""value"": null}"
A1,KADH_R18,leg_3.Q5_hold_params,Q5_hold_params,3,False,missing_leg_or_field,exact_status_value,null,"{""status"": ""present"", ""value"": {""inbound_course_deg"": 357.0, ""leg_distance_nm"": 4.0, ""leg_time_min"": null, ""turn"": ""RIGHT""}}"
A1,KADH_R36,leg_1.Q4_course_or_radial,Q4_course_or_radial,1,False,status_not_applicable,degree_display_rounding,"{""status"": ""not_applicable"", ""value"": null}","{""status"": ""present"", ""value"": {""course_deg"": 357.0, ""type"": ""course_deg""}}"
A1,KADH_R36,leg_1.Q5_hold_params,Q5_hold_params,1,False,target_not_present_but_pred_present,exact_status_value,"{""status"": ""present"", ""value"": {""inbound_course_deg"": null, ""leg_distance_nm"": null, ""leg_time_min"": 1.0, ""turn"": ""RIGHT""}}","{""status"": ""not_applicable"", ""value"": null}"
A1,KADH_R36,leg_2.Q4_course_or_radial,Q4_course_or_radial,2,False,missing_leg_or_field,exact_status_value,null,"{""status"": ""present"", ""value"": {""type"": ""direct""}}"
A1,KADH_R36,leg_3.Q4_course_or_radial,Q4_course_or_radial,3,False,missing_leg_or_field,exact_status_value,null,"{""status"": ""not_applicable"", ""value"": null}"
A1,KADH_R36,leg_3.Q5_hold_params,Q5_hold_params,3,False,missing_leg_or_field,exact_status_value,null,"{""status"": ""present"", ""value"": {""inbound_course_deg"": 177.0, ""leg_distance_nm"": 4.0, ""leg_time_min"": null, ""turn"": ""RIGHT""}}"
A1,KADM_R13,leg_1.Q4_course_or_radial,Q4_course_or_radial,1,False,status_not_applicable,degree_display_rounding,"{""status"": ""not_applicable"", ""value"": null}","{""status"": ""present"", ""value"": {""course_deg"": 129.4, ""type"": ""course_deg""}}"
A1,KADM_R13,leg_1.Q5_hold_params,Q5_hold_params,1,False,target_not_present_but_pred_present,exact_status_value,"{""status"": ""present"", ""value"": {""inbound_course_deg"": null, ""leg_distance_nm"": null, ""leg_time_min"": 1.0, ""turn"": ""RIGHT""}}","{""status"": ""not_applicable"", ""value"": null}"
A1,KADM_R13,leg_2.Q4_course_or_radial,Q4_course_or_radial,2,False,missing_leg_or_field,exact_status_value,null,"{""status"": ""present"", ""value"": {""type"": ""direct""}}"
A1,KADM_R13,leg_3.Q4_course_or_radial,Q4_course_or_radial,3,False,missing_leg_or_field,exact_status_value,null,"{""status"": ""not_applicable"", ""value"": null}"
A1,KADM_R13,leg_3.Q5_hold_params,Q5_hold_params,3,False,missing_leg_or_field,degree_display_rounding,null,"{""status"": ""present"", ""value"": {""inbound_course_deg"": 309.5, ""leg_distance_nm"": 4.0, ""leg_time_min"": null, ""turn"": ""RIGHT""}}"
A1,KADM_R31,leg_1.Q4_course_or_radial,Q4_course_or_radial,1,False,status_unknown,degree_display_rounding,"{""status"": ""unknown"", ""value"": null}","{""status"": ""present"", ""value"": {""course_deg"": 309.5, ""type"": ""course_deg""}}"
A1,KADM_R31,leg_2.Q4_course_or_radial,Q4_course_or_radial,2,False,status_not_applicable,exact_status_value,"{""status"": ""not_applicable"", ""value"": null}","{""status"": ""present"", ""value"": {""type"": ""direct""}}"
A1,KADM_R31,leg_2.Q5_hold_params,Q5_hold_params,2,False,target_not_present_but_pred_present,exact_status_value,"{""status"": ""present"", ""value"": {""inbound_course_deg"": null, ""leg_distance_nm"": null, ""leg_time_min"": 1.0, ""turn"": ""RIGHT""}}","{""status"": ""not_applicable"", ""value"": null}"
A1,KADM_R31,leg_3.Q4_course_or_radial,Q4_course_or_radial,3,True,correct,exact_status_value,"{""status"": ""not_applicable"", ""value"": null}","{""status"": ""not_applicable"", ""value"": null}"
A1,KADM_R31,leg_3.Q5_hold_params,Q5_hold_params,3,False,missing_inbound_course_deg,degree_display_rounding,"{""status"": ""present"", ""value"": {""inbound_course_deg"": null, ""leg_distance_nm"": 4.0, ""leg_time_min"": null, ""turn"": ""RIGHT""}}","{""status"": ""present"", ""value"": {""inbound_course_deg"": 129.3, ""leg_distance_nm"": 4.0, ""leg_time_min"": null, ""turn"": ""RIGHT""}}"
A1,KAEG_R04,leg_1.Q4_course_or_radial,Q4_course_or_radial,1,False,status_unknown,degree_display_rounding,"{""status"": ""unknown"", ""value"": null}","{""status"": ""present"", ""value"": {""course_deg"": 35.1, ""type"": ""course_deg""}}"
A1,KAEG_R04,leg_2.Q4_course_or_radial,Q4_course_or_radial,2,False,status_not_applicable,exact_status_value,"{""status"": ""not_applicable"", ""value"": null}","{""status"": ""present"", ""value"": {""type"": ""direct""}}"
A1,KAEG_R04,leg_2.Q5_hold_params,Q5_hold_params,2,False,target_not_present_but_pred_present,exact_status_value,"{""status"": ""present"", ""value"": {""inbound_course_deg"": null, ""leg_distance_nm"": null, ""leg_time_min"": 1.0, ""turn"": ""RIGHT""}}","{""status"": ""not_applicable"", ""value"": null}"
A1,KAEG_R04,leg_3.Q4_course_or_radial,Q4_course_or_radial,3,False,missing_leg_or_field,exact_status_value,null,"{""status"": ""not_applicable"", ""value"": null}"
A1,KAEG_R04,leg_3.Q5_hold_params,Q5_hold_params,3,False,missing_leg_or_field,degree_display_rounding,null,"{""status"": ""present"", ""value"": {""inbound_course_deg"": 200.8, ""leg_distance_nm"": 7.0, ""leg_time_min"": null, ""turn"": ""RIGHT""}}"
A1,KAEG_R22,leg_1.Q4_course_or_radial,Q4_course_or_radial,1,False,status_unknown,degree_display_rounding,"{""status"": ""unknown"", ""value"": null}","{""status"": ""present"", ""value"": {""course_deg"": 215.2, ""type"": ""course_deg""}}"
A1,KAEG_R22,leg_2.Q4_course_or_radial,Q4_course_or_radial,2,False,status_not_applicable,exact_status_value,"{""status"": ""not_applicable"", ""value"": null}","{""status"": ""present"", ""value"": {""type"": ""direct""}}"
A1,KAEG_R22,leg_2.Q5_hold_params,Q5_hold_params,2,False,target_not_present_but_pred_present,exact_status_value,"{""status"": ""present"", ""value"": {""inbound_course_deg"": null, ""leg_distance_nm"": null, ""leg_time_min"": 1.0, ""turn"": ""RIGHT""}}","{""status"": ""not_applicable"", ""value"": null}"
A1,KAEG_R22,leg_3.Q4_course_or_radial,Q4_course_or_radial,3,False,missing_leg_or_field,exact_status_value,null,"{""status"": ""not_applicable"", ""value"": null}"
A1,KAEG_R22,leg_3.Q5_hold_params,Q5_hold_params,3,False,missing_leg_or_field,degree_display_rounding,null,"{""status"": ""present"", ""value"": {""inbound_course_deg"": 35.1, ""leg_distance_nm"": 7.0, ""leg_time_min"": null, ""turn"": ""RIGHT""}}"
A1,KAEL_R17,leg_1.Q4_course_or_radial,Q4_course_or_radial,1,False,status_unknown,degree_display_rounding,"{""status"": ""unknown"", ""value"": null}","{""status"": ""present"", ""value"": {""course_deg"": 167.2, ""type"": ""course_deg""}}"
A1,KAEL_R17,leg_2.Q4_course_or_radial,Q4_course_or_radial,2,False,status_not_applicable,exact_status_value,"{""status"": ""not_applicable"", ""value"": null}","{""status"": ""present"", ""value"": {""type"": ""direct""}}"
A1,KAEL_R17,leg_2.Q5_hold_params,Q5_hold_params,2,False,target_not_present_but_pred_present,exact_status_value,"{""status"": ""present"", ""value"": {""inbound_course_deg"": null, ""leg_distance_nm"": null, ""leg_time_min"": 1.0, ""turn"": ""RIGHT""}}","{""status"": ""not_applicable"", ""value"": null}"
A1,KAEL_R17,leg_3.Q4_course_or_radial,Q4_course_or_radial,3,False,missing_leg_or_field,exact_status_value,null,"{""status"": ""not_applicable"", ""value"": null}"
A1,KAEL_R17,leg_3.Q5_hold_params,Q5_hold_params,3,False,missing_leg_or_field,degree_display_rounding,null,"{""status"": ""present"", ""value"": {""inbound_course_deg"": 347.2, ""leg_distance_nm"": 4.0, ""leg_time_min"": null, ""turn"": ""RIGHT""}}"
A1,KAEL_R35,leg_1.Q4_course_or_radial,Q4_course_or_radial,1,False,status_unknown,degree_display_rounding,"{""status"": ""unknown"", ""value"": null}","{""status"": ""present"", ""value"": {""course_deg"": 347.2, ""type"": ""course_deg""}}"
A1,KAEL_R35,leg_2.Q4_course_or_radial,Q4_course_or_radial,2,False,status_not_applicable,exact_status_value,"{""status"": ""not_applicable"", ""value"": null}","{""status"": ""present"", ""value"": {""type"": ""direct""}}"
A1,KAEL_R35,leg_2.Q5_hold_params,Q5_hold_params,2,False,target_not_present_but_pred_present,exact_status_value,"{""status"": ""present"", ""value"": {""inbound_course_deg"": null, ""leg_distance_nm"": null, ""leg_time_min"": 1.0, ""turn"": ""RIGHT""}}","{""status"": ""not_applicable"", ""value"": null}"
A1,KAEL_R35,leg_3.Q4_course_or_radial,Q4_course_or_radial,3,False,missing_leg_or_field,exact_status_value,null,"{""status"": ""not_applicable"", ""value"": null}"
A1,KAEL_R35,leg_3.Q5_hold_params,Q5_hold_params,3,False,missing_leg_or_field,degree_display_rounding,null,"{""status"": ""present"", ""value"": {""inbound_course_deg"": 167.1, ""leg_distance_nm"": 4.0, ""leg_time_min"": null, ""turn"": ""RIGHT""}}"
A1,KAFJ_R09,leg_1.Q4_course_or_radial,Q4_course_or_radial,1,False,type_mismatch:direct->course_deg,degree_display_rounding,"{""status"": ""present"", ""value"": {""type"": ""direct""}}","{""status"": ""present"", ""value"": {""course_deg"": 93.0, ""type"": ""course_deg""}}"
A1,KAFJ_R09,leg_2.Q4_course_or_radial,Q4_course_or_radial,2,False,status_not_applicable,exact_status_value,"{""status"": ""not_applicable"", ""value"": null}","{""status"": ""present"", ""value"": {""type"": ""direct""}}"
A1,KAFJ_R09,leg_2.Q5_hold_params,Q5_hold_params,2,False,target_not_present_but_pred_present,exact_status_value,"{""status"": ""present"", ""value"": {""inbound_course_deg"": null, ""leg_distance_nm"": null, ""leg_time_min"": 1.0, ""turn"": ""RIGHT""}}","{""status"": ""not_applicable"", ""value"": null}"
A1,KAFJ_R09,leg_3.Q4_course_or_radial,Q4_course_or_radial,3,False,missing_leg_or_field,exact_status_value,null,"{""status"": ""not_applicable"", ""value"": null}"
A1,KAFJ_R09,leg_3.Q5_hold_params,Q5_hold_params,3,False,missing_leg_or_field,degree_display_rounding,null,"{""status"": ""present"", ""value"": {""inbound_course_deg"": 273.2, ""leg_distance_nm"": 4.0, ""leg_time_min"": null, ""turn"": ""RIGHT""}}"
A1,KAFJ_R27,leg_1.Q4_course_or_radial,Q4_course_or_radial,1,False,status_unknown,degree_display_rounding,"{""status"": ""unknown"", ""value"": null}","{""status"": ""present"", ""value"": {""course_deg"": 273.1, ""type"": ""course_deg""}}"
A1,KAFJ_R27,leg_2.Q4_course_or_radial,Q4_course_or_radial,2,True,correct,exact_status_value,"{""status"": ""present"", ""value"": {""type"": ""direct""}}","{""status"": ""present"", ""value"": {""type"": ""direct""}}"
A1,KAFJ_R27,leg_3.Q4_course_or_radial,Q4_course_or_radial,3,True,correct,exact_status_value,"{""status"": ""not_applicable"", ""value"": null}","{""status"": ""not_applicable"", ""value"": null}"
A1,KAFJ_R27,leg_3.Q5_hold_params,Q5_hold_params,3,False,missing_inbound_course_deg,exact_status_value,"{""status"": ""present"", ""value"": {""inbound_course_deg"": null, ""leg_distance_nm"": null, ""leg_time_min"": 1.0, ""turn"": ""RIGHT""}}","{""status"": ""present"", ""value"": {""inbound_course_deg"": 223.0, ""leg_distance_nm"": 4.0, ""leg_time_min"": null, ""turn"": ""LEFT""}}"
A1,KAFN_RNV-B,leg_1.Q4_course_or_radial,Q4_course_or_radial,1,False,status_unknown,degree_display_rounding,"{""status"": ""unknown"", ""value"": null}","{""status"": ""present"", ""value"": {""course_deg"": 22.9, ""type"": ""course_deg""}}"
A1,KAFN_RNV-B,leg_2.Q4_course_or_radial,Q4_course_or_radial,2,False,status_not_applicable,exact_status_value,"{""status"": ""not_applicable"", ""value"": null}","{""status"": ""present"", ""value"": {""type"": ""direct""}}"
A1,KAFN_RNV-B,leg_2.Q5_hold_params,Q5_hold_params,2,False,target_not_present_but_pred_present,exact_status_value,"{""status"": ""present"", ""value"": {""inbound_course_deg"": null, ""leg_distance_nm"": null, ""leg_time_min"": 1.0, ""turn"": ""RIGHT""}}","{""status"": ""not_applicable"", ""value"": null}"
A1,KAFN_RNV-B,leg_3.Q4_course_or_radial,Q4_course_or_radial,3,True,correct,exact_status_value,"{""status"": ""not_applicable"", ""value"": null}","{""status"": ""not_applicable"", ""value"": null}"
A1,KAFN_RNV-B,leg_3.Q5_hold_params,Q5_hold_params,3,False,missing_inbound_course_deg,exact_status_value,"{""status"": ""present"", ""value"": {""inbound_course_deg"": null, ""leg_distance_nm"": null, ""leg_time_min"": 1.0, ""turn"": ""RIGHT""}}","{""status"": ""present"", ""value"": {""inbound_course_deg"": 203.0, ""leg_distance_nm"": 4.0, ""leg_time_min"": null, ""turn"": ""LEFT""}}"
A1,KAFN_RNV-C,leg_1.Q4_course_or_radial,Q4_course_or_radial,1,False,status_unknown,degree_display_rounding,"{""status"": ""unknown"", ""value"": null}","{""status"": ""present"", ""value"": {""course_deg"": 203.0, ""type"": ""course_deg""}}"
A1,KAFN_RNV-C,leg_2.Q4_course_or_radial,Q4_course_or_radial,2,False,status_not_applicable,exact_status_value,"{""status"": ""not_applicable"", ""value"": null}","{""status"": ""present"", ""value"": {""type"": ""direct""}}"
A1,KAFN_RNV-C,leg_2.Q5_hold_params,Q5_hold_params,2,False,target_not_present_but_pred_present,exact_status_value,"{""status"": ""present"", ""value"": {""inbound_course_deg"": null, ""leg_distance_nm"": null, ""leg_time_min"": 1.0, ""turn"": ""RIGHT""}}","{""status"": ""not_applicable"", ""value"": null}"
A1,KAFN_RNV-C,leg_3.Q4_course_or_radial,Q4_course_or_radial,3,True,correct,exact_status_value,"{""status"": ""not_applicable"", ""value"": null}","{""status"": ""not_applicable"", ""value"": null}"
A1,KAFN_RNV-C,leg_3.Q5_hold_params,Q5_hold_params,3,False,missing_inbound_course_deg,degree_display_rounding,"{""status"": ""present"", ""value"": {""inbound_course_deg"": null, ""leg_distance_nm"": 6000.0, ""leg_time_min"": null, ""turn"": ""RIGHT""}}","{""status"": ""present"", ""value"": {""inbound_course_deg"": 22.9, ""leg_distance_nm"": 4.0, ""leg_time_min"": null, ""turn"": ""LEFT""}}"
A1,KAFP_R16,leg_1.Q4_course_or_radial,Q4_course_or_radial,1,False,status_unknown,degree_display_rounding,"{""status"": ""unknown"", ""value"": null}","{""status"": ""present"", ""value"": {""course_deg"": 161.5, ""type"": ""course_deg""}}"
A1,KAFP_R16,leg_2.Q4_course_or_radial,Q4_course_or_radial,2,False,status_not_applicable,exact_status_value,"{""status"": ""not_applicable"", ""value"": null}","{""status"": ""present"", ""value"": {""type"": ""direct""}}"
A1,KAFP_R16,leg_2.Q5_hold_params,Q5_hold_params,2,False,target_not_present_but_pred_present,exact_status_value,"{""status"": ""present"", ""value"": {""inbound_course_deg"": null, ""leg_distance_nm"": null, ""leg_time_min"": 1.0, ""turn"": ""RIGHT""}}","{""status"": ""not_applicable"", ""value"": null}"
A1,KAFP_R16,leg_3.Q4_course_or_radial,Q4_course_or_radial,3,True,correct,exact_status_value,"{""status"": ""not_applicable"", ""value"": null}","{""status"": ""not_applicable"", ""value"": null}"
A1,KAFP_R16,leg_3.Q5_hold_params,Q5_hold_params,3,False,missing_inbound_course_deg,degree_display_rounding,"{""status"": ""present"", ""value"": {""inbound_course_deg"": null, ""leg_distance_nm"": 4.0, ""leg_time_min"": null, ""turn"": ""RIGHT""}}","{""status"": ""present"", ""value"": {""inbound_course_deg"": 341.6, ""leg_distance_nm"": 4.0, ""leg_time_min"": null, ""turn"": ""RIGHT""}}"
A1,KAFP_R34,leg_1.Q4_course_or_radial,Q4_course_or_radial,1,False,status_not_applicable,degree_display_rounding,"{""status"": ""not_applicable"", ""value"": null}","{""status"": ""present"", ""value"": {""course_deg"": 341.6, ""type"": ""course_deg""}}"
A1,KAFP_R34,leg_1.Q5_hold_params,Q5_hold_params,1,False,target_not_present_but_pred_present,exact_status_value,"{""status"": ""present"", ""value"": {""inbound_course_deg"": null, ""leg_distance_nm"": null, ""leg_time_min"": 1.0, ""turn"": ""RIGHT""}}","{""status"": ""not_applicable"", ""value"": null}"
A1,KAFP_R34,leg_2.Q4_course_or_radial,Q4_course_or_radial,2,False,status_not_applicable,exact_status_value,"{""status"": ""not_applicable"", ""value"": null}","{""status"": ""present"", ""value"": {""type"": ""direct""}}"
A1,KAFP_R34,leg_2.Q5_hold_params,Q5_hold_params,2,False,target_not_present_but_pred_present,exact_status_value,"{""status"": ""present"", ""value"": {""inbound_course_deg"": null, ""leg_distance_nm"": 1.0, ""leg_time_min"": null, ""turn"": ""RIGHT""}}","{""status"": ""not_applicable"", ""value"": null}"
A1,KAFP_R34,leg_3.Q4_course_or_radial,Q4_course_or_radial,3,False,missing_leg_or_field,exact_status_value,null,"{""status"": ""not_applicable"", ""value"": null}"
A1,KAFP_R34,leg_3.Q5_hold_params,Q5_hold_params,3,False,missing_leg_or_field,degree_display_rounding,null,"{""status"": ""present"", ""value"": {""inbound_course_deg"": 161.5, ""leg_distance_nm"": 4.0, ""leg_time_min"": null, ""turn"": ""RIGHT""}}"
A1,KAFW_R16L,leg_1.Q4_course_or_radial,Q4_course_or_radial,1,False,status_unknown,degree_display_rounding,"{""status"": ""unknown"", ""value"": null}","{""status"": ""present"", ""value"": {""course_deg"": 166.2, ""type"": ""course_deg""}}"
A1,KAFW_R16L,leg_2.Q4_course_or_radial,Q4_course_or_radial,2,False,status_not_applicable,exact_status_value,"{""status"": ""not_applicable"", ""value"": null}","{""status"": ""present"", ""value"": {""type"": ""direct""}}"
A1,KAFW_R16L,leg_2.Q5_hold_params,Q5_hold_params,2,False,target_not_present_but_pred_present,exact_status_value,"{""status"": ""present"", ""value"": {""inbound_course_deg"": null, ""leg_distance_nm"": null, ""leg_time_min"": 1.0, ""turn"": ""RIGHT""}}","{""status"": ""not_applicable"", ""value"": null}"
A1,KAFW_R16L,leg_3.Q4_course_or_radial,Q4_course_or_radial,3,False,missing_leg_or_field,exact_status_value,null,"{""status"": ""not_applicable"", ""value"": null}"
A1,KAFW_R16L,leg_3.Q5_hold_params,Q5_hold_params,3,False,missing_leg_or_field,degree_display_rounding,null,"{""status"": ""present"", ""value"": {""inbound_course_deg"": 122.1, ""leg_distance_nm"": 9.0, ""leg_time_min"": null, ""turn"": ""RIGHT""}}"
A1,KAFW_R16R,leg_1.Q4_course_or_radial,Q4_course_or_radial,1,False,status_unknown,degree_display_rounding,"{""status"": ""unknown"", ""value"": null}","{""status"": ""present"", ""value"": {""course_deg"": 166.2, ""type"": ""course_deg""}}"
A1,KAFW_R16R,leg_2.Q4_course_or_radial,Q4_course_or_radial,2,False,status_not_applicable,exact_status_value,"{""status"": ""not_applicable"", ""value"": null}","{""status"": ""present"", ""value"": {""type"": ""direct""}}"
A1,KAFW_R16R,leg_2.Q5_hold_params,Q5_hold_params,2,False,target_not_present_but_pred_present,exact_status_value,"{""status"": ""present"", ""value"": {""inbound_course_deg"": null, ""leg_distance_nm"": null, ""leg_time_min"": 1.0, ""turn"": ""RIGHT""}}","{""status"": ""not_applicable"", ""value"": null}"
A1,KAFW_R16R,leg_3.Q4_course_or_radial,Q4_course_or_radial,3,False,missing_leg_or_field,exact_status_value,null,"{""status"": ""not_applicable"", ""value"": null}"
A1,KAFW_R16R,leg_3.Q5_hold_params,Q5_hold_params,3,False,missing_leg_or_field,degree_display_rounding,null,"{""status"": ""present"", ""value"": {""inbound_course_deg"": 122.1, ""leg_distance_nm"": 9.0, ""leg_time_min"": null, ""turn"": ""RIGHT""}}"
A1,KAFW_R34R,leg_1.Q4_course_or_radial,Q4_course_or_radial,1,False,type_mismatch:direct->course_deg,degree_display_rounding,"{""status"": ""present"", ""value"": {""type"": ""direct""}}","{""status"": ""present"", ""value"": {""course_deg"": 346.2, ""type"": ""course_deg""}}"
A1,KAFW_R34R,leg_2.Q4_course_or_radial,Q4_course_or_radial,2,False,status_not_applicable,exact_status_value,"{""status"": ""not_applicable"", ""value"": null}","{""status"": ""present"", ""value"": {""type"": ""direct""}}"
A1,KAFW_R34R,leg_2.Q5_hold_params,Q5_hold_params,2,False,target_not_present_but_pred_present,exact_status_value,"{""status"": ""present"", ""value"": {""inbound_course_deg"": null, ""leg_distance_nm"": null, ""leg_time_min"": 1.0, ""turn"": ""RIGHT""}}","{""status"": ""not_applicable"", ""value"": null}"
A1,KAFW_R34R,leg_3.Q4_course_or_radial,Q4_course_or_radial,3,False,missing_leg_or_field,exact_status_value,null,"{""status"": ""not_applicable"", ""value"": null}"
A1,KAFW_R34R,leg_4.Q4_course_or_radial,Q4_course_or_radial,4,False,missing_leg_or_field,exact_status_value,null,"{""status"": ""not_applicable"", ""value"": null}"
A1,KAFW_R34R,leg_4.Q5_hold_params,Q5_hold_params,4,False,missing_leg_or_field,degree_display_rounding,null,"{""status"": ""present"", ""value"": {""inbound_course_deg"": 122.1, ""leg_distance_nm"": 9.0, ""leg_time_min"": null, ""turn"": ""RIGHT""}}"
A1,KAGC_R10,leg_1.Q4_course_or_radial,Q4_course_or_radial,1,False,status_unknown,degree_display_rounding,"{""status"": ""unknown"", ""value"": null}","{""status"": ""present"", ""value"": {""course_deg"": 98.8, ""type"": ""course_deg""}}"
A1,KAGC_R10,leg_2.Q4_course_or_radial,Q4_course_or_radial,2,False,status_not_applicable,exact_status_value,"{""status"": ""not_applicable"", ""value"": null}","{""status"": ""present"", ""value"": {""type"": ""direct""}}"
A1,KAGC_R10,leg_2.Q5_hold_params,Q5_hold_params,2,False,target_not_present_but_pred_present,exact_status_value,"{""status"": ""present"", ""value"": {""inbound_course_deg"": null, ""leg_distance_nm"": null, ""leg_time_min"": 1.0, ""turn"": ""RIGHT""}}","{""status"": ""not_applicable"", ""value"": null}"
A1,KAGC_R10,leg_3.Q4_course_or_radial,Q4_course_or_radial,3,False,missing_leg_or_field,exact_status_value,null,"{""status"": ""not_applicable"", ""value"": null}"
A1,KAGC_R10,leg_4.Q4_course_or_radial,Q4_course_or_radial,4,False,missing_leg_or_field,exact_status_value,null,"{""status"": ""not_applicable"", ""value"": null}"
A1,KAGC_R10,leg_4.Q5_hold_params,Q5_hold_params,4,False,missing_leg_or_field,exact_status_value,null,"{""status"": ""present"", ""value"": {""inbound_course_deg"": 318.0, ""leg_distance_nm"": 4.0, ""leg_time_min"": null, ""turn"": ""RIGHT""}}"
A1,KAGC_R28,leg_1.Q4_course_or_radial,Q4_course_or_radial,1,False,type_mismatch:direct->course_deg,degree_display_rounding,"{""status"": ""present"", ""value"": {""type"": ""direct""}}","{""status"": ""present"", ""value"": {""course_deg"": 279.0, ""type"": ""course_deg""}}"
A1,KAGC_R28,leg_2.Q4_course_or_radial,Q4_course_or_radial,2,False,status_not_applicable,exact_status_value,"{""status"": ""not_applicable"", ""value"": null}","{""status"": ""present"", ""value"": {""type"": ""direct""}}"
A1,KAGC_R28,leg_2.Q5_hold_params,Q5_hold_params,2,False,target_not_present_but_pred_present,exact_status_value,"{""status"": ""present"", ""value"": {""inbound_course_deg"": null, ""leg_distance_nm"": null, ""leg_time_min"": 1.0, ""turn"": ""RIGHT""}}","{""status"": ""not_applicable"", ""value"": null}"
A1,KAGC_R28,leg_3.Q4_course_or_radial,Q4_course_or_radial,3,False,missing_leg_or_field,exact_status_value,null,"{""status"": ""not_applicable"", ""value"": null}"
A1,KAGC_R28,leg_4.Q4_course_or_radial,Q4_course_or_radial,4,False,missing_leg_or_field,exact_status_value,null,"{""status"": ""not_applicable"", ""value"": null}"
A1,KAGC_R28,leg_4.Q5_hold_params,Q5_hold_params,4,False,missing_leg_or_field,exact_status_value,null,"{""status"": ""present"", ""value"": {""inbound_course_deg"": 56.0, ""leg_distance_nm"": 4.0, ""leg_time_min"": null, ""turn"": ""RIGHT""}}"
A1,KAGO_R18,leg_1.Q4_course_or_radial,Q4_course_or_radial,1,False,status_unknown,degree_display_rounding,"{""status"": ""unknown"", ""value"": null}","{""status"": ""present"", ""value"": {""course_deg"": 180.8, ""type"": ""course_deg""}}"
A1,KAGO_R18,leg_2.Q4_course_or_radial,Q4_course_or_radial,2,False,status_not_applicable,exact_status_value,"{""status"": ""not_applicable"", ""value"": null}","{""status"": ""present"", ""value"": {""type"": ""direct""}}"
A1,KAGO_R18,leg_2.Q5_hold_params,Q5_hold_params,2,False,target_not_present_but_pred_present,exact_status_value,"{""status"": ""present"", ""value"": {""inbound_course_deg"": null, ""leg_distance_nm"": null, ""leg_time_min"": 1.0, ""turn"": ""RIGHT""}}","{""status"": ""not_applicable"", ""value"": null}"
A1,KAGO_R18,leg_3.Q4_course_or_radial,Q4_course_or_radial,3,False,missing_leg_or_field,exact_status_value,null,"{""status"": ""not_applicable"", ""value"": null}"
A1,KAGO_R18,leg_3.Q5_hold_params,Q5_hold_params,3,False,missing_leg_or_field,degree_display_rounding,null,"{""status"": ""present"", ""value"": {""inbound_course_deg"": 0.8, ""leg_distance_nm"": 4.0, ""leg_time_min"": null, ""turn"": ""RIGHT""}}"
A1,KAGO_R36,leg_1.Q4_course_or_radial,Q4_course_or_radial,1,False,status_not_applicable,degree_display_rounding,"{""status"": ""not_applicable"", ""value"": null}","{""status"": ""present"", ""value"": {""course_deg"": 0.8, ""type"": ""course_deg""}}"
A1,KAGO_R36,leg_1.Q5_hold_params,Q5_hold_params,1,False,target_not_present_but_pred_present,exact_status_value,"{""status"": ""present"", ""value"": {""inbound_course_deg"": null, ""leg_distance_nm"": null, ""leg_time_min"": 1.0, ""turn"": ""RIGHT""}}","{""status"": ""not_applicable"", ""value"": null}"
A1,KAGO_R36,leg_2.Q4_course_or_radial,Q4_course_or_radial,2,False,missing_leg_or_field,exact_status_value,null,"{""status"": ""present"", ""value"": {""type"": ""direct""}}"
A1,KAGO_R36,leg_3.Q4_course_or_radial,Q4_course_or_radial,3,False,missing_leg_or_field,exact_status_value,null,"{""status"": ""not_applicable"", ""value"": null}"
A1,KAGO_R36,leg_3.Q5_hold_params,Q5_hold_params,3,False,missing_leg_or_field,degree_display_rounding,null,"{""status"": ""present"", ""value"": {""inbound_course_deg"": 180.8, ""leg_distance_nm"": 4.0, ""leg_time_min"": null, ""turn"": ""RIGHT""}}"
A1,KAGZ_R09,leg_1.Q4_course_or_radial,Q4_course_or_radial,1,False,status_not_applicable,degree_display_rounding,"{""status"": ""not_applicable"", ""value"": null}","{""status"": ""present"", ""value"": {""course_deg"": 89.7, ""type"": ""course_deg""}}"
A1,KAGZ_R09,leg_1.Q5_hold_params,Q5_hold_params,1,False,target_not_present_but_pred_present,exact_status_value,"{""status"": ""present"", ""value"": {""inbound_course_deg"": null, ""leg_distance_nm"": null, ""leg_time_min"": 1.0, ""turn"": ""RIGHT""}}","{""status"": ""not_applicable"", ""value"": null}"
A1,KAGZ_R09,leg_2.Q4_course_or_radial,Q4_course_or_radial,2,False,status_not_applicable,exact_status_value,"{""status"": ""not_applicable"", ""value"": null}","{""status"": ""present"", ""value"": {""type"": ""direct""}}"
A1,KAGZ_R09,leg_2.Q5_hold_params,Q5_hold_params,2,False,target_not_present_but_pred_present,exact_status_value,"{""status"": ""present"", ""value"": {""inbound_course_deg"": null, ""leg_distance_nm"": 8.0, ""leg_time_min"": null, ""turn"": ""RIGHT""}}","{""status"": ""not_applicable"", ""value"": null}"
A1,KAGZ_R09,leg_3.Q4_course_or_radial,Q4_course_or_radial,3,False,missing_leg_or_field,exact_status_value,null,"{""status"": ""not_applicable"", ""value"": null}"
A1,KAGZ_R09,leg_3.Q5_hold_params,Q5_hold_params,3,False,missing_leg_or_field,degree_display_rounding,null,"{""status"": ""present"", ""value"": {""inbound_course_deg"": 269.9, ""leg_distance_nm"": 4.0, ""leg_time_min"": null, ""turn"": ""RIGHT""}}"
A1,KAGZ_R27,leg_1.Q4_course_or_radial,Q4_course_or_radial,1,False,status_not_applicable,degree_display_rounding,"{""status"": ""not_applicable"", ""value"": null}","{""status"": ""present"", ""value"": {""course_deg"": 269.8, ""type"": ""course_deg""}}"
A1,KAGZ_R27,leg_1.Q5_hold_params,Q5_hold_params,1,False,target_not_present_but_pred_present,exact_status_value,"{""status"": ""present"", ""value"": {""inbound_course_deg"": null, ""leg_distance_nm"": null, ""leg_time_min"": 1.0, ""turn"": ""RIGHT""}}","{""status"": ""not_applicable"", ""value"": null}"
A1,KAGZ_R27,leg_2.Q4_course_or_radial,Q4_course_or_radial,2,False,status_not_applicable,exact_status_value,"{""status"": ""not_applicable"", ""value"": null}","{""status"": ""present"", ""value"": {""type"": ""direct""}}"
A1,KAGZ_R27,leg_2.Q5_hold_params,Q5_hold_params,2,False,target_not_present_but_pred_present,exact_status_value,"{""status"": ""present"", ""value"": {""inbound_course_deg"": null, ""leg_distance_nm"": 4.0, ""leg_time_min"": null, ""turn"": ""RIGHT""}}","{""status"": ""not_applicable"", ""value"": null}"
A1,KAGZ_R27,leg_3.Q4_course_or_radial,Q4_course_or_radial,3,False,missing_leg_or_field,exact_status_value,null,"{""status"": ""not_applicable"", ""value"": null}"
A1,KAGZ_R27,leg_3.Q5_hold_params,Q5_hold_params,3,False,missing_leg_or_field,degree_display_rounding,null,"{""status"": ""present"", ""value"": {""inbound_course_deg"": 89.6, ""leg_distance_nm"": 4.0, ""leg_time_min"": null, ""turn"": ""RIGHT""}}"
A1,KAHN_R02,leg_1.Q4_course_or_radial,Q4_course_or_radial,1,False,type_mismatch:direct->course_deg,degree_display_rounding,"{""status"": ""present"", ""value"": {""type"": ""direct""}}","{""status"": ""present"", ""value"": {""course_deg"": 26.8, ""type"": ""course_deg""}}"
A1,KAHN_R02,leg_2.Q4_course_or_radial,Q4_course_or_radial,2,False,status_not_applicable,exact_status_value,"{""status"": ""not_applicable"", ""value"": null}","{""status"": ""present"", ""value"": {""type"": ""direct""}}"
A1,KAHN_R02,leg_2.Q5_hold_params,Q5_hold_params,2,False,target_not_present_but_pred_present,exact_status_value,"{""status"": ""present"", ""value"": {""inbound_course_deg"": null, ""leg_distance_nm"": null, ""leg_time_min"": 1.0, ""turn"": ""RIGHT""}}","{""status"": ""not_applicable"", ""value"": null}"
A1,KAHN_R02,leg_3.Q4_course_or_radial,Q4_course_or_radial,3,False,missing_leg_or_field,exact_status_value,null,"{""status"": ""not_applicable"", ""value"": null}"
A1,KAHN_R02,leg_3.Q5_hold_params,Q5_hold_params,3,False,missing_leg_or_field,degree_display_rounding,null,"{""status"": ""present"", ""value"": {""inbound_course_deg"": 206.8, ""leg_distance_nm"": 4.0, ""leg_time_min"": null, ""turn"": ""RIGHT""}}"
A1,KAHN_R09,leg_1.Q4_course_or_radial,Q4_course_or_radial,1,False,type_mismatch:direct->course_deg,degree_display_rounding,"{""status"": ""present"", ""value"": {""type"": ""direct""}}","{""status"": ""present"", ""value"": {""course_deg"": 94.3, ""type"": ""course_deg""}}"
A1,KAHN_R09,leg_2.Q4_course_or_radial,Q4_course_or_radial,2,False,status_not_applicable,exact_status_value,"{""status"": ""not_applicable"", ""value"": null}","{""status"": ""present"", ""value"": {""type"": ""direct""}}"
A1,KAHN_R09,leg_2.Q5_hold_params,Q5_hold_params,2,False,target_not_present_but_pred_present,exact_status_value,"{""status"": ""present"", ""value"": {""inbound_course_deg"": null, ""leg_distance_nm"": null, ""leg_time_min"": 1.0, ""turn"": ""RIGHT""}}","{""status"": ""not_applicable"", ""value"": null}"
A1,KAHN_R09,leg_3.Q4_course_or_radial,Q4_course_or_radial,3,True,correct,exact_status_value,"{""status"": ""not_applicable"", ""value"": null}","{""status"": ""not_applicable"", ""value"": null}"
A1,KAHN_R09,leg_3.Q5_hold_params,Q5_hold_params,3,False,missing_inbound_course_deg,degree_display_rounding,"{""status"": ""present"", ""value"": {""inbound_course_deg"": null, ""leg_distance_nm"": null, ""leg_time_min"": 1.0, ""turn"": ""RIGHT""}}","{""status"": ""present"", ""value"": {""inbound_course_deg"": 274.5, ""leg_distance_nm"": 4.0, ""leg_time_min"": null, ""turn"": ""RIGHT""}}"
A1,KAHN_R20,leg_1.Q4_course_or_radial,Q4_course_or_radial,1,False,status_unknown,degree_display_rounding,"{""status"": ""unknown"", ""value"": null}","{""status"": ""present"", ""value"": {""course_deg"": 206.8, ""type"": ""course_deg""}}"
A1,KAHN_R20,leg_2.Q4_course_or_radial,Q4_course_or_radial,2,False,status_not_applicable,exact_status_value,"{""status"": ""not_applicable"", ""value"": null}","{""status"": ""present"", ""value"": {""type"": ""direct""}}"
A1,KAHN_R20,leg_2.Q5_hold_params,Q5_hold_params,2,False,target_not_present_but_pred_present,exact_status_value,"{""status"": ""present"", ""value"": {""inbound_course_deg"": null, ""leg_distance_nm"": null, ""leg_time_min"": 1.0, ""turn"": ""RIGHT""}}","{""status"": ""not_applicable"", ""value"": null}"
A1,KAHN_R20,leg_3.Q4_course_or_radial,Q4_course_or_radial,3,False,missing_leg_or_field,exact_status_value,null,"{""status"": ""not_applicable"", ""value"": null}"
A1,KAHN_R20,leg_3.Q5_hold_params,Q5_hold_params,3,False,missing_leg_or_field,degree_display_rounding,null,"{""status"": ""present"", ""value"": {""inbound_course_deg"": 206.8, ""leg_distance_nm"": 4.0, ""leg_time_min"": null, ""turn"": ""RIGHT""}}"
A1,KAIA_R08,leg_1.Q4_course_or_radial,Q4_course_or_radial,1,False,status_not_applicable,degree_display_rounding,"{""status"": ""not_applicable"", ""value"": null}","{""status"": ""present"", ""value"": {""course_deg"": 82.2, ""type"": ""course_deg""}}"
A1,KAIA_R08,leg_1.Q5_hold_params,Q5_hold_params,1,False,target_not_present_but_pred_present,exact_status_value,"{""status"": ""present"", ""value"": {""inbound_course_deg"": null, ""leg_distance_nm"": null, ""leg_time_min"": 1.0, ""turn"": ""RIGHT""}}","{""status"": ""not_applicable"", ""value"": null}"
A1,KAIA_R08,leg_2.Q4_course_or_radial,Q4_course_or_radial,2,False,status_not_applicable,exact_status_value,"{""status"": ""not_applicable"", ""value"": null}","{""status"": ""present"", ""value"": {""type"": ""direct""}}"
A1,KAIA_R08,leg_2.Q5_hold_params,Q5_hold_params,2,False,target_not_present_but_pred_present,exact_status_value,"{""status"": ""present"", ""value"": {""inbound_course_deg"": null, ""leg_distance_nm"": null, ""leg_time_min"": 1.0, ""turn"": ""RIGHT""}}","{""status"": ""not_applicable"", ""value"": null}"
A1,KAIA_R08,leg_3.Q4_course_or_radial,Q4_course_or_radial,3,False,missing_leg_or_field,exact_status_value,null,"{""status"": ""not_applicable"", ""value"": null}"
A1,KAIA_R08,leg_3.Q5_hold_params,Q5_hold_params,3,False,missing_leg_or_field,degree_display_rounding,null,"{""status"": ""present"", ""value"": {""inbound_course_deg"": 262.5, ""leg_distance_nm"": 5.0, ""leg_time_min"": null, ""turn"": ""RIGHT""}}"
A1,KAIA_R12,leg_1.Q4_course_or_radial,Q4_course_or_radial,1,False,status_not_applicable,degree_display_rounding,"{""status"": ""not_applicable"", ""value"": null}","{""status"": ""present"", ""value"": {""course_deg"": 127.2, ""type"": ""course_deg""}}"
A1,KAIA_R12,leg_1.Q5_hold_params,Q5_hold_params,1,False,target_not_present_but_pred_present,exact_status_value,"{""status"": ""present"", ""value"": {""inbound_course_deg"": null, ""leg_distance_nm"": null, ""leg_time_min"": 1.0, ""turn"": ""RIGHT""}}","{""status"": ""not_applicable"", ""value"": null}"
A1,KAIA_R12,leg_2.Q4_course_or_radial,Q4_course_or_radial,2,False,status_not_applicable,exact_status_value,"{""status"": ""not_applicable"", ""value"": null}","{""status"": ""present"", ""value"": {""type"": ""direct""}}"
A1,KAIA_R12,leg_2.Q5_hold_params,Q5_hold_params,2,False,target_not_present_but_pred_present,exact_status_value,"{""status"": ""present"", ""value"": {""inbound_course_deg"": null, ""leg_distance_nm"": 5.0, ""leg_time_min"": null, ""turn"": ""RIGHT""}}","{""status"": ""not_applicable"", ""value"": null}"
A1,KAIA_R12,leg_3.Q4_course_or_radial,Q4_course_or_radial,3,False,missing_leg_or_field,exact_status_value,null,"{""status"": ""not_applicable"", ""value"": null}"
A1,KAIA_R12,leg_3.Q5_hold_params,Q5_hold_params,3,False,missing_leg_or_field,degree_display_rounding,null,"{""status"": ""present"", ""value"": {""inbound_course_deg"": 307.4, ""leg_distance_nm"": 7.0, ""leg_time_min"": null, ""turn"": ""RIGHT""}}"
A1,KAIA_R26,leg_1.Q4_course_or_radial,Q4_course_or_radial,1,False,status_not_applicable,degree_display_rounding,"{""status"": ""not_applicable"", ""value"": null}","{""status"": ""present"", ""value"": {""course_deg"": 262.4, ""type"": ""course_deg""}}"
A1,KAIA_R26,leg_1.Q5_hold_params,Q5_hold_params,1,False,target_not_present_but_pred_present,exact_status_value,"{""status"": ""present"", ""value"": {""inbound_course_deg"": null, ""leg_distance_nm"": null, ""leg_time_min"": 1.0, ""turn"": ""RIGHT""}}","{""status"": ""not_applicable"", ""value"": null}"
A1,KAIA_R26,leg_2.Q4_course_or_radial,Q4_course_or_radial,2,False,status_not_applicable,exact_status_value,"{""status"": ""not_applicable"", ""value"": null}","{""status"": ""present"", ""value"": {""type"": ""direct""}}"
A1,KAIA_R26,leg_2.Q5_hold_params,Q5_hold_params,2,False,target_not_present_but_pred_present,exact_status_value,"{""status"": ""present"", ""value"": {""inbound_course_deg"": null, ""leg_distance_nm"": 5.0, ""leg_time_min"": null, ""turn"": ""RIGHT""}}","{""status"": ""not_applicable"", ""value"": null}"
A1,KAIA_R26,leg_3.Q4_course_or_radial,Q4_course_or_radial,3,False,missing_leg_or_field,exact_status_value,null,"{""status"": ""not_applicable"", ""value"": null}"
A1,KAIA_R26,leg_3.Q5_hold_params,Q5_hold_params,3,False,missing_leg_or_field,degree_display_rounding,null,"{""status"": ""present"", ""value"": {""inbound_course_deg"": 82.1, ""leg_distance_nm"": 5.0, ""leg_time_min"": null, ""turn"": ""RIGHT""}}"
A1,KAIG_R09,leg_1.Q4_course_or_radial,Q4_course_or_radial,1,False,type_mismatch:direct->course_deg,degree_display_rounding,"{""status"": ""present"", ""value"": {""type"": ""direct""}}","{""status"": ""present"", ""value"": {""course_deg"": 85.0, ""type"": ""course_deg""}}"
A1,KAIG_R09,leg_2.Q4_course_or_radial,Q4_course_or_radial,2,False,status_not_applicable,exact_status_value,"{""status"": ""not_applicable"", ""value"": null}","{""status"": ""present"", ""value"": {""type"": ""direct""}}"
A1,KAIG_R09,leg_2.Q5_hold_params,Q5_hold_params,2,False,target_not_present_but_pred_present,exact_status_value,"{""status"": ""present"", ""value"": {""inbound_course_deg"": null, ""leg_distance_nm"": null, ""leg_time_min"": 1.0, ""turn"": ""RIGHT""}}","{""status"": ""not_applicable"", ""value"": null}"
A1,KAIG_R09,leg_3.Q4_course_or_radial,Q4_course_or_radial,3,True,correct,exact_status_value,"{""status"": ""not_applicable"", ""value"": null}","{""status"": ""not_applicable"", ""value"": null}"
A1,KAIG_R09,leg_3.Q5_hold_params,Q5_hold_params,3,False,missing_inbound_course_deg,degree_display_rounding,"{""status"": ""present"", ""value"": {""inbound_course_deg"": null, ""leg_distance_nm"": 4.0, ""leg_time_min"": null, ""turn"": ""RIGHT""}}","{""status"": ""present"", ""value"": {""inbound_course_deg"": 265.3, ""leg_distance_nm"": 4.0, ""leg_time_min"": null, ""turn"": ""RIGHT""}}"
A1,KAIG_R17,leg_1.Q4_course_or_radial,Q4_course_or_radial,1,False,type_mismatch:direct->course_deg,degree_display_rounding,"{""status"": ""present"", ""value"": {""type"": ""direct""}}","{""status"": ""present"", ""value"": {""course_deg"": 166.1, ""type"": ""course_deg""}}"
A1,KAIG_R17,leg_2.Q4_course_or_radial,Q4_course_or_radial,2,False,status_not_applicable,exact_status_value,"{""status"": ""not_applicable"", ""value"": null}","{""status"": ""present"", ""value"": {""type"": ""direct""}}"
A1,KAIG_R17,leg_2.Q5_hold_params,Q5_hold_params,2,False,target_not_present_but_pred_present,exact_status_value,"{""status"": ""present"", ""value"": {""inbound_course_deg"": null, ""leg_distance_nm"": null, ""leg_time_min"": 1.0, ""turn"": ""RIGHT""}}","{""status"": ""not_applicable"", ""value"": null}"
A1,KAIG_R17,leg_3.Q4_course_or_radial,Q4_course_or_radial,3,False,missing_leg_or_field,exact_status_value,null,"{""status"": ""not_applicable"", ""value"": null}"
A1,KAIG_R17,leg_3.Q5_hold_params,Q5_hold_params,3,False,missing_leg_or_field,degree_display_rounding,null,"{""status"": ""present"", ""value"": {""inbound_course_deg"": 346.2, ""leg_distance_nm"": 4.0, ""leg_time_min"": null, ""turn"": ""RIGHT""}}"
A1,KAIG_R27,leg_1.Q4_course_or_radial,Q4_course_or_radial,1,False,status_unknown,degree_display_rounding,"{""status"": ""unknown"", ""value"": null}","{""status"": ""present"", ""value"": {""course_deg"": 265.2, ""type"": ""course_deg""}}"
A1,KAIG_R27,leg_2.Q4_course_or_radial,Q4_course_or_radial,2,False,status_not_applicable,exact_status_value,"{""status"": ""not_applicable"", ""value"": null}","{""status"": ""present"", ""value"": {""type"": ""direct""}}"
A1,KAIG_R27,leg_2.Q5_hold_params,Q5_hold_params,2,False,target_not_present_but_pred_present,exact_status_value,"{""status"": ""present"", ""value"": {""inbound_course_deg"": null, ""leg_distance_nm"": null, ""leg_time_min"": 1.0, ""turn"": ""RIGHT""}}","{""status"": ""not_applicable"", ""value"": null}"
A1,KAIG_R27,leg_3.Q4_course_or_radial,Q4_course_or_radial,3,True,correct,exact_status_value,"{""status"": ""not_applicable"", ""value"": null}","{""status"": ""not_applicable"", ""value"": null}"
A1,KAIG_R27,leg_3.Q5_hold_params,Q5_hold_params,3,False,missing_inbound_course_deg,degree_display_rounding,"{""status"": ""present"", ""value"": {""inbound_course_deg"": null, ""leg_distance_nm"": 4.0, ""leg_time_min"": null, ""turn"": ""RIGHT""}}","{""status"": ""present"", ""value"": {""inbound_course_deg"": 84.9, ""leg_distance_nm"": 4.0, ""leg_time_min"": null, ""turn"": ""RIGHT""}}"
A1,KAIK_R07,leg_1.Q4_course_or_radial,Q4_course_or_radial,1,False,status_unknown,degree_display_rounding,"{""status"": ""unknown"", ""value"": null}","{""status"": ""present"", ""value"": {""course_deg"": 66.3, ""type"": ""course_deg""}}"
A1,KAIK_R07,leg_2.Q4_course_or_radial,Q4_course_or_radial,2,False,status_not_applicable,exact_status_value,"{""status"": ""not_applicable"", ""value"": null}","{""status"": ""present"", ""value"": {""type"": ""direct""}}"
A1,KAIK_R07,leg_2.Q5_hold_params,Q5_hold_params,2,False,target_not_present_but_pred_present,exact_status_value,"{""status"": ""present"", ""value"": {""inbound_course_deg"": null, ""leg_distance_nm"": null, ""leg_time_min"": 1.0, ""turn"": ""RIGHT""}}","{""status"": ""not_applicable"", ""value"": null}"
A1,KAIK_R07,leg_3.Q4_course_or_radial,Q4_course_or_radial,3,False,missing_leg_or_field,exact_status_value,null,"{""status"": ""not_applicable"", ""value"": null}"
A1,KAIK_R07,leg_3.Q5_hold_params,Q5_hold_params,3,False,missing_leg_or_field,degree_display_rounding,null,"{""status"": ""present"", ""value"": {""inbound_course_deg"": 246.5, ""leg_distance_nm"": 4.0, ""leg_time_min"": null, ""turn"": ""RIGHT""}}"
A1,KAIK_R25,leg_1.Q4_course_or_radial,Q4_course_or_radial,1,False,type_mismatch:direct->course_deg,degree_display_rounding,"{""status"": ""present"", ""value"": {""type"": ""direct""}}","{""status"": ""present"", ""value"": {""course_deg"": 246.4, ""type"": ""course_deg""}}"
A1,KAIK_R25,leg_2.Q4_course_or_radial,Q4_course_or_radial,2,False,status_not_applicable,exact_status_value,"{""status"": ""not_applicable"", ""value"": null}","{""status"": ""present"", ""value"": {""type"": ""direct""}}"
A1,KAIK_R25,leg_2.Q5_hold_params,Q5_hold_params,2,False,target_not_present_but_pred_present,exact_status_value,"{""status"": ""present"", ""value"": {""inbound_course_deg"": null, ""leg_distance_nm"": null, ""leg_time_min"": 1.0, ""turn"": ""RIGHT""}}","{""status"": ""not_applicable"", ""value"": null}"
A1,KAIK_R25,leg_3.Q4_course_or_radial,Q4_course_or_radial,3,False,missing_leg_or_field,exact_status_value,null,"{""status"": ""not_applicable"", ""value"": null}"
A1,KAIK_R25,leg_3.Q5_hold_params,Q5_hold_params,3,False,missing_leg_or_field,degree_display_rounding,null,"{""status"": ""present"", ""value"": {""inbound_course_deg"": 66.2, ""leg_distance_nm"": 4.0, ""leg_time_min"": null, ""turn"": ""RIGHT""}}"
A1,KAIO_R02,leg_1.Q4_course_or_radial,Q4_course_or_radial,1,False,type_mismatch:direct->course_deg,degree_display_rounding,"{""status"": ""present"", ""value"": {""type"": ""direct""}}","{""status"": ""present"", ""value"": {""course_deg"": 17.8, ""type"": ""course_deg""}}"
A1,KAIO_R02,leg_2.Q4_course_or_radial,Q4_course_or_radial,2,False,status_not_applicable,exact_status_value,"{""status"": ""not_applicable"", ""value"": null}","{""status"": ""present"", ""value"": {""type"": ""direct""}}"
A1,KAIO_R02,leg_2.Q5_hold_params,Q5_hold_params,2,False,target_not_present_but_pred_present,exact_status_value,"{""status"": ""present"", ""value"": {""inbound_course_deg"": null, ""leg_distance_nm"": null, ""leg_time_min"": 1.0, ""turn"": ""RIGHT""}}","{""status"": ""not_applicable"", ""value"": null}"
A1,KAIO_R02,leg_3.Q4_course_or_radial,Q4_course_or_radial,3,False,missing_leg_or_field,exact_status_value,null,"{""status"": ""not_applicable"", ""value"": null}"
A1,KAIO_R02,leg_3.Q5_hold_params,Q5_hold_params,3,False,missing_leg_or_field,degree_display_rounding,null,"{""status"": ""present"", ""value"": {""inbound_course_deg"": 197.9, ""leg_distance_nm"": 4.0, ""leg_time_min"": null, ""turn"": ""RIGHT""}}"
A1,KAIO_R20,leg_1.Q4_course_or_radial,Q4_course_or_radial,1,False,type_mismatch:direct->course_deg,degree_display_rounding,"{""status"": ""present"", ""value"": {""type"": ""direct""}}","{""status"": ""present"", ""value"": {""course_deg"": 197.8, ""type"": ""course_deg""}}"
A1,KAIO_R20,leg_2.Q4_course_or_radial,Q4_course_or_radial,2,False,status_not_applicable,exact_status_value,"{""status"": ""not_applicable"", ""value"": null}","{""status"": ""present"", ""value"": {""type"": ""direct""}}"
A1,KAIO_R20,leg_2.Q5_hold_params,Q5_hold_params,2,False,target_not_present_but_pred_present,exact_status_value,"{""status"": ""present"", ""value"": {""inbound_course_deg"": null, ""leg_distance_nm"": null, ""leg_time_min"": 1.0, ""turn"": ""RIGHT""}}","{""status"": ""not_applicable"", ""value"": null}"
A1,KAIO_R20,leg_3.Q4_course_or_radial,Q4_course_or_radial,3,True,correct,exact_status_value,"{""status"": ""not_applicable"", ""value"": null}","{""status"": ""not_applicable"", ""value"": null}"
A1,KAIO_R20,leg_3.Q5_hold_params,Q5_hold_params,3,False,missing_inbound_course_deg,degree_display_rounding,"{""status"": ""present"", ""value"": {""inbound_course_deg"": null, ""leg_distance_nm"": 4.0, ""leg_time_min"": null, ""turn"": ""RIGHT""}}","{""status"": ""present"", ""value"": {""inbound_course_deg"": 17.7, ""leg_distance_nm"": 4.0, ""leg_time_min"": null, ""turn"": ""RIGHT""}}"
A1,KAIT_R16,leg_1.Q4_course_or_radial,Q4_course_or_radial,1,False,type_mismatch:direct->course_deg,degree_display_rounding,"{""status"": ""present"", ""value"": {""type"": ""direct""}}","{""status"": ""present"", ""value"": {""course_deg"": 164.4, ""type"": ""course_deg""}}"
A1,KAIT_R16,leg_2.Q4_course_or_radial,Q4_course_or_radial,2,False,status_not_applicable,exact_status_value,"{""status"": ""not_applicable"", ""value"": null}","{""status"": ""present"", ""value"": {""type"": ""direct""}}"
A1,KAIT_R16,leg_2.Q5_hold_params,Q5_hold_params,2,False,target_not_present_but_pred_present,exact_status_value,"{""status"": ""present"", ""value"": {""inbound_course_deg"": null, ""leg_distance_nm"": null, ""leg_time_min"": 1.0, ""turn"": ""RIGHT""}}","{""status"": ""not_applicable"", ""value"": null}"
A1,KAIT_R16,leg_3.Q4_course_or_radial,Q4_course_or_radial,3,False,missing_leg_or_field,exact_status_value,null,"{""status"": ""not_applicable"", ""value"": null}"
A1,KAIT_R16,leg_3.Q5_hold_params,Q5_hold_params,3,False,missing_leg_or_field,degree_display_rounding,null,"{""status"": ""present"", ""value"": {""inbound_course_deg"": 344.5, ""leg_distance_nm"": 4.0, ""leg_time_min"": null, ""turn"": ""RIGHT""}}"
A1,KAIT_R34,leg_1.Q4_course_or_radial,Q4_course_or_radial,1,False,type_mismatch:direct->course_deg,degree_display_rounding,"{""status"": ""present"", ""value"": {""type"": ""direct""}}","{""status"": ""present"", ""value"": {""course_deg"": 344.5, ""type"": ""course_deg""}}"
A1,KAIT_R34,leg_2.Q4_course_or_radial,Q4_course_or_radial,2,False,status_not_applicable,exact_status_value,"{""status"": ""not_applicable"", ""value"": null}","{""status"": ""present"", ""value"": {""type"": ""direct""}}"
A1,KAIT_R34,leg_2.Q5_hold_params,Q5_hold_params,2,False,target_not_present_but_pred_present,exact_status_value,"{""status"": ""present"", ""value"": {""inbound_course_deg"": null, ""leg_distance_nm"": null, ""leg_time_min"": 1.0, ""turn"": ""RIGHT""}}","{""status"": ""not_applicable"", ""value"": null}"
A1,KAIT_R34,leg_3.Q4_course_or_radial,Q4_course_or_radial,3,True,correct,exact_status_value,"{""status"": ""not_applicable"", ""value"": null}","{""status"": ""not_applicable"", ""value"": null}"
A1,KAIT_R34,leg_3.Q5_hold_params,Q5_hold_params,3,False,missing_inbound_course_deg,degree_display_rounding,"{""status"": ""present"", ""value"": {""inbound_course_deg"": null, ""leg_distance_nm"": 8.0, ""leg_time_min"": null, ""turn"": ""RIGHT""}}","{""status"": ""present"", ""value"": {""inbound_course_deg"": 164.4, ""leg_distance_nm"": 4.0, ""leg_time_min"": null, ""turn"": ""LEFT""}}"
A1,KAIV_R06,leg_1.Q4_course_or_radial,Q4_course_or_radial,1,False,type_mismatch:direct->course_deg,degree_display_rounding,"{""status"": ""present"", ""value"": {""type"": ""direct""}}","{""status"": ""present"", ""value"": {""course_deg"": 63.6, ""type"": ""course_deg""}}"
A1,KAIV_R06,leg_2.Q4_course_or_radial,Q4_course_or_radial,2,False,status_not_applicable,exact_status_value,"{""status"": ""not_applicable"", ""value"": null}","{""status"": ""present"", ""value"": {""type"": ""direct""}}"
A1,KAIV_R06,leg_2.Q5_hold_params,Q5_hold_params,2,False,target_not_present_but_pred_present,exact_status_value,"{""status"": ""present"", ""value"": {""inbound_course_deg"": null, ""leg_distance_nm"": null, ""leg_time_min"": 1.0, ""turn"": ""RIGHT""}}","{""status"": ""not_applicable"", ""value"": null}"
A1,KAIV_R06,leg_3.Q4_course_or_radial,Q4_course_or_radial,3,True,correct,exact_status_value,"{""status"": ""not_applicable"", ""value"": null}","{""status"": ""not_applicable"", ""value"": null}"
A1,KAIV_R06,leg_3.Q5_hold_params,Q5_hold_params,3,False,missing_inbound_course_deg,degree_display_rounding,"{""status"": ""present"", ""value"": {""inbound_course_deg"": null, ""leg_distance_nm"": 4.0, ""leg_time_min"": null, ""turn"": ""RIGHT""}}","{""status"": ""present"", ""value"": {""inbound_course_deg"": 243.8, ""leg_distance_nm"": 4.0, ""leg_time_min"": null, ""turn"": ""RIGHT""}}"
A1,KAIV_R24,leg_1.Q4_course_or_radial,Q4_course_or_radial,1,False,status_not_applicable,degree_display_rounding,"{""status"": ""not_applicable"", ""value"": null}","{""status"": ""present"", ""value"": {""course_deg"": 243.7, ""type"": ""course_deg""}}"
A1,KAIV_R24,leg_1.Q5_hold_params,Q5_hold_params,1,False,target_not_present_but_pred_present,exact_status_value,"{""status"": ""present"", ""value"": {""inbound_course_deg"": null, ""leg_distance_nm"": null, ""leg_time_min"": 1.0, ""turn"": ""RIGHT""}}","{""status"": ""not_applicable"", ""value"": null}"
A1,KAIV_R24,leg_2.Q4_course_or_radial,Q4_course_or_radial,2,False,status_not_applicable,exact_status_value,"{""status"": ""not_applicable"", ""value"": null}","{""status"": ""present"", ""value"": {""type"": ""direct""}}"
A1,KAIV_R24,leg_2.Q5_hold_params,Q5_hold_params,2,False,target_not_present_but_pred_present,exact_status_value,"{""status"": ""present"", ""value"": {""inbound_course_deg"": null, ""leg_distance_nm"": 4.0, ""leg_time_min"": null, ""turn"": ""RIGHT""}}","{""status"": ""not_applicable"", ""value"": null}"
A1,KAIV_R24,leg_3.Q4_course_or_radial,Q4_course_or_radial,3,False,missing_leg_or_field,exact_status_value,null,"{""status"": ""not_applicable"", ""value"": null}"
A1,KAIV_R24,leg_3.Q5_hold_params,Q5_hold_params,3,False,missing_leg_or_field,degree_display_rounding,null,"{""status"": ""present"", ""value"": {""inbound_course_deg"": 63.5, ""leg_distance_nm"": 4.0, ""leg_time_min"": null, ""turn"": ""RIGHT""}}"
A1,KAIZ_R04,leg_1.Q4_course_or_radial,Q4_course_or_radial,1,False,status_unknown,degree_display_rounding,"{""status"": ""unknown"", ""value"": null}","{""status"": ""present"", ""value"": {""course_deg"": 37.0, ""type"": ""course_deg""}}"
A1,KAIZ_R04,leg_2.Q4_course_or_radial,Q4_course_or_radial,2,False,status_not_applicable,exact_status_value,"{""status"": ""not_applicable"", ""value"": null}","{""status"": ""present"", ""value"": {""type"": ""direct""}}"
A1,KAIZ_R04,leg_2.Q5_hold_params,Q5_hold_params,2,False,target_not_present_but_pred_present,exact_status_value,"{""status"": ""present"", ""value"": {""inbound_course_deg"": null, ""leg_distance_nm"": null, ""leg_time_min"": 1.0, ""turn"": ""RIGHT""}}","{""status"": ""not_applicable"", ""value"": null}"
A1,KAIZ_R04,leg_3.Q4_course_or_radial,Q4_course_or_radial,3,True,correct,exact_status_value,"{""status"": ""not_applicable"", ""value"": null}","{""status"": ""not_applicable"", ""value"": null}"
A1,KAIZ_R04,leg_3.Q5_hold_params,Q5_hold_params,3,False,missing_inbound_course_deg,degree_display_rounding,"{""status"": ""present"", ""value"": {""inbound_course_deg"": null, ""leg_distance_nm"": 4.0, ""leg_time_min"": null, ""turn"": ""RIGHT""}}","{""status"": ""present"", ""value"": {""inbound_course_deg"": 217.2, ""leg_distance_nm"": 4.0, ""leg_time_min"": null, ""turn"": ""RIGHT""}}"
A1,KAIZ_R22,leg_1.Q4_course_or_radial,Q4_course_or_radial,1,False,status_unknown,degree_display_rounding,"{""status"": ""unknown"", ""value"": null}","{""status"": ""present"", ""value"": {""course_deg"": 217.1, ""type"": ""course_deg""}}"
A1,KAIZ_R22,leg_2.Q4_course_or_radial,Q4_course_or_radial,2,False,status_not_applicable,exact_status_value,"{""status"": ""not_applicable"", ""value"": null}","{""status"": ""present"", ""value"": {""type"": ""direct""}}"
A1,KAIZ_R22,leg_2.Q5_hold_params,Q5_hold_params,2,False,target_not_present_but_pred_present,exact_status_value,"{""status"": ""present"", ""value"": {""inbound_course_deg"": null, ""leg_distance_nm"": null, ""leg_time_min"": 1.0, ""turn"": ""RIGHT""}}","{""status"": ""not_applicable"", ""value"": null}"
A1,KAIZ_R22,leg_3.Q4_course_or_radial,Q4_course_or_radial,3,False,missing_leg_or_field,exact_status_value,null,"{""status"": ""not_applicable"", ""value"": null}"
A1,KAIZ_R22,leg_3.Q5_hold_params,Q5_hold_params,3,False,missing_leg_or_field,exact_status_value,null,"{""status"": ""present"", ""value"": {""inbound_course_deg"": 37.0, ""leg_distance_nm"": 4.0, ""leg_time_min"": null, ""turn"": ""RIGHT""}}"
A1,KAJR_R06,leg_1.Q4_course_or_radial,Q4_course_or_radial,1,False,status_unknown,degree_display_rounding,"{""status"": ""unknown"", ""value"": null}","{""status"": ""present"", ""value"": {""course_deg"": 62.9, ""type"": ""course_deg""}}"
A1,KAJR_R06,leg_2.Q4_course_or_radial,Q4_course_or_radial,2,False,status_not_applicable,exact_status_value,"{""status"": ""not_applicable"", ""value"": null}","{""status"": ""present"", ""value"": {""type"": ""direct""}}"
A1,KAJR_R06,leg_2.Q5_hold_params,Q5_hold_params,2,False,target_not_present_but_pred_present,exact_status_value,"{""status"": ""present"", ""value"": {""inbound_course_deg"": null, ""leg_distance_nm"": null, ""leg_time_min"": 1.0, ""turn"": ""RIGHT""}}","{""status"": ""not_applicable"", ""value"": null}"
A1,KAJR_R06,leg_3.Q4_course_or_radial,Q4_course_or_radial,3,True,correct,exact_status_value,"{""status"": ""not_applicable"", ""value"": null}","{""status"": ""not_applicable"", ""value"": null}"
A1,KAJR_R06,leg_3.Q5_hold_params,Q5_hold_params,3,False,missing_inbound_course_deg,degree_display_rounding,"{""status"": ""present"", ""value"": {""inbound_course_deg"": null, ""leg_distance_nm"": 5.0, ""leg_time_min"": null, ""turn"": ""RIGHT""}}","{""status"": ""present"", ""value"": {""inbound_course_deg"": 62.9, ""leg_distance_nm"": 5.0, ""leg_time_min"": null, ""turn"": ""RIGHT""}}"
A1,KAJR_R24,leg_1.Q4_course_or_radial,Q4_course_or_radial,1,False,status_not_applicable,degree_display_rounding,"{""status"": ""not_applicable"", ""value"": null}","{""status"": ""present"", ""value"": {""course_deg"": 245.8, ""type"": ""course_deg""}}"
A1,KAJR_R24,leg_1.Q5_hold_params,Q5_hold_params,1,False,target_not_present_but_pred_present,exact_status_value,"{""status"": ""present"", ""value"": {""inbound_course_deg"": null, ""leg_distance_nm"": null, ""leg_time_min"": 1.0, ""turn"": ""RIGHT""}}","{""status"": ""not_applicable"", ""value"": null}"
A1,KAJR_R24,leg_2.Q4_course_or_radial,Q4_course_or_radial,2,False,status_not_applicable,exact_status_value,"{""status"": ""not_applicable"", ""value"": null}","{""status"": ""present"", ""value"": {""type"": ""direct""}}"
A1,KAJR_R24,leg_2.Q5_hold_params,Q5_hold_params,2,False,target_not_present_but_pred_present,exact_status_value,"{""status"": ""present"", ""value"": {""inbound_course_deg"": null, ""leg_distance_nm"": null, ""leg_time_min"": 1.0, ""turn"": ""RIGHT""}}","{""status"": ""not_applicable"", ""value"": null}"
A1,KAJR_R24,leg_3.Q4_course_or_radial,Q4_course_or_radial,3,False,status_unknown,exact_status_value,"{""status"": ""unknown"", ""value"": null}","{""status"": ""not_applicable"", ""value"": null}"
A1,KAJR_R24,leg_3.Q5_hold_params,Q5_hold_params,3,False,status_not_applicable,degree_display_rounding,"{""status"": ""not_applicable"", ""value"": null}","{""status"": ""present"", ""value"": {""inbound_course_deg"": 62.9, ""leg_distance_nm"": 5.0, ""leg_time_min"": null, ""turn"": ""RIGHT""}}"
A1,KAKH_R03,leg_1.Q4_course_or_radial,Q4_course_or_radial,1,False,type_mismatch:direct->course_deg,degree_display_rounding,"{""status"": ""present"", ""value"": {""type"": ""direct""}}","{""status"": ""present"", ""value"": {""course_deg"": 34.3, ""type"": ""course_deg""}}"
A1,KAKH_R03,leg_2.Q4_course_or_radial,Q4_course_or_radial,2,False,status_not_applicable,exact_status_value,"{""status"": ""not_applicable"", ""value"": null}","{""status"": ""present"", ""value"": {""type"": ""direct""}}"
A1,KAKH_R03,leg_2.Q5_hold_params,Q5_hold_params,2,False,target_not_present_but_pred_present,exact_status_value,"{""status"": ""present"", ""value"": {""inbound_course_deg"": null, ""leg_distance_nm"": null, ""leg_time_min"": 1.0, ""turn"": ""RIGHT""}}","{""status"": ""not_applicable"", ""value"": null}"
A1,KAKH_R03,leg_3.Q4_course_or_radial,Q4_course_or_radial,3,False,missing_leg_or_field,exact_status_value,null,"{""status"": ""not_applicable"", ""value"": null}"
A1,KAKH_R03,leg_4.Q4_course_or_radial,Q4_course_or_radial,4,False,missing_leg_or_field,exact_status_value,null,"{""status"": ""not_applicable"", ""value"": null}"
A1,KAKH_R03,leg_5.Q4_course_or_radial,Q4_course_or_radial,5,False,missing_leg_or_field,exact_status_value,null,"{""status"": ""not_applicable"", ""value"": null}"
A1,KAKH_R03,leg_5.Q5_hold_params,Q5_hold_params,5,False,missing_leg_or_field,degree_display_rounding,null,"{""status"": ""present"", ""value"": {""inbound_course_deg"": 260.7, ""leg_distance_nm"": 4.0, ""leg_time_min"": null, ""turn"": ""RIGHT""}}"
A1,KAKH_R21,leg_1.Q4_course_or_radial,Q4_course_or_radial,1,False,type_mismatch:direct->course_deg,degree_display_rounding,"{""status"": ""present"", ""value"": {""type"": ""direct""}}","{""status"": ""present"", ""value"": {""course_deg"": 214.4, ""type"": ""course_deg""}}"
A1,KAKH_R21,leg_2.Q4_course_or_radial,Q4_course_or_radial,2,False,status_not_applicable,exact_status_value,"{""status"": ""not_applicable"", ""value"": null}","{""status"": ""present"", ""value"": {""type"": ""direct""}}"
A1,KAKH_R21,leg_2.Q5_hold_params,Q5_hold_params,2,False,target_not_present_but_pred_present,exact_status_value,"{""status"": ""present"", ""value"": {""inbound_course_deg"": null, ""leg_distance_nm"": null, ""leg_time_min"": 1.0, ""turn"": ""RIGHT""}}","{""status"": ""not_applicable"", ""value"": null}"
A1,KAKH_R21,leg_3.Q4_course_or_radial,Q4_course_or_radial,3,False,missing_leg_or_field,exact_status_value,null,"{""status"": ""not_applicable"", ""value"": null}"
A1,KAKH_R21,leg_4.Q4_course_or_radial,Q4_course_or_radial,4,False,missing_leg_or_field,exact_status_value,null,"{""status"": ""not_applicable"", ""value"": null}"
A1,KAKH_R21,leg_4.Q5_hold_params,Q5_hold_params,4,False,missing_leg_or_field,degree_display_rounding,null,"{""status"": ""present"", ""value"": {""inbound_course_deg"": 260.7, ""leg_distance_nm"": 4.0, ""leg_time_min"": null, ""turn"": ""RIGHT""}}"
A1,KAKO_R11,leg_1.Q4_course_or_radial,Q4_course_or_radial,1,False,status_unknown,degree_display_rounding,"{""status"": ""unknown"", ""value"": null}","{""status"": ""present"", ""value"": {""course_deg"": 109.3, ""type"": ""course_deg""}}"
A1,KAKO_R11,leg_2.Q4_course_or_radial,Q4_course_or_radial,2,False,status_not_applicable,exact_status_value,"{""status"": ""not_applicable"", ""value"": null}","{""status"": ""present"", ""value"": {""type"": ""direct""}}"
A1,KAKO_R11,leg_2.Q5_hold_params,Q5_hold_params,2,False,target_not_present_but_pred_present,exact_status_value,"{""status"": ""present"", ""value"": {""inbound_course_deg"": null, ""leg_distance_nm"": null, ""leg_time_min"": 1.0, ""turn"": ""RIGHT""}}","{""status"": ""not_applicable"", ""value"": null}"
A1,KAKO_R11,leg_3.Q4_course_or_radial,Q4_course_or_radial,3,True,correct,exact_status_value,"{""status"": ""not_applicable"", ""value"": null}","{""status"": ""not_applicable"", ""value"": null}"
A1,KAKO_R11,leg_3.Q5_hold_params,Q5_hold_params,3,False,missing_inbound_course_deg,degree_display_rounding,"{""status"": ""present"", ""value"": {""inbound_course_deg"": null, ""leg_distance_nm"": 7.0, ""leg_time_min"": null, ""turn"": ""RIGHT""}}","{""status"": ""present"", ""value"": {""inbound_course_deg"": 289.5, ""leg_distance_nm"": 7.0, ""leg_time_min"": null, ""turn"": ""RIGHT""}}"
A1,KAKO_R29,leg_1.Q4_course_or_radial,Q4_course_or_radial,1,False,status_not_applicable,degree_display_rounding,"{""status"": ""not_applicable"", ""value"": null}","{""status"": ""present"", ""value"": {""course_deg"": 289.4, ""type"": ""course_deg""}}"
A1,KAKO_R29,leg_1.Q5_hold_params,Q5_hold_params,1,False,target_not_present_but_pred_present,exact_status_value,"{""status"": ""present"", ""value"": {""inbound_course_deg"": null, ""leg_distance_nm"": null, ""leg_time_min"": 1.0, ""turn"": ""RIGHT""}}","{""status"": ""not_applicable"", ""value"": null}"
A1,KAKO_R29,leg_2.Q4_course_or_radial,Q4_course_or_radial,2,False,status_not_applicable,exact_status_value,"{""status"": ""not_applicable"", ""value"": null}","{""status"": ""present"", ""value"": {""type"": ""direct""}}"
A1,KAKO_R29,leg_2.Q5_hold_params,Q5_hold_params,2,False,target_not_present_but_pred_present,exact_status_value,"{""status"": ""present"", ""value"": {""inbound_course_deg"": null, ""leg_distance_nm"": 7.0, ""leg_time_min"": null, ""turn"": ""RIGHT""}}","{""status"": ""not_applicable"", ""value"": null}"
A1,KAKO_R29,leg_3.Q4_course_or_radial,Q4_course_or_radial,3,False,missing_leg_or_field,exact_status_value,null,"{""status"": ""not_applicable"", ""value"": null}"
A1,KAKO_R29,leg_3.Q5_hold_params,Q5_hold_params,3,False,missing_leg_or_field,degree_display_rounding,null,"{""status"": ""present"", ""value"": {""inbound_course_deg"": 109.2, ""leg_distance_nm"": 7.0, ""leg_time_min"": null, ""turn"": ""RIGHT""}}"
A1,KALB_R10,leg_1.Q4_course_or_radial,Q4_course_or_radial,1,False,type_mismatch:direct->course_deg,degree_display_rounding,"{""status"": ""present"", ""value"": {""type"": ""direct""}}","{""status"": ""present"", ""value"": {""course_deg"": 101.1, ""type"": ""course_deg""}}"
A1,KALB_R10,leg_2.Q4_course_or_radial,Q4_course_or_radial,2,False,status_not_applicable,exact_status_value,"{""status"": ""not_applicable"", ""value"": null}","{""status"": ""present"", ""value"": {""type"": ""direct""}}"
A1,KALB_R10,leg_2.Q5_hold_params,Q5_hold_params,2,False,target_not_present_but_pred_present,exact_status_value,"{""status"": ""present"", ""value"": {""inbound_course_deg"": null, ""leg_distance_nm"": null, ""leg_time_min"": 1.0, ""turn"": ""RIGHT""}}","{""status"": ""not_applicable"", ""value"": null}"
A1,KALB_R10,leg_3.Q4_course_or_radial,Q4_course_or_radial,3,True,correct,exact_status_value,"{""status"": ""not_applicable"", ""value"": null}","{""status"": ""not_applicable"", ""value"": null}"
A1,KALB_R10,leg_3.Q5_hold_params,Q5_hold_params,3,False,target_not_present_but_pred_present,exact_status_value,"{""status"": ""present"", ""value"": {""inbound_course_deg"": null, ""leg_distance_nm"": null, ""leg_time_min"": 1.0, ""turn"": ""RIGHT""}}","{""status"": ""not_applicable"", ""value"": null}"
A1,KALB_R10,leg_4.Q4_course_or_radial,Q4_course_or_radial,4,False,missing_leg_or_field,exact_status_value,null,"{""status"": ""not_applicable"", ""value"": null}"
A1,KALB_R10,leg_4.Q5_hold_params,Q5_hold_params,4,False,missing_leg_or_field,exact_status_value,null,"{""status"": ""present"", ""value"": {""inbound_course_deg"": 277.0, ""leg_distance_nm"": 5.0, ""leg_time_min"": null, ""turn"": ""RIGHT""}}"
A1,KALB_R19-Y,leg_1.Q4_course_or_radial,Q4_course_or_radial,1,False,status_unknown,degree_display_rounding,"{""status"": ""unknown"", ""value"": null}","{""status"": ""present"", ""value"": {""course_deg"": 191.2, ""type"": ""course_deg""}}"
A1,KALB_R19-Y,leg_2.Q4_course_or_radial,Q4_course_or_radial,2,True,correct,exact_status_value,"{""status"": ""present"", ""value"": {""type"": ""direct""}}","{""status"": ""present"", ""value"": {""type"": ""direct""}}"
A1,KALB_R19-Y,leg_3.Q4_course_or_radial,Q4_course_or_radial,3,True,correct,exact_status_value,"{""status"": ""not_applicable"", ""value"": null}","{""status"": ""not_applicable"", ""value"": null}"
A1,KALB_R19-Y,leg_3.Q5_hold_params,Q5_hold_params,3,False,target_not_present_but_pred_present,exact_status_value,"{""status"": ""present"", ""value"": {""inbound_course_deg"": null, ""leg_distance_nm"": null, ""leg_time_min"": 1.0, ""turn"": ""RIGHT""}}","{""status"": ""not_applicable"", ""value"": null}"
A1,KALB_R19-Y,leg_4.Q4_course_or_radial,Q4_course_or_radial,4,False,missing_leg_or_field,exact_status_value,null,"{""status"": ""not_applicable"", ""value"": null}"
A1,KALB_R19-Y,leg_4.Q5_hold_params,Q5_hold_params,4,False,missing_leg_or_field,degree_display_rounding,null,"{""status"": ""present"", ""value"": {""inbound_course_deg"": 13.8, ""leg_distance_nm"": 4.0, ""leg_time_min"": null, ""turn"": ""RIGHT""}}"
A1,KALB_R28,leg_1.Q4_course_or_radial,Q4_course_or_radial,1,False,status_unknown,degree_display_rounding,"{""status"": ""unknown"", ""value"": null}","{""status"": ""present"", ""value"": {""course_deg"": 281.3, ""type"": ""course_deg""}}"
A1,KALB_R28,leg_2.Q4_course_or_radial,Q4_course_or_radial,2,True,correct,exact_status_value,"{""status"": ""present"", ""value"": {""type"": ""direct""}}","{""status"": ""present"", ""value"": {""type"": ""direct""}}"
A1,KALB_R28,leg_3.Q4_course_or_radial,Q4_course_or_radial,3,False,missing_leg_or_field,exact_status_value,null,"{""status"": ""not_applicable"", ""value"": null}"
A1,KALB_R28,leg_4.Q4_course_or_radial,Q4_course_or_radial,4,False,missing_leg_or_field,exact_status_value,null,"{""status"": ""not_applicable"", ""value"": null}"
A1,KALB_R28,leg_4.Q5_hold_params,Q5_hold_params,4,False,missing_leg_or_field,degree_display_rounding,null,"{""status"": ""present"", ""value"": {""inbound_course_deg"": 119.1, ""leg_distance_nm"": 4.0, ""leg_time_min"": null, ""turn"": ""RIGHT""}}"
A1,KALI_R13,leg_1.Q4_course_or_radial,Q4_course_or_radial,1,False,status_not_applicable,degree_display_rounding,"{""status"": ""not_applicable"", ""value"": null}","{""status"": ""present"", ""value"": {""course_deg"": 128.5, ""type"": ""course_deg""}}"
A1,KALI_R13,leg_1.Q5_hold_params,Q5_hold_params,1,False,target_not_present_but_pred_present,exact_status_value,"{""status"": ""present"", ""value"": {""inbound_course_deg"": null, ""leg_distance_nm"": null, ""leg_time_min"": 1.0, ""turn"": ""RIGHT""}}","{""status"": ""not_applicable"", ""value"": null}"
A1,KALI_R13,leg_2.Q4_course_or_radial,Q4_course_or_radial,2,False,missing_leg_or_field,exact_status_value,null,"{""status"": ""present"", ""value"": {""type"": ""direct""}}"
A1,KALI_R13,leg_3.Q4_course_or_radial,Q4_course_or_radial,3,False,missing_leg_or_field,exact_status_value,null,"{""status"": ""not_applicable"", ""value"": null}"
A1,KALI_R13,leg_3.Q5_hold_params,Q5_hold_params,3,False,missing_leg_or_field,degree_display_rounding,null,"{""status"": ""present"", ""value"": {""inbound_course_deg"": 308.6, ""leg_distance_nm"": 4.0, ""leg_time_min"": null, ""turn"": ""RIGHT""}}"
A1,KALI_R31,leg_1.Q4_course_or_radial,Q4_course_or_radial,1,False,type_mismatch:direct->course_deg,degree_display_rounding,"{""status"": ""present"", ""value"": {""type"": ""direct""}}","{""status"": ""present"", ""value"": {""course_deg"": 308.5, ""type"": ""course_deg""}}"
A1,KALI_R31,leg_2.Q4_course_or_radial,Q4_course_or_radial,2,False,missing_leg_or_field,exact_status_value,null,"{""status"": ""present"", ""value"": {""type"": ""direct""}}"
A1,KALI_R31,leg_3.Q4_course_or_radial,Q4_course_or_radial,3,False,missing_leg_or_field,exact_status_value,null,"{""status"": ""not_applicable"", ""value"": null}"
A1,KALI_R31,leg_3.Q5_hold_params,Q5_hold_params,3,False,missing_leg_or_field,degree_display_rounding,null,"{""status"": ""present"", ""value"": {""inbound_course_deg"": 128.4, ""leg_distance_nm"": 4.0, ""leg_time_min"": null, ""turn"": ""RIGHT""}}"
A1,KALM_R04,leg_1.Q4_course_or_radial,Q4_course_or_radial,1,False,status_unknown,degree_display_rounding,"{""status"": ""unknown"", ""value"": null}","{""status"": ""present"", ""value"": {""course_deg"": 37.5, ""type"": ""course_deg""}}"
A1,KALM_R04,leg_2.Q4_course_or_radial,Q4_course_or_radial,2,False,status_not_applicable,exact_status_value,"{""status"": ""not_applicable"", ""value"": null}","{""status"": ""present"", ""value"": {""type"": ""direct""}}"
A1,KALM_R04,leg_2.Q5_hold_params,Q5_hold_params,2,False,target_not_present_but_pred_present,exact_status_value,"{""status"": ""present"", ""value"": {""inbound_course_deg"": null, ""leg_distance_nm"": null, ""leg_time_min"": 1.0, ""turn"": ""RIGHT""}}","{""status"": ""not_applicable"", ""value"": null}"
A1,KALM_R04,leg_3.Q4_course_or_radial,Q4_course_or_radial,3,True,correct,exact_status_value,"{""status"": ""not_applicable"", ""value"": null}","{""status"": ""not_applicable"", ""value"": null}"
A1,KALM_R04,leg_3.Q5_hold_params,Q5_hold_params,3,False,missing_inbound_course_deg,exact_status_value,"{""status"": ""present"", ""value"": {""inbound_course_deg"": null, ""leg_distance_nm"": 5.0, ""leg_time_min"": null, ""turn"": ""RIGHT""}}","{""status"": ""present"", ""value"": {""inbound_course_deg"": 160.0, ""leg_distance_nm"": 5.0, ""leg_time_min"": null, ""turn"": ""RIGHT""}}"
A1,KALN_L29,leg_1.Q4_course_or_radial,Q4_course_or_radial,1,False,status_unknown,degree_display_rounding,"{""status"": ""unknown"", ""value"": null}","{""status"": ""present"", ""value"": {""course_deg"": 294.4, ""type"": ""course_deg""}}"
A1,KALN_L29,leg_2.Q4_course_or_radial,Q4_course_or_radial,2,False,status_not_applicable,degree_display_rounding,"{""status"": ""not_applicable"", ""value"": null}","{""status"": ""present"", ""value"": {""course_deg"": 310.0, ""type"": ""course_deg""}}"
A1,KALN_L29,leg_2.Q5_hold_params,Q5_hold_params,2,False,target_not_present_but_pred_present,exact_status_value,"{""status"": ""present"", ""value"": {""inbound_course_deg"": null, ""leg_distance_nm"": null, ""leg_time_min"": 1.0, ""turn"": ""RIGHT""}}","{""status"": ""not_applicable"", ""value"": null}"
A1,KALN_L29,leg_3.Q4_course_or_radial,Q4_course_or_radial,3,False,status_unknown,degree_display_rounding,"{""status"": ""unknown"", ""value"": null}","{""status"": ""present"", ""value"": {""direction"": ""inbound"", ""navaid"": ""TOY"", ""radial_deg"": 322.0, ""type"": ""navaid_radial""}}"
A1,KALN_L29,leg_4.Q4_course_or_radial,Q4_course_or_radial,4,False,status_unknown,exact_status_value,"{""status"": ""unknown"", ""value"": null}","{""status"": ""not_applicable"", ""value"": null}"
A1,KALN_L29,leg_4.Q5_hold_params,Q5_hold_params,4,False,status_not_applicable,exact_status_value,"{""status"": ""not_applicable"", ""value"": null}","{""status"": ""present"", ""value"": {""inbound_course_deg"": 142.0, ""leg_distance_nm"": null, ""leg_time_min"": 1.0, ""turn"": ""LEFT""}}"
A1,KALN_R11,leg_1.Q4_course_or_radial,Q4_course_or_radial,1,False,status_unknown,degree_display_rounding,"{""status"": ""unknown"", ""value"": null}","{""status"": ""present"", ""value"": {""course_deg"": 114.3, ""type"": ""course_deg""}}"
A1,KALN_R11,leg_2.Q4_course_or_radial,Q4_course_or_radial,2,False,status_not_applicable,exact_status_value,"{""status"": ""not_applicable"", ""value"": null}","{""status"": ""present"", ""value"": {""type"": ""direct""}}"
A1,KALN_R11,leg_2.Q5_hold_params,Q5_hold_params,2,False,target_not_present_but_pred_present,exact_status_value,"{""status"": ""present"", ""value"": {""inbound_course_deg"": null, ""leg_distance_nm"": null, ""leg_time_min"": 1.0, ""turn"": ""RIGHT""}}","{""status"": ""not_applicable"", ""value"": null}"
A1,KALN_R11,leg_3.Q4_course_or_radial,Q4_course_or_radial,3,True,correct,exact_status_value,"{""status"": ""not_applicable"", ""value"": null}","{""status"": ""not_applicable"", ""value"": null}"
A1,KALN_R11,leg_3.Q5_hold_params,Q5_hold_params,3,False,missing_inbound_course_deg,degree_display_rounding,"{""status"": ""present"", ""value"": {""inbound_course_deg"": null, ""leg_distance_nm"": 4.0, ""leg_time_min"": null, ""turn"": ""RIGHT""}}","{""status"": ""present"", ""value"": {""inbound_course_deg"": 294.5, ""leg_distance_nm"": 4.0, ""leg_time_min"": null, ""turn"": ""RIGHT""}}"
A1,KALN_R17,leg_1.Q4_course_or_radial,Q4_course_or_radial,1,False,type_mismatch:direct->course_deg,degree_display_rounding,"{""status"": ""present"", ""value"": {""type"": ""direct""}}","{""status"": ""present"", ""value"": {""course_deg"": 174.3, ""type"": ""course_deg""}}"
A1,KALN_R17,leg_2.Q4_course_or_radial,Q4_course_or_radial,2,False,status_not_applicable,exact_status_value,"{""status"": ""not_applicable"", ""value"": null}","{""status"": ""present"", ""value"": {""type"": ""direct""}}"
A1,KALN_R17,leg_2.Q5_hold_params,Q5_hold_params,2,False,target_not_present_but_pred_present,exact_status_value,"{""status"": ""present"", ""value"": {""inbound_course_deg"": null, ""leg_distance_nm"": null, ""leg_time_min"": 1.0, ""turn"": ""RIGHT""}}","{""status"": ""not_applicable"", ""value"": null}"
A1,KALN_R17,leg_3.Q4_course_or_radial,Q4_course_or_radial,3,True,correct,exact_status_value,"{""status"": ""not_applicable"", ""value"": null}","{""status"": ""not_applicable"", ""value"": null}"
A1,KALN_R17,leg_3.Q5_hold_params,Q5_hold_params,3,False,target_not_present_but_pred_present,exact_status_value,"{""status"": ""present"", ""value"": {""inbound_course_deg"": null, ""leg_distance_nm"": 4.0, ""leg_time_min"": null, ""turn"": ""RIGHT""}}","{""status"": ""not_applicable"", ""value"": null}"
A1,KALN_R17,leg_4.Q4_course_or_radial,Q4_course_or_radial,4,False,missing_leg_or_field,exact_status_value,null,"{""status"": ""not_applicable"", ""value"": null}"
A1,KALN_R17,leg_4.Q5_hold_params,Q5_hold_params,4,False,missing_leg_or_field,exact_status_value,null,"{""status"": ""present"", ""value"": {""inbound_course_deg"": 82.0, ""leg_distance_nm"": 4.0, ""leg_time_min"": null, ""turn"": ""RIGHT""}}"
A1,KALO_L12,leg_1.Q4_course_or_radial,Q4_course_or_radial,1,False,status_unknown,degree_display_rounding,"{""status"": ""unknown"", ""value"": null}","{""status"": ""present"", ""value"": {""course_deg"": 127.8, ""type"": ""course_deg""}}"
A1,KALO_L12,leg_2.Q4_course_or_radial,Q4_course_or_radial,2,False,status_unknown,degree_display_rounding,"{""status"": ""unknown"", ""value"": null}","{""status"": ""present"", ""value"": {""direction"": ""inbound"", ""navaid"": ""ALO"", ""radial_deg"": 96.5, ""type"": ""navaid_radial""}}"
A1,KALO_L12,leg_3.Q4_course_or_radial,Q4_course_or_radial,3,True,correct,exact_status_value,"{""status"": ""not_applicable"", ""value"": null}","{""status"": ""not_applicable"", ""value"": null}"
A1,KALO_L12,leg_3.Q5_hold_params,Q5_hold_params,3,False,missing_inbound_course_deg,degree_display_rounding,"{""status"": ""present"", ""value"": {""inbound_course_deg"": null, ""leg_distance_nm"": null, ""leg_time_min"": 1.0, ""turn"": ""RIGHT""}}","{""status"": ""present"", ""value"": {""inbound_course_deg"": 276.5, ""leg_distance_nm"": null, ""leg_time_min"": 1.0, ""turn"": ""RIGHT""}}"
A1,KALO_R12,leg_1.Q4_course_or_radial,Q4_course_or_radial,1,False,status_unknown,degree_display_rounding,"{""status"": ""unknown"", ""value"": null}","{""status"": ""present"", ""value"": {""course_deg"": 127.7, ""type"": ""course_deg""}}"
A1,KALO_R12,leg_2.Q4_course_or_radial,Q4_course_or_radial,2,False,status_not_applicable,exact_status_value,"{""status"": ""not_applicable"", ""value"": null}","{""status"": ""present"", ""value"": {""type"": ""direct""}}"
A1,KALO_R12,leg_2.Q5_hold_params,Q5_hold_params,2,False,target_not_present_but_pred_present,exact_status_value,"{""status"": ""present"", ""value"": {""inbound_course_deg"": null, ""leg_distance_nm"": null, ""leg_time_min"": 1.0, ""turn"": ""RIGHT""}}","{""status"": ""not_applicable"", ""value"": null}"
A1,KALO_R12,leg_3.Q4_course_or_radial,Q4_course_or_radial,3,True,correct,exact_status_value,"{""status"": ""not_applicable"", ""value"": null}","{""status"": ""not_applicable"", ""value"": null}"
A1,KALO_R12,leg_3.Q5_hold_params,Q5_hold_params,3,False,missing_inbound_course_deg,degree_display_rounding,"{""status"": ""present"", ""value"": {""inbound_course_deg"": null, ""leg_distance_nm"": 4.0, ""leg_time_min"": null, ""turn"": ""RIGHT""}}","{""status"": ""present"", ""value"": {""inbound_course_deg"": 307.9, ""leg_distance_nm"": 5.0, ""leg_time_min"": null, ""turn"": ""RIGHT""}}"
A1,KALO_R18,leg_1.Q4_course_or_radial,Q4_course_or_radial,1,False,status_unknown,degree_display_rounding,"{""status"": ""unknown"", ""value"": null}","{""status"": ""present"", ""value"": {""course_deg"": 187.8, ""type"": ""course_deg""}}"
A1,KALO_R18,leg_2.Q4_course_or_radial,Q4_course_or_radial,2,False,status_not_applicable,exact_status_value,"{""status"": ""not_applicable"", ""value"": null}","{""status"": ""present"", ""value"": {""type"": ""direct""}}"
A1,KALO_R18,leg_2.Q5_hold_params,Q5_hold_params,2,False,target_not_present_but_pred_present,exact_status_value,"{""status"": ""present"", ""value"": {""inbound_course_deg"": null, ""leg_distance_nm"": null, ""leg_time_min"": 1.0, ""turn"": ""RIGHT""}}","{""status"": ""not_applicable"", ""value"": null}"
A1,KALO_R18,leg_3.Q4_course_or_radial,Q4_course_or_radial,3,True,correct,exact_status_value,"{""status"": ""not_applicable"", ""value"": null}","{""status"": ""not_applicable"", ""value"": null}"
A1,KALO_R18,leg_3.Q5_hold_params,Q5_hold_params,3,False,missing_inbound_course_deg,degree_display_rounding,"{""status"": ""present"", ""value"": {""inbound_course_deg"": null, ""leg_distance_nm"": 30.0, ""leg_time_min"": null, ""turn"": ""RIGHT""}}","{""status"": ""present"", ""value"": {""inbound_course_deg"": 187.8, ""leg_distance_nm"": 4.0, ""leg_time_min"": null, ""turn"": ""RIGHT""}}"
A1,KALS_I02,leg_1.Q4_course_or_radial,Q4_course_or_radial,1,False,status_unknown,degree_display_rounding,"{""status"": ""unknown"", ""value"": null}","{""status"": ""present"", ""value"": {""course_deg"": 22.8, ""type"": ""course_deg""}}"
A1,KALS_I02,leg_2.Q4_course_or_radial,Q4_course_or_radial,2,False,status_not_applicable,exact_status_value,"{""status"": ""not_applicable"", ""value"": null}","{""status"": ""present"", ""value"": {""type"": ""direct""}}"
A1,KALS_I02,leg_2.Q5_hold_params,Q5_hold_params,2,False,target_not_present_but_pred_present,exact_status_value,"{""status"": ""present"", ""value"": {""inbound_course_deg"": null, ""leg_distance_nm"": null, ""leg_time_min"": 1.0, ""turn"": ""RIGHT""}}","{""status"": ""not_applicable"", ""value"": null}"
A1,KALS_I02,leg_3.Q4_course_or_radial,Q4_course_or_radial,3,False,target_not_present_but_pred_present,exact_status_value,"{""status"": ""present"", ""value"": {""direction"": ""outbound"", ""navaid"": ""INT"", ""radial_deg"": 296.0, ""type"": ""navaid_radial""}}","{""status"": ""not_applicable"", ""value"": null}"
A1,KALS_I02,leg_3.Q5_hold_params,Q5_hold_params,3,False,status_not_applicable,exact_status_value,"{""status"": ""not_applicable"", ""value"": null}","{""status"": ""present"", ""value"": {""inbound_course_deg"": 142.0, ""leg_distance_nm"": null, ""leg_time_min"": 1.0, ""turn"": ""RIGHT""}}"
A1,KALS_R02,leg_1.Q4_course_or_radial,Q4_course_or_radial,1,False,type_mismatch:direct->course_deg,degree_display_rounding,"{""status"": ""present"", ""value"": {""type"": ""direct""}}","{""status"": ""present"", ""value"": {""course_deg"": 22.7, ""type"": ""course_deg""}}"
A1,KALS_R02,leg_2.Q4_course_or_radial,Q4_course_or_radial,2,False,status_not_applicable,exact_status_value,"{""status"": ""not_applicable"", ""value"": null}","{""status"": ""present"", ""value"": {""type"": ""direct""}}"
A1,KALS_R02,leg_2.Q5_hold_params,Q5_hold_params,2,False,target_not_present_but_pred_present,exact_status_value,"{""status"": ""present"", ""value"": {""inbound_course_deg"": null, ""leg_distance_nm"": null, ""leg_time_min"": 1.0, ""turn"": ""RIGHT""}}","{""status"": ""not_applicable"", ""value"": null}"
A1,KALS_R02,leg_3.Q4_course_or_radial,Q4_course_or_radial,3,True,correct,exact_status_value,"{""status"": ""not_applicable"", ""value"": null}","{""status"": ""not_applicable"", ""value"": null}"
A1,KALS_R02,leg_3.Q5_hold_params,Q5_hold_params,3,False,target_not_present_but_pred_present,exact_status_value,"{""status"": ""present"", ""value"": {""inbound_course_deg"": null, ""leg_distance_nm"": 7.0, ""leg_time_min"": null, ""turn"": ""RIGHT""}}","{""status"": ""not_applicable"", ""value"": null}"
A1,KALS_R02,leg_4.Q4_course_or_radial,Q4_course_or_radial,4,False,missing_leg_or_field,exact_status_value,null,"{""status"": ""not_applicable"", ""value"": null}"
A1,KALS_R02,leg_4.Q5_hold_params,Q5_hold_params,4,False,missing_leg_or_field,degree_display_rounding,null,"{""status"": ""present"", ""value"": {""inbound_course_deg"": 317.1, ""leg_distance_nm"": 9.0, ""leg_time_min"": null, ""turn"": ""RIGHT""}}"
A1,KALS_R20,leg_1.Q4_course_or_radial,Q4_course_or_radial,1,False,status_unknown,degree_display_rounding,"{""status"": ""unknown"", ""value"": null}","{""status"": ""present"", ""value"": {""course_deg"": 202.8, ""type"": ""course_deg""}}"
A1,KALS_R20,leg_2.Q4_course_or_radial,Q4_course_or_radial,2,False,status_not_applicable,exact_status_value,"{""status"": ""not_applicable"", ""value"": null}","{""status"": ""present"", ""value"": {""type"": ""direct""}}"
A1,KALS_R20,leg_2.Q5_hold_params,Q5_hold_params,2,False,target_not_present_but_pred_present,exact_status_value,"{""status"": ""present"", ""value"": {""inbound_course_deg"": null, ""leg_distance_nm"": null, ""leg_time_min"": 1.0, ""turn"": ""RIGHT""}}","{""status"": ""not_applicable"", ""value"": null}"
A1,KALS_R20,leg_3.Q4_course_or_radial,Q4_course_or_radial,3,True,correct,exact_status_value,"{""status"": ""not_applicable"", ""value"": null}","{""status"": ""not_applicable"", ""value"": null}"
A1,KALS_R20,leg_3.Q5_hold_params,Q5_hold_params,3,False,missing_inbound_course_deg,degree_display_rounding,"{""status"": ""present"", ""value"": {""inbound_course_deg"": null, ""leg_distance_nm"": null, ""leg_time_min"": 1.0, ""turn"": ""RIGHT""}}","{""status"": ""present"", ""value"": {""inbound_course_deg"": 202.7, ""leg_distance_nm"": 7.0, ""leg_time_min"": null, ""turn"": ""LEFT""}}"
A1,KALW_R02,leg_1.Q4_course_or_radial,Q4_course_or_radial,1,False,status_unknown,degree_display_rounding,"{""status"": ""unknown"", ""value"": null}","{""status"": ""present"", ""value"": {""course_deg"": 22.1, ""type"": ""course_deg""}}"
A1,KALW_R02,leg_2.Q4_course_or_radial,Q4_course_or_radial,2,True,correct,exact_status_value,"{""status"": ""present"", ""value"": {""type"": ""direct""}}","{""status"": ""present"", ""value"": {""type"": ""direct""}}"
A1,KALW_R02,leg_3.Q4_course_or_radial,Q4_course_or_radial,3,True,correct,exact_status_value,"{""status"": ""not_applicable"", ""value"": null}","{""status"": ""not_applicable"", ""value"": null}"
A1,KALW_R02,leg_3.Q5_hold_params,Q5_hold_params,3,False,target_not_present_but_pred_present,exact_status_value,"{""status"": ""present"", ""value"": {""inbound_course_deg"": null, ""leg_distance_nm"": null, ""leg_time_min"": 1.0, ""turn"": ""RIGHT""}}","{""status"": ""not_applicable"", ""value"": null}"
A1,KALW_R02,leg_4.Q4_course_or_radial,Q4_course_or_radial,4,False,missing_leg_or_field,exact_status_value,null,"{""status"": ""not_applicable"", ""value"": null}"
A1,KALW_R02,leg_4.Q5_hold_params,Q5_hold_params,4,False,missing_leg_or_field,degree_display_rounding,null,"{""status"": ""present"", ""value"": {""inbound_course_deg"": 71.3, ""leg_distance_nm"": 4.0, ""leg_time_min"": null, ""turn"": ""RIGHT""}}"
A1,KALW_R20,leg_1.Q4_course_or_radial,Q4_course_or_radial,1,False,status_unknown,degree_display_rounding,"{""status"": ""unknown"", ""value"": null}","{""status"": ""present"", ""value"": {""course_deg"": 202.3, ""type"": ""course_deg""}}"
A1,KALW_R20,leg_2.Q4_course_or_radial,Q4_course_or_radial,2,False,status_not_applicable,exact_status_value,"{""status"": ""not_applicable"", ""value"": null}","{""status"": ""present"", ""value"": {""type"": ""direct""}}"
A1,KALW_R20,leg_2.Q5_hold_params,Q5_hold_params,2,False,target_not_present_but_pred_present,exact_status_value,"{""status"": ""present"", ""value"": {""inbound_course_deg"": null, ""leg_distance_nm"": null, ""leg_time_min"": 1.0, ""turn"": ""RIGHT""}}","{""status"": ""not_applicable"", ""value"": null}"
A1,KALW_R20,leg_3.Q4_course_or_radial,Q4_course_or_radial,3,True,correct,exact_status_value,"{""status"": ""not_applicable"", ""value"": null}","{""status"": ""not_applicable"", ""value"": null}"
A1,KALW_R20,leg_3.Q5_hold_params,Q5_hold_params,3,False,missing_inbound_course_deg,degree_display_rounding,"{""status"": ""present"", ""value"": {""inbound_course_deg"": null, ""leg_distance_nm"": 25.0, ""leg_time_min"": null, ""turn"": ""RIGHT""}}","{""status"": ""present"", ""value"": {""inbound_course_deg"": 22.1, ""leg_distance_nm"": 4.0, ""leg_time_min"": null, ""turn"": ""RIGHT""}}"
A1,KALX_R18,leg_1.Q4_course_or_radial,Q4_course_or_radial,1,False,status_unknown,degree_display_rounding,"{""status"": ""unknown"", ""value"": null}","{""status"": ""present"", ""value"": {""course_deg"": 181.5, ""type"": ""course_deg""}}"
A1,KALX_R18,leg_2.Q4_course_or_radial,Q4_course_or_radial,2,False,status_not_applicable,exact_status_value,"{""status"": ""not_applicable"", ""value"": null}","{""status"": ""present"", ""value"": {""type"": ""direct""}}"
A1,KALX_R18,leg_2.Q5_hold_params,Q5_hold_params,2,False,target_not_present_but_pred_present,exact_status_value,"{""status"": ""present"", ""value"": {""inbound_course_deg"": null, ""leg_distance_nm"": null, ""leg_time_min"": 1.0, ""turn"": ""RIGHT""}}","{""status"": ""not_applicable"", ""value"": null}"
A1,KALX_R18,leg_3.Q4_course_or_radial,Q4_course_or_radial,3,False,missing_leg_or_field,exact_status_value,null,"{""status"": ""not_applicable"", ""value"": null}"
A1,KALX_R18,leg_3.Q5_hold_params,Q5_hold_params,3,False,missing_leg_or_field,degree_display_rounding,null,"{""status"": ""present"", ""value"": {""inbound_course_deg"": 1.5, ""leg_distance_nm"": 4.0, ""leg_time_min"": null, ""turn"": ""RIGHT""}}"
A1,KALX_R36,leg_1.Q4_course_or_radial,Q4_course_or_radial,1,False,status_unknown,degree_display_rounding,"{""status"": ""unknown"", ""value"": null}","{""status"": ""present"", ""value"": {""course_deg"": 1.5, ""type"": ""course_deg""}}"
A1,KALX_R36,leg_2.Q4_course_or_radial,Q4_course_or_radial,2,False,status_not_applicable,exact_status_value,"{""status"": ""not_applicable"", ""value"": null}","{""status"": ""present"", ""value"": {""type"": ""direct""}}"
A1,KALX_R36,leg_2.Q5_hold_params,Q5_hold_params,2,False,target_not_present_but_pred_present,exact_status_value,"{""status"": ""present"", ""value"": {""inbound_course_deg"": null, ""leg_distance_nm"": null, ""leg_time_min"": 1.0, ""turn"": ""LEFT""}}","{""status"": ""not_applicable"", ""value"": null}"
A1,KALX_R36,leg_3.Q4_course_or_radial,Q4_course_or_radial,3,False,missing_leg_or_field,exact_status_value,null,"{""status"": ""not_applicable"", ""value"": null}"
A1,KALX_R36,leg_3.Q5_hold_params,Q5_hold_params,3,False,missing_leg_or_field,degree_display_rounding,null,"{""status"": ""present"", ""value"": {""inbound_course_deg"": 1.5, ""leg_distance_nm"": 4.0, ""leg_time_min"": null, ""turn"": ""RIGHT""}}"
A1,KAMA_I04,leg_1.Q4_course_or_radial,Q4_course_or_radial,1,False,status_unknown,degree_display_rounding,"{""status"": ""unknown"", ""value"": null}","{""status"": ""present"", ""value"": {""course_deg"": 38.0, ""type"": ""course_deg""}}"
A1,KAMA_I04,leg_2.Q4_course_or_radial,Q4_course_or_radial,2,False,round_equivalent_but_other_mismatch,degree_display_rounding,"{""status"": ""present"", ""value"": {""direction"": ""outbound"", ""navaid"": ""AND"", ""radial_deg"": 118.0, ""type"": ""navaid_radial""}}","{""status"": ""present"", ""value"": {""direction"": ""inbound"", ""navaid"": ""PNH"", ""radial_deg"": 118.3, ""type"": ""navaid_radial""}}"
A1,KAMA_I04,leg_3.Q4_course_or_radial,Q4_course_or_radial,3,True,correct,exact_status_value,"{""status"": ""not_applicable"", ""value"": null}","{""status"": ""not_applicable"", ""value"": null}"
A1,KAMA_I04,leg_3.Q5_hold_params,Q5_hold_params,3,False,missing_inbound_course_deg,degree_display_rounding,"{""status"": ""present"", ""value"": {""inbound_course_deg"": null, ""leg_distance_nm"": null, ""leg_time_min"": 1.0, ""turn"": ""RIGHT""}}","{""status"": ""present"", ""value"": {""inbound_course_deg"": 298.3, ""leg_distance_nm"": null, ""leg_time_min"": 1.0, ""turn"": ""RIGHT""}}"
A1,KAMA_R04-Y,leg_1.Q4_course_or_radial,Q4_course_or_radial,1,False,status_unknown,degree_display_rounding,"{""status"": ""unknown"", ""value"": null}","{""status"": ""present"", ""value"": {""course_deg"": 37.9, ""type"": ""course_deg""}}"
A1,KAMA_R04-Y,leg_2.Q4_course_or_radial,Q4_course_or_radial,2,True,correct,exact_status_value,"{""status"": ""present"", ""value"": {""type"": ""direct""}}","{""status"": ""present"", ""value"": {""type"": ""direct""}}"
A1,KAMA_R04-Y,leg_3.Q4_course_or_radial,Q4_course_or_radial,3,True,correct,exact_status_value,"{""status"": ""not_applicable"", ""value"": null}","{""status"": ""not_applicable"", ""value"": null}"
A1,KAMA_R04-Y,leg_3.Q5_hold_params,Q5_hold_params,3,False,target_not_present_but_pred_present,exact_status_value,"{""status"": ""present"", ""value"": {""inbound_course_deg"": null, ""leg_distance_nm"": null, ""leg_time_min"": 1.0, ""turn"": ""RIGHT""}}","{""status"": ""not_applicable"", ""value"": null}"
A1,KAMA_R04-Y,leg_4.Q4_course_or_radial,Q4_course_or_radial,4,False,missing_leg_or_field,exact_status_value,null,"{""status"": ""not_applicable"", ""value"": null}"
A1,KAMA_R04-Y,leg_4.Q5_hold_params,Q5_hold_params,4,False,missing_leg_or_field,degree_display_rounding,null,"{""status"": ""present"", ""value"": {""inbound_course_deg"": 233.1, ""leg_distance_nm"": 5.0, ""leg_time_min"": null, ""turn"": ""LEFT""}}"
A1,KAMA_R13-Y,leg_1.Q4_course_or_radial,Q4_course_or_radial,1,False,status_unknown,degree_display_rounding,"{""status"": ""unknown"", ""value"": null}","{""status"": ""present"", ""value"": {""course_deg"": 129.4, ""type"": ""course_deg""}}"
A1,KAMA_R13-Y,leg_2.Q4_course_or_radial,Q4_course_or_radial,2,False,status_not_applicable,exact_status_value,"{""status"": ""not_applicable"", ""value"": null}","{""status"": ""present"", ""value"": {""type"": ""direct""}}"
A1,KAMA_R13-Y,leg_2.Q5_hold_params,Q5_hold_params,2,False,target_not_present_but_pred_present,exact_status_value,"{""status"": ""present"", ""value"": {""inbound_course_deg"": null, ""leg_distance_nm"": null, ""leg_time_min"": 1.0, ""turn"": ""RIGHT""}}","{""status"": ""not_applicable"", ""value"": null}"
A1,KAMA_R13-Y,leg_3.Q4_course_or_radial,Q4_course_or_radial,3,False,missing_leg_or_field,exact_status_value,null,"{""status"": ""not_applicable"", ""value"": null}"
A1,KAMA_R13-Y,leg_4.Q4_course_or_radial,Q4_course_or_radial,4,False,missing_leg_or_field,exact_status_value,null,"{""status"": ""not_applicable"", ""value"": null}"
A1,KAMA_R13-Y,leg_4.Q5_hold_params,Q5_hold_params,4,False,missing_leg_or_field,degree_display_rounding,null,"{""status"": ""present"", ""value"": {""inbound_course_deg"": 298.3, ""leg_distance_nm"": 5.0, ""leg_time_min"": null, ""turn"": ""RIGHT""}}"
A1,KAMG_R16,leg_1.Q4_course_or_radial,Q4_course_or_radial,1,False,status_not_applicable,degree_display_rounding,"{""status"": ""not_applicable"", ""value"": null}","{""status"": ""present"", ""value"": {""course_deg"": 156.9, ""type"": ""course_deg""}}"
A1,KAMG_R16,leg_1.Q5_hold_params,Q5_hold_params,1,False,target_not_present_but_pred_present,exact_status_value,"{""status"": ""present"", ""value"": {""inbound_course_deg"": null, ""leg_distance_nm"": null, ""leg_time_min"": 1.0, ""turn"": ""RIGHT""}}","{""status"": ""not_applicable"", ""value"": null}"
A1,KAMG_R16,leg_2.Q4_course_or_radial,Q4_course_or_radial,2,False,status_not_applicable,exact_status_value,"{""status"": ""not_applicable"", ""value"": null}","{""status"": ""present"", ""value"": {""type"": ""direct""}}"
A1,KAMG_R16,leg_2.Q5_hold_params,Q5_hold_params,2,False,target_not_present_but_pred_present,exact_status_value,"{""status"": ""present"", ""value"": {""inbound_course_deg"": null, ""leg_distance_nm"": 4.0, ""leg_time_min"": null, ""turn"": ""RIGHT""}}","{""status"": ""not_applicable"", ""value"": null}"
A1,KAMG_R16,leg_3.Q4_course_or_radial,Q4_course_or_radial,3,False,missing_leg_or_field,exact_status_value,null,"{""status"": ""not_applicable"", ""value"": null}"
A1,KAMG_R16,leg_3.Q5_hold_params,Q5_hold_params,3,False,missing_leg_or_field,exact_status_value,null,"{""status"": ""present"", ""value"": {""inbound_course_deg"": 337.0, ""leg_distance_nm"": 4.0, ""leg_time_min"": null, ""turn"": ""RIGHT""}}"
A1,KAMG_R34,leg_1.Q4_course_or_radial,Q4_course_or_radial,1,False,status_not_applicable,degree_display_rounding,"{""status"": ""not_applicable"", ""value"": null}","{""status"": ""present"", ""value"": {""course_deg"": 336.9, ""type"": ""course_deg""}}"
A1,KAMG_R34,leg_1.Q5_hold_params,Q5_hold_params,1,False,target_not_present_but_pred_present,exact_status_value,"{""status"": ""present"", ""value"": {""inbound_course_deg"": null, ""leg_distance_nm"": null, ""leg_time_min"": 1.0, ""turn"": ""RIGHT""}}","{""status"": ""not_applicable"", ""value"": null}"
A1,KAMG_R34,leg_2.Q4_course_or_radial,Q4_course_or_radial,2,False,status_not_applicable,exact_status_value,"{""status"": ""not_applicable"", ""value"": null}","{""status"": ""present"", ""value"": {""type"": ""direct""}}"
A1,KAMG_R34,leg_2.Q5_hold_params,Q5_hold_params,2,False,target_not_present_but_pred_present,exact_status_value,"{""status"": ""present"", ""value"": {""inbound_course_deg"": null, ""leg_distance_nm"": 4.0, ""leg_time_min"": null, ""turn"": ""RIGHT""}}","{""status"": ""not_applicable"", ""value"": null}"
A1,KAMG_R34,leg_3.Q4_course_or_radial,Q4_course_or_radial,3,False,missing_leg_or_field,exact_status_value,null,"{""status"": ""not_applicable"", ""value"": null}"
A1,KAMG_R34,leg_3.Q5_hold_params,Q5_hold_params,3,False,missing_leg_or_field,degree_display_rounding,null,"{""status"": ""present"", ""value"": {""inbound_course_deg"": 156.8, ""leg_distance_nm"": 4.0, ""leg_time_min"": null, ""turn"": ""RIGHT""}}"
A1,KAMN_R09,leg_1.Q4_course_or_radial,Q4_course_or_radial,1,False,status_not_applicable,degree_display_rounding,"{""status"": ""not_applicable"", ""value"": null}","{""status"": ""present"", ""value"": {""course_deg"": 95.2, ""type"": ""course_deg""}}"
A1,KAMN_R09,leg_1.Q5_hold_params,Q5_hold_params,1,False,target_not_present_but_pred_present,exact_status_value,"{""status"": ""present"", ""value"": {""inbound_course_deg"": null, ""leg_distance_nm"": null, ""leg_time_min"": 1.0, ""turn"": ""RIGHT""}}","{""status"": ""not_applicable"", ""value"": null}"
A1,KAMN_R09,leg_2.Q4_course_or_radial,Q4_course_or_radial,2,False,status_unknown,exact_status_value,"{""status"": ""unknown"", ""value"": null}","{""status"": ""present"", ""value"": {""type"": ""direct""}}"
A1,KAMN_R09,leg_3.Q4_course_or_radial,Q4_course_or_radial,3,False,missing_leg_or_field,exact_status_value,null,"{""status"": ""not_applicable"", ""value"": null}"
A1,KAMN_R09,leg_3.Q5_hold_params,Q5_hold_params,3,False,missing_leg_or_field,degree_display_rounding,null,"{""status"": ""present"", ""value"": {""inbound_course_deg"": 275.4, ""leg_distance_nm"": 4.0, ""leg_time_min"": null, ""turn"": ""RIGHT""}}"
A1,KAMN_R18,leg_1.Q4_course_or_radial,Q4_course_or_radial,1,False,status_not_applicable,degree_display_rounding,"{""status"": ""not_applicable"", ""value"": null}","{""status"": ""present"", ""value"": {""course_deg"": 185.3, ""type"": ""course_deg""}}"
A1,KAMN_R18,leg_1.Q5_hold_params,Q5_hold_params,1,False,target_not_present_but_pred_present,exact_status_value,"{""status"": ""present"", ""value"": {""inbound_course_deg"": null, ""leg_distance_nm"": null, ""leg_time_min"": 1.0, ""turn"": ""RIGHT""}}","{""status"": ""not_applicable"", ""value"": null}"
A1,KAMN_R18,leg_2.Q4_course_or_radial,Q4_course_or_radial,2,False,missing_leg_or_field,exact_status_value,null,"{""status"": ""present"", ""value"": {""type"": ""direct""}}"
A1,KAMN_R18,leg_3.Q4_course_or_radial,Q4_course_or_radial,3,False,missing_leg_or_field,exact_status_value,null,"{""status"": ""not_applicable"", ""value"": null}"
A1,KAMN_R18,leg_3.Q5_hold_params,Q5_hold_params,3,False,missing_leg_or_field,degree_display_rounding,null,"{""status"": ""present"", ""value"": {""inbound_course_deg"": 185.3, ""leg_distance_nm"": 4.0, ""leg_time_min"": null, ""turn"": ""RIGHT""}}"
A1,KAMN_R27,leg_1.Q4_course_or_radial,Q4_course_or_radial,1,False,status_unknown,degree_display_rounding,"{""status"": ""unknown"", ""value"": null}","{""status"": ""present"", ""value"": {""course_deg"": 275.3, ""type"": ""course_deg""}}"
A1,KAMN_R27,leg_2.Q4_course_or_radial,Q4_course_or_radial,2,False,status_not_applicable,exact_status_value,"{""status"": ""not_applicable"", ""value"": null}","{""status"": ""present"", ""value"": {""type"": ""direct""}}"
A1,KAMN_R27,leg_2.Q5_hold_params,Q5_hold_params,2,False,target_not_present_but_pred_present,exact_status_value,"{""status"": ""present"", ""value"": {""inbound_course_deg"": null, ""leg_distance_nm"": null, ""leg_time_min"": 1.0, ""turn"": ""RIGHT""}}","{""status"": ""not_applicable"", ""value"": null}"
A1,KAMN_R27,leg_3.Q4_course_or_radial,Q4_course_or_radial,3,True,correct,exact_status_value,"{""status"": ""not_applicable"", ""value"": null}","{""status"": ""not_applicable"", ""value"": null}"
A1,KAMN_R27,leg_3.Q5_hold_params,Q5_hold_params,3,False,missing_inbound_course_deg,degree_display_rounding,"{""status"": ""present"", ""value"": {""inbound_course_deg"": null, ""leg_distance_nm"": 4.0, ""leg_time_min"": null, ""turn"": ""RIGHT""}}","{""status"": ""present"", ""value"": {""inbound_course_deg"": 275.4, ""leg_distance_nm"": 4.0, ""leg_time_min"": null, ""turn"": ""RIGHT""}}"
A1,KAMT_R05,leg_1.Q4_course_or_radial,Q4_course_or_radial,1,False,status_unknown,degree_display_rounding,"{""status"": ""unknown"", ""value"": null}","{""status"": ""present"", ""value"": {""course_deg"": 49.1, ""type"": ""course_deg""}}"
A1,KAMT_R05,leg_2.Q4_course_or_radial,Q4_course_or_radial,2,False,status_not_applicable,exact_status_value,"{""status"": ""not_applicable"", ""value"": null}","{""status"": ""present"", ""value"": {""type"": ""direct""}}"
A1,KAMT_R05,leg_2.Q5_hold_params,Q5_hold_params,2,False,target_not_present_but_pred_present,exact_status_value,"{""status"": ""present"", ""value"": {""inbound_course_deg"": null, ""leg_distance_nm"": null, ""leg_time_min"": 1.0, ""turn"": ""RIGHT""}}","{""status"": ""not_applicable"", ""value"": null}"
A1,KAMT_R05,leg_3.Q4_course_or_radial,Q4_course_or_radial,3,False,missing_leg_or_field,exact_status_value,null,"{""status"": ""not_applicable"", ""value"": null}"
A1,KAMT_R05,leg_3.Q5_hold_params,Q5_hold_params,3,False,missing_leg_or_field,degree_display_rounding,null,"{""status"": ""present"", ""value"": {""inbound_course_deg"": 229.3, ""leg_distance_nm"": 4.0, ""leg_time_min"": null, ""turn"": ""RIGHT""}}"
A1,KAMT_R23,leg_1.Q4_course_or_radial,Q4_course_or_radial,1,False,status_unknown,degree_display_rounding,"{""status"": ""unknown"", ""value"": null}","{""status"": ""present"", ""value"": {""course_deg"": 229.2, ""type"": ""course_deg""}}"
A1,KAMT_R23,leg_2.Q4_course_or_radial,Q4_course_or_radial,2,False,status_not_applicable,exact_status_value,"{""status"": ""not_applicable"", ""value"": null}","{""status"": ""present"", ""value"": {""type"": ""direct""}}"
A1,KAMT_R23,leg_2.Q5_hold_params,Q5_hold_params,2,False,target_not_present_but_pred_present,exact_status_value,"{""status"": ""present"", ""value"": {""inbound_course_deg"": null, ""leg_distance_nm"": null, ""leg_time_min"": 1.0, ""turn"": ""RIGHT""}}","{""status"": ""not_applicable"", ""value"": null}"
A1,KAMT_R23,leg_3.Q4_course_or_radial,Q4_course_or_radial,3,False,missing_leg_or_field,exact_status_value,null,"{""status"": ""not_applicable"", ""value"": null}"
A1,KAMT_R23,leg_3.Q5_hold_params,Q5_hold_params,3,False,missing_leg_or_field,degree_display_rounding,null,"{""status"": ""present"", ""value"": {""inbound_course_deg"": 49.1, ""leg_distance_nm"": 4.0, ""leg_time_min"": null, ""turn"": ""RIGHT""}}"
A1,KAMW_R01,leg_1.Q4_course_or_radial,Q4_course_or_radial,1,False,status_unknown,degree_display_rounding,"{""status"": ""unknown"", ""value"": null}","{""status"": ""present"", ""value"": {""course_deg"": 13.6, ""type"": ""course_deg""}}"
A1,KAMW_R01,leg_2.Q4_course_or_radial,Q4_course_or_radial,2,False,status_not_applicable,exact_status_value,"{""status"": ""not_applicable"", ""value"": null}","{""status"": ""present"", ""value"": {""type"": ""direct""}}"
A1,KAMW_R01,leg_2.Q5_hold_params,Q5_hold_params,2,False,target_not_present_but_pred_present,exact_status_value,"{""status"": ""present"", ""value"": {""inbound_course_deg"": null, ""leg_distance_nm"": null, ""leg_time_min"": 1.0, ""turn"": ""RIGHT""}}","{""status"": ""not_applicable"", ""value"": null}"
A1,KAMW_R01,leg_3.Q4_course_or_radial,Q4_course_or_radial,3,False,missing_leg_or_field,exact_status_value,null,"{""status"": ""not_applicable"", ""value"": null}"
A1,KAMW_R01,leg_3.Q5_hold_params,Q5_hold_params,3,False,missing_leg_or_field,degree_display_rounding,null,"{""status"": ""present"", ""value"": {""inbound_course_deg"": 193.7, ""leg_distance_nm"": 4.0, ""leg_time_min"": null, ""turn"": ""LEFT""}}"
A1,KAMW_R13,leg_1.Q4_course_or_radial,Q4_course_or_radial,1,False,status_unknown,degree_display_rounding,"{""status"": ""unknown"", ""value"": null}","{""status"": ""present"", ""value"": {""course_deg"": 133.1, ""type"": ""course_deg""}}"
A1,KAMW_R13,leg_2.Q4_course_or_radial,Q4_course_or_radial,2,False,status_not_applicable,exact_status_value,"{""status"": ""not_applicable"", ""value"": null}","{""status"": ""present"", ""value"": {""type"": ""direct""}}"
A1,KAMW_R13,leg_2.Q5_hold_params,Q5_hold_params,2,False,target_not_present_but_pred_present,exact_status_value,"{""status"": ""present"", ""value"": {""inbound_course_deg"": null, ""leg_distance_nm"": null, ""leg_time_min"": 1.0, ""turn"": ""RIGHT""}}","{""status"": ""not_applicable"", ""value"": null}"
A1,KAMW_R13,leg_3.Q4_course_or_radial,Q4_course_or_radial,3,False,missing_leg_or_field,exact_status_value,null,"{""status"": ""not_applicable"", ""value"": null}"
A1,KAMW_R13,leg_3.Q5_hold_params,Q5_hold_params,3,False,missing_leg_or_field,degree_display_rounding,null,"{""status"": ""present"", ""value"": {""inbound_course_deg"": 313.3, ""leg_distance_nm"": 4.0, ""leg_time_min"": null, ""turn"": ""RIGHT""}}"
A1,KAMW_R19,leg_1.Q4_course_or_radial,Q4_course_or_radial,1,False,status_unknown,degree_display_rounding,"{""status"": ""unknown"", ""value"": null}","{""status"": ""present"", ""value"": {""course_deg"": 193.6, ""type"": ""course_deg""}}"
A1,KAMW_R19,leg_2.Q4_course_or_radial,Q4_course_or_radial,2,False,status_not_applicable,exact_status_value,"{""status"": ""not_applicable"", ""value"": null}","{""status"": ""present"", ""value"": {""type"": ""direct""}}"
A1,KAMW_R19,leg_2.Q5_hold_params,Q5_hold_params,2,False,target_not_present_but_pred_present,exact_status_value,"{""status"": ""present"", ""value"": {""inbound_course_deg"": null, ""leg_distance_nm"": null, ""leg_time_min"": 1.0, ""turn"": ""RIGHT""}}","{""status"": ""not_applicable"", ""value"": null}"
A1,KAMW_R19,leg_3.Q4_course_or_radial,Q4_course_or_radial,3,False,missing_leg_or_field,exact_status_value,null,"{""status"": ""not_applicable"", ""value"": null}"
A1,KAMW_R19,leg_3.Q5_hold_params,Q5_hold_params,3,False,missing_leg_or_field,degree_display_rounding,null,"{""status"": ""present"", ""value"": {""inbound_course_deg"": 13.5, ""leg_distance_nm"": 4.0, ""leg_time_min"": null, ""turn"": ""RIGHT""}}"
A1,KANB_R05,leg_1.Q4_course_or_radial,Q4_course_or_radial,1,False,status_unknown,degree_display_rounding,"{""status"": ""unknown"", ""value"": null}","{""status"": ""present"", ""value"": {""course_deg"": 52.4, ""type"": ""course_deg""}}"
A1,KANB_R05,leg_2.Q4_course_or_radial,Q4_course_or_radial,2,True,correct,exact_status_value,"{""status"": ""present"", ""value"": {""type"": ""direct""}}","{""status"": ""present"", ""value"": {""type"": ""direct""}}"
A1,KANB_R05,leg_3.Q4_course_or_radial,Q4_course_or_radial,3,False,status_not_applicable,degree_display_rounding,"{""status"": ""not_applicable"", ""value"": null}","{""status"": ""present"", ""value"": {""course_deg"": 209.8, ""type"": ""course_deg""}}"
A1,KANB_R05,leg_3.Q5_hold_params,Q5_hold_params,3,False,target_not_present_but_pred_present,exact_status_value,"{""status"": ""present"", ""value"": {""inbound_course_deg"": null, ""leg_distance_nm"": null, ""leg_time_min"": 1.0, ""turn"": ""RIGHT""}}","{""status"": ""not_applicable"", ""value"": null}"
A1,KANB_R05,leg_4.Q4_course_or_radial,Q4_course_or_radial,4,False,missing_leg_or_field,degree_display_rounding,null,"{""status"": ""present"", ""value"": {""course_deg"": 299.7, ""type"": ""course_deg""}}"
A1,KANB_R05,leg_5.Q4_course_or_radial,Q4_course_or_radial,5,False,missing_leg_or_field,exact_status_value,null,"{""status"": ""not_applicable"", ""value"": null}"
A1,KANB_R05,leg_5.Q5_hold_params,Q5_hold_params,5,False,missing_leg_or_field,degree_display_rounding,null,"{""status"": ""present"", ""value"": {""inbound_course_deg"": 52.3, ""leg_distance_nm"": 4.0, ""leg_time_min"": null, ""turn"": ""LEFT""}}"
A1,KANB_R23,leg_1.Q4_course_or_radial,Q4_course_or_radial,1,False,status_not_applicable,degree_display_rounding,"{""status"": ""not_applicable"", ""value"": null}","{""status"": ""present"", ""value"": {""course_deg"": 232.5, ""type"": ""course_deg""}}"
A1,KANB_R23,leg_1.Q5_hold_params,Q5_hold_params,1,False,target_not_present_but_pred_present,exact_status_value,"{""status"": ""present"", ""value"": {""inbound_course_deg"": null, ""leg_distance_nm"": null, ""leg_time_min"": 1.0, ""turn"": ""RIGHT""}}","{""status"": ""not_applicable"", ""value"": null}"
A1,KANB_R23,leg_2.Q4_course_or_radial,Q4_course_or_radial,2,False,missing_leg_or_field,exact_status_value,null,"{""status"": ""present"", ""value"": {""type"": ""direct""}}"
A1,KANB_R23,leg_3.Q4_course_or_radial,Q4_course_or_radial,3,False,missing_leg_or_field,exact_status_value,null,"{""status"": ""not_applicable"", ""value"": null}"
A1,KANB_R23,leg_3.Q5_hold_params,Q5_hold_params,3,False,missing_leg_or_field,degree_display_rounding,null,"{""status"": ""present"", ""value"": {""inbound_course_deg"": 52.3, ""leg_distance_nm"": 4.0, ""leg_time_min"": null, ""turn"": ""LEFT""}}"
A1,KANJ_R14,leg_1.Q4_course_or_radial,Q4_course_or_radial,1,False,status_unknown,degree_display_rounding,"{""status"": ""unknown"", ""value"": null}","{""status"": ""present"", ""value"": {""course_deg"": 142.8, ""type"": ""course_deg""}}"
A1,KANJ_R14,leg_2.Q4_course_or_radial,Q4_course_or_radial,2,False,status_not_applicable,exact_status_value,"{""status"": ""not_applicable"", ""value"": null}","{""status"": ""present"", ""value"": {""type"": ""direct""}}"
A1,KANJ_R14,leg_2.Q5_hold_params,Q5_hold_params,2,False,target_not_present_but_pred_present,exact_status_value,"{""status"": ""present"", ""value"": {""inbound_course_deg"": null, ""leg_distance_nm"": null, ""leg_time_min"": 1.0, ""turn"": ""RIGHT""}}","{""status"": ""not_applicable"", ""value"": null}"
A1,KANJ_R14,leg_3.Q4_course_or_radial,Q4_course_or_radial,3,False,missing_leg_or_field,degree_display_rounding,null,"{""status"": ""present"", ""value"": {""course_deg"": 146.7, ""type"": ""course_deg""}}"
A1,KANJ_R14,leg_4.Q4_course_or_radial,Q4_course_or_radial,4,False,missing_leg_or_field,exact_status_value,null,"{""status"": ""not_applicable"", ""value"": null}"
A1,KANJ_R14,leg_4.Q5_hold_params,Q5_hold_params,4,False,missing_leg_or_field,degree_display_rounding,null,"{""status"": ""present"", ""value"": {""inbound_course_deg"": 129.3, ""leg_distance_nm"": 4.0, ""leg_time_min"": null, ""turn"": ""RIGHT""}}"
A1,KANJ_R32,leg_1.Q4_course_or_radial,Q4_course_or_radial,1,False,status_unknown,degree_display_rounding,"{""status"": ""unknown"", ""value"": null}","{""status"": ""present"", ""value"": {""course_deg"": 322.9, ""type"": ""course_deg""}}"
A1,KANJ_R32,leg_2.Q4_course_or_radial,Q4_course_or_radial,2,True,correct,exact_status_value,"{""status"": ""present"", ""value"": {""type"": ""direct""}}","{""status"": ""present"", ""value"": {""type"": ""direct""}}"
A1,KANJ_R32,leg_3.Q4_course_or_radial,Q4_course_or_radial,3,True,correct,exact_status_value,"{""status"": ""not_applicable"", ""value"": null}","{""status"": ""not_applicable"", ""value"": null}"
A1,KANJ_R32,leg_3.Q5_hold_params,Q5_hold_params,3,False,missing_inbound_course_deg,degree_display_rounding,"{""status"": ""present"", ""value"": {""inbound_course_deg"": null, ""leg_distance_nm"": null, ""leg_time_min"": 1.0, ""turn"": ""RIGHT""}}","{""status"": ""present"", ""value"": {""inbound_course_deg"": 142.7, ""leg_distance_nm"": 4.0, ""leg_time_min"": null, ""turn"": ""RIGHT""}}"
A1,KANP_RNV-A,leg_1.Q4_course_or_radial,Q4_course_or_radial,1,False,status_not_applicable,degree_display_rounding,"{""status"": ""not_applicable"", ""value"": null}","{""status"": ""present"", ""value"": {""course_deg"": 297.6, ""type"": ""course_deg""}}"
A1,KANP_RNV-A,leg_1.Q5_hold_params,Q5_hold_params,1,False,target_not_present_but_pred_present,exact_status_value,"{""status"": ""present"", ""value"": {""inbound_course_deg"": null, ""leg_distance_nm"": null, ""leg_time_min"": 1.0, ""turn"": ""RIGHT""}}","{""status"": ""not_applicable"", ""value"": null}"
A1,KANP_RNV-A,leg_2.Q4_course_or_radial,Q4_course_or_radial,2,False,status_not_applicable,exact_status_value,"{""status"": ""not_applicable"", ""value"": null}","{""status"": ""present"", ""value"": {""type"": ""direct""}}"
A1,KANP_RNV-A,leg_2.Q5_hold_params,Q5_hold_params,2,False,target_not_present_but_pred_present,exact_status_value,"{""status"": ""present"", ""value"": {""inbound_course_deg"": null, ""leg_distance_nm"": 25.0, ""leg_time_min"": null, ""turn"": ""RIGHT""}}","{""status"": ""not_applicable"", ""value"": null}"
A1,KANP_RNV-A,leg_3.Q4_course_or_radial,Q4_course_or_radial,3,False,missing_leg_or_field,exact_status_value,null,"{""status"": ""not_applicable"", ""value"": null}"
A1,KANP_RNV-A,leg_3.Q5_hold_params,Q5_hold_params,3,False,missing_leg_or_field,degree_display_rounding,null,"{""status"": ""present"", ""value"": {""inbound_course_deg"": 297.7, ""leg_distance_nm"": 4.0, ""leg_time_min"": null, ""turn"": ""LEFT""}}"
A1,KANQ_R05,leg_1.Q4_course_or_radial,Q4_course_or_radial,1,False,type_mismatch:direct->course_deg,degree_display_rounding,"{""status"": ""present"", ""value"": {""type"": ""direct""}}","{""status"": ""present"", ""value"": {""course_deg"": 52.0, ""type"": ""course_deg""}}"
A1,KANQ_R05,leg_2.Q4_course_or_radial,Q4_course_or_radial,2,False,status_not_applicable,exact_status_value,"{""status"": ""not_applicable"", ""value"": null}","{""status"": ""present"", ""value"": {""type"": ""direct""}}"
A1,KANQ_R05,leg_2.Q5_hold_params,Q5_hold_params,2,False,target_not_present_but_pred_present,exact_status_value,"{""status"": ""present"", ""value"": {""inbound_course_deg"": null, ""leg_distance_nm"": null, ""leg_time_min"": 1.0, ""turn"": ""RIGHT""}}","{""status"": ""not_applicable"", ""value"": null}"
A1,KANQ_R05,leg_3.Q4_course_or_radial,Q4_course_or_radial,3,False,missing_leg_or_field,exact_status_value,null,"{""status"": ""not_applicable"", ""value"": null}"
A1,KANQ_R05,leg_3.Q5_hold_params,Q5_hold_params,3,False,missing_leg_or_field,degree_display_rounding,null,"{""status"": ""present"", ""value"": {""inbound_course_deg"": 232.2, ""leg_distance_nm"": 4.0, ""leg_time_min"": null, ""turn"": ""RIGHT""}}"
A1,KANQ_R23,leg_1.Q4_course_or_radial,Q4_course_or_radial,1,False,status_unknown,degree_display_rounding,"{""status"": ""unknown"", ""value"": null}","{""status"": ""present"", ""value"": {""course_deg"": 232.1, ""type"": ""course_deg""}}"
A1,KANQ_R23,leg_2.Q4_course_or_radial,Q4_course_or_radial,2,False,status_not_applicable,exact_status_value,"{""status"": ""not_applicable"", ""value"": null}","{""status"": ""present"", ""value"": {""type"": ""direct""}}"
A1,KANQ_R23,leg_2.Q5_hold_params,Q5_hold_params,2,False,target_not_present_but_pred_present,exact_status_value,"{""status"": ""present"", ""value"": {""inbound_course_deg"": null, ""leg_distance_nm"": null, ""leg_time_min"": 1.0, ""turn"": ""RIGHT""}}","{""status"": ""not_applicable"", ""value"": null}"
A1,KANQ_R23,leg_3.Q4_course_or_radial,Q4_course_or_radial,3,True,correct,exact_status_value,"{""status"": ""not_applicable"", ""value"": null}","{""status"": ""not_applicable"", ""value"": null}"
A1,KANQ_R23,leg_3.Q5_hold_params,Q5_hold_params,3,False,missing_inbound_course_deg,degree_display_rounding,"{""status"": ""present"", ""value"": {""inbound_course_deg"": null, ""leg_distance_nm"": 4.0, ""leg_time_min"": null, ""turn"": ""RIGHT""}}","{""status"": ""present"", ""value"": {""inbound_course_deg"": 51.9, ""leg_distance_nm"": 4.0, ""leg_time_min"": null, ""turn"": ""RIGHT""}}"
A1,KANW_R13,leg_1.Q4_course_or_radial,Q4_course_or_radial,1,False,type_mismatch:direct->course_deg,degree_display_rounding,"{""status"": ""present"", ""value"": {""type"": ""direct""}}","{""status"": ""present"", ""value"": {""course_deg"": 128.3, ""type"": ""course_deg""}}"
A1,KANW_R13,leg_2.Q4_course_or_radial,Q4_course_or_radial,2,False,status_not_applicable,exact_status_value,"{""status"": ""not_applicable"", ""value"": null}","{""status"": ""present"", ""value"": {""type"": ""direct""}}"
A1,KANW_R13,leg_2.Q5_hold_params,Q5_hold_params,2,False,target_not_present_but_pred_present,exact_status_value,"{""status"": ""present"", ""value"": {""inbound_course_deg"": null, ""leg_distance_nm"": null, ""leg_time_min"": 1.0, ""turn"": ""RIGHT""}}","{""status"": ""not_applicable"", ""value"": null}"
A1,KANW_R13,leg_3.Q4_course_or_radial,Q4_course_or_radial,3,True,correct,exact_status_value,"{""status"": ""not_applicable"", ""value"": null}","{""status"": ""not_applicable"", ""value"": null}"
A1,KANW_R13,leg_3.Q5_hold_params,Q5_hold_params,3,False,missing_inbound_course_deg,degree_display_rounding,"{""status"": ""present"", ""value"": {""inbound_course_deg"": null, ""leg_distance_nm"": 5.0, ""leg_time_min"": null, ""turn"": ""RIGHT""}}","{""status"": ""present"", ""value"": {""inbound_course_deg"": 308.5, ""leg_distance_nm"": 5.0, ""leg_time_min"": null, ""turn"": ""RIGHT""}}"
A1,KANW_R17,leg_1.Q4_course_or_radial,Q4_course_or_radial,1,False,status_unknown,degree_display_rounding,"{""status"": ""unknown"", ""value"": null}","{""status"": ""present"", ""value"": {""course_deg"": 173.3, ""type"": ""course_deg""}}"
A1,KANW_R17,leg_2.Q4_course_or_radial,Q4_course_or_radial,2,False,status_not_applicable,exact_status_value,"{""status"": ""not_applicable"", ""value"": null}","{""status"": ""present"", ""value"": {""type"": ""direct""}}"
A1,KANW_R17,leg_2.Q5_hold_params,Q5_hold_params,2,False,target_not_present_but_pred_present,exact_status_value,"{""status"": ""present"", ""value"": {""inbound_course_deg"": null, ""leg_distance_nm"": null, ""leg_time_min"": 1.0, ""turn"": ""RIGHT""}}","{""status"": ""not_applicable"", ""value"": null}"
A1,KANW_R17,leg_3.Q4_course_or_radial,Q4_course_or_radial,3,True,correct,exact_status_value,"{""status"": ""not_applicable"", ""value"": null}","{""status"": ""not_applicable"", ""value"": null}"
A1,KANW_R17,leg_3.Q5_hold_params,Q5_hold_params,3,False,missing_inbound_course_deg,degree_display_rounding,"{""status"": ""present"", ""value"": {""inbound_course_deg"": null, ""leg_distance_nm"": 5.0, ""leg_time_min"": null, ""turn"": ""RIGHT""}}","{""status"": ""present"", ""value"": {""inbound_course_deg"": 353.3, ""leg_distance_nm"": 5.0, ""leg_time_min"": null, ""turn"": ""RIGHT""}}"
A1,KANW_R31,leg_1.Q4_course_or_radial,Q4_course_or_radial,1,False,status_not_applicable,degree_display_rounding,"{""status"": ""not_applicable"", ""value"": null}","{""status"": ""present"", ""value"": {""course_deg"": 308.4, ""type"": ""course_deg""}}"
A1,KANW_R31,leg_1.Q5_hold_params,Q5_hold_params,1,False,target_not_present_but_pred_present,exact_status_value,"{""status"": ""present"", ""value"": {""inbound_course_deg"": null, ""leg_distance_nm"": null, ""leg_time_min"": 1.0, ""turn"": ""RIGHT""}}","{""status"": ""not_applicable"", ""value"": null}"
A1,KANW_R31,leg_2.Q4_course_or_radial,Q4_course_or_radial,2,False,status_not_applicable,exact_status_value,"{""status"": ""not_applicable"", ""value"": null}","{""status"": ""present"", ""value"": {""type"": ""direct""}}"
A1,KANW_R31,leg_2.Q5_hold_params,Q5_hold_params,2,False,target_not_present_but_pred_present,exact_status_value,"{""status"": ""present"", ""value"": {""inbound_course_deg"": null, ""leg_distance_nm"": 5.0, ""leg_time_min"": null, ""turn"": ""RIGHT""}}","{""status"": ""not_applicable"", ""value"": null}"
A1,KANW_R31,leg_3.Q4_course_or_radial,Q4_course_or_radial,3,False,missing_leg_or_field,exact_status_value,null,"{""status"": ""not_applicable"", ""value"": null}"
A1,KANW_R31,leg_3.Q5_hold_params,Q5_hold_params,3,False,missing_leg_or_field,degree_display_rounding,null,"{""status"": ""present"", ""value"": {""inbound_course_deg"": 128.2, ""leg_distance_nm"": 5.0, ""leg_time_min"": null, ""turn"": ""RIGHT""}}"
A1,KAOO_R03-Z,leg_1.Q4_course_or_radial,Q4_course_or_radial,1,False,type_mismatch:direct->course_deg,degree_display_rounding,"{""status"": ""present"", ""value"": {""type"": ""direct""}}","{""status"": ""present"", ""value"": {""course_deg"": 26.0, ""type"": ""course_deg""}}"
A1,KAOO_R03-Z,leg_2.Q4_course_or_radial,Q4_course_or_radial,2,False,status_not_applicable,exact_status_value,"{""status"": ""not_applicable"", ""value"": null}","{""status"": ""present"", ""value"": {""type"": ""direct""}}"
A1,KAOO_R03-Z,leg_2.Q5_hold_params,Q5_hold_params,2,False,target_not_present_but_pred_present,exact_status_value,"{""status"": ""present"", ""value"": {""inbound_course_deg"": null, ""leg_distance_nm"": null, ""leg_time_min"": 1.0, ""turn"": ""RIGHT""}}","{""status"": ""not_applicable"", ""value"": null}"
A1,KAOO_R03-Z,leg_3.Q4_course_or_radial,Q4_course_or_radial,3,False,missing_leg_or_field,exact_status_value,null,"{""status"": ""not_applicable"", ""value"": null}"
A1,KAOO_R03-Z,leg_4.Q4_course_or_radial,Q4_course_or_radial,4,False,missing_leg_or_field,exact_status_value,null,"{""status"": ""not_applicable"", ""value"": null}"
A1,KAOO_R03-Z,leg_4.Q5_hold_params,Q5_hold_params,4,False,missing_leg_or_field,degree_display_rounding,null,"{""status"": ""present"", ""value"": {""inbound_course_deg"": 220.1, ""leg_distance_nm"": 4.0, ""leg_time_min"": null, ""turn"": ""RIGHT""}}"
A1,KAOO_R21,leg_1.Q4_course_or_radial,Q4_course_or_radial,1,False,status_unknown,degree_display_rounding,"{""status"": ""unknown"", ""value"": null}","{""status"": ""present"", ""value"": {""course_deg"": 206.0, ""type"": ""course_deg""}}"
A1,KAOO_R21,leg_2.Q4_course_or_radial,Q4_course_or_radial,2,True,correct,exact_status_value,"{""status"": ""present"", ""value"": {""type"": ""direct""}}","{""status"": ""present"", ""value"": {""type"": ""direct""}}"
A1,KAOO_R21,leg_3.Q4_course_or_radial,Q4_course_or_radial,3,True,correct,exact_status_value,"{""status"": ""not_applicable"", ""value"": null}","{""status"": ""not_applicable"", ""value"": null}"
A1,KAOO_R21,leg_3.Q5_hold_params,Q5_hold_params,3,False,target_not_present_but_pred_present,exact_status_value,"{""status"": ""present"", ""value"": {""inbound_course_deg"": null, ""leg_distance_nm"": null, ""leg_time_min"": 1.0, ""turn"": ""RIGHT""}}","{""status"": ""not_applicable"", ""value"": null}"
A1,KAOO_R21,leg_4.Q4_course_or_radial,Q4_course_or_radial,4,True,correct,exact_status_value,"{""status"": ""not_applicable"", ""value"": null}","{""status"": ""not_applicable"", ""value"": null}"
A1,KAOO_R21,leg_4.Q5_hold_params,Q5_hold_params,4,False,missing_inbound_course_deg,degree_display_rounding,"{""status"": ""present"", ""value"": {""inbound_course_deg"": null, ""leg_distance_nm"": null, ""leg_time_min"": 1.0, ""turn"": ""RIGHT""}}","{""status"": ""present"", ""value"": {""inbound_course_deg"": 40.9, ""leg_distance_nm"": 4.0, ""leg_time_min"": null, ""turn"": ""RIGHT""}}"
A1,KAOV_R13,leg_1.Q4_course_or_radial,Q4_course_or_radial,1,False,status_not_applicable,degree_display_rounding,"{""status"": ""not_applicable"", ""value"": null}","{""status"": ""present"", ""value"": {""course_deg"": 135.3, ""type"": ""course_deg""}}"
A1,KAOV_R13,leg_1.Q5_hold_params,Q5_hold_params,1,False,target_not_present_but_pred_present,exact_status_value,"{""status"": ""present"", ""value"": {""inbound_course_deg"": null, ""leg_distance_nm"": null, ""leg_time_min"": 1.0, ""turn"": ""RIGHT""}}","{""status"": ""not_applicable"", ""value"": null}"
A1,KAOV_R13,leg_2.Q4_course_or_radial,Q4_course_or_radial,2,False,missing_leg_or_field,exact_status_value,null,"{""status"": ""present"", ""value"": {""type"": ""direct""}}"
A1,KAOV_R13,leg_3.Q4_course_or_radial,Q4_course_or_radial,3,False,missing_leg_or_field,exact_status_value,null,"{""status"": ""not_applicable"", ""value"": null}"
A1,KAOV_R13,leg_3.Q5_hold_params,Q5_hold_params,3,False,missing_leg_or_field,degree_display_rounding,null,"{""status"": ""present"", ""value"": {""inbound_course_deg"": 315.4, ""leg_distance_nm"": 5.0, ""leg_time_min"": null, ""turn"": ""RIGHT""}}"
A1,KAOV_R31,leg_1.Q4_course_or_radial,Q4_course_or_radial,1,False,status_not_applicable,degree_display_rounding,"{""status"": ""not_applicable"", ""value"": null}","{""status"": ""present"", ""value"": {""course_deg"": 315.4, ""type"": ""course_deg""}}"
A1,KAOV_R31,leg_1.Q5_hold_params,Q5_hold_params,1,False,target_not_present_but_pred_present,exact_status_value,"{""status"": ""present"", ""value"": {""inbound_course_deg"": null, ""leg_distance_nm"": null, ""leg_time_min"": 1.0, ""turn"": ""RIGHT""}}","{""status"": ""not_applicable"", ""value"": null}"
A1,KAOV_R31,leg_2.Q4_course_or_radial,Q4_course_or_radial,2,False,missing_leg_or_field,exact_status_value,null,"{""status"": ""present"", ""value"": {""type"": ""direct""}}"
A1,KAOV_R31,leg_3.Q4_course_or_radial,Q4_course_or_radial,3,False,missing_leg_or_field,exact_status_value,null,"{""status"": ""not_applicable"", ""value"": null}"
A1,KAOV_R31,leg_3.Q5_hold_params,Q5_hold_params,3,False,missing_leg_or_field,degree_display_rounding,null,"{""status"": ""present"", ""value"": {""inbound_course_deg"": 135.3, ""leg_distance_nm"": 5.0, ""leg_time_min"": null, ""turn"": ""RIGHT""}}"
A1,KAPC_I01L,leg_1.Q4_course_or_radial,Q4_course_or_radial,1,False,status_unknown,degree_display_rounding,"{""status"": ""unknown"", ""value"": null}","{""status"": ""present"", ""value"": {""course_deg"": 5.7, ""type"": ""course_deg""}}"
A1,KAPC_I01L,leg_2.Q4_course_or_radial,Q4_course_or_radial,2,True,correct,exact_status_value,"{""status"": ""present"", ""value"": {""type"": ""direct""}}","{""status"": ""present"", ""value"": {""type"": ""direct""}}"
A1,KAPC_I01L,leg_3.Q4_course_or_radial,Q4_course_or_radial,3,False,status_unknown,exact_status_value,"{""status"": ""unknown"", ""value"": null}","{""status"": ""not_applicable"", ""value"": null}"
A1,KAPC_I01L,leg_4.Q4_course_or_radial,Q4_course_or_radial,4,True,correct,exact_status_value,"{""status"": ""not_applicable"", ""value"": null}","{""status"": ""not_applicable"", ""value"": null}"
A1,KAPC_I01L,leg_4.Q5_hold_params,Q5_hold_params,4,False,missing_inbound_course_deg,exact_status_value,"{""status"": ""present"", ""value"": {""inbound_course_deg"": null, ""leg_distance_nm"": null, ""leg_time_min"": 1.0, ""turn"": ""RIGHT""}}","{""status"": ""present"", ""value"": {""inbound_course_deg"": 230.0, ""leg_distance_nm"": null, ""leg_time_min"": 1.0, ""turn"": ""RIGHT""}}"
A1,KAPC_R01LY,leg_1.Q4_course_or_radial,Q4_course_or_radial,1,False,status_unknown,degree_display_rounding,"{""status"": ""unknown"", ""value"": null}","{""status"": ""present"", ""value"": {""course_deg"": 5.7, ""type"": ""course_deg""}}"
A1,KAPC_R01LY,leg_2.Q4_course_or_radial,Q4_course_or_radial,2,False,status_not_applicable,exact_status_value,"{""status"": ""not_applicable"", ""value"": null}","{""status"": ""present"", ""value"": {""type"": ""direct""}}"
A1,KAPC_R01LY,leg_2.Q5_hold_params,Q5_hold_params,2,False,target_not_present_but_pred_present,exact_status_value,"{""status"": ""present"", ""value"": {""inbound_course_deg"": null, ""leg_distance_nm"": null, ""leg_time_min"": 1.0, ""turn"": ""RIGHT""}}","{""status"": ""not_applicable"", ""value"": null}"
A1,KAPC_R01LY,leg_3.Q4_course_or_radial,Q4_course_or_radial,3,False,missing_leg_or_field,exact_status_value,null,"{""status"": ""not_applicable"", ""value"": null}"
A1,KAPC_R01LY,leg_4.Q4_course_or_radial,Q4_course_or_radial,4,False,missing_leg_or_field,exact_status_value,null,"{""status"": ""not_applicable"", ""value"": null}"
A1,KAPC_R01LY,leg_4.Q5_hold_params,Q5_hold_params,4,False,missing_leg_or_field,degree_display_rounding,null,"{""status"": ""present"", ""value"": {""inbound_course_deg"": 330.4, ""leg_distance_nm"": 5.0, ""leg_time_min"": null, ""turn"": ""RIGHT""}}"
A1,KAPC_R01LZ,leg_1.Q4_course_or_radial,Q4_course_or_radial,1,False,status_unknown,degree_display_rounding,"{""status"": ""unknown"", ""value"": null}","{""status"": ""present"", ""value"": {""course_deg"": 5.7, ""type"": ""course_deg""}}"
A1,KAPC_R01LZ,leg_2.Q4_course_or_radial,Q4_course_or_radial,2,False,status_not_applicable,exact_status_value,"{""status"": ""not_applicable"", ""value"": null}","{""status"": ""present"", ""value"": {""type"": ""direct""}}"
A1,KAPC_R01LZ,leg_2.Q5_hold_params,Q5_hold_params,2,False,target_not_present_but_pred_present,exact_status_value,"{""status"": ""present"", ""value"": {""inbound_course_deg"": null, ""leg_distance_nm"": null, ""leg_time_min"": 1.0, ""turn"": ""RIGHT""}}","{""status"": ""not_applicable"", ""value"": null}"
A1,KAPC_R01LZ,leg_3.Q4_course_or_radial,Q4_course_or_radial,3,False,missing_leg_or_field,exact_status_value,null,"{""status"": ""not_applicable"", ""value"": null}"
A1,KAPC_R01LZ,leg_4.Q4_course_or_radial,Q4_course_or_radial,4,False,missing_leg_or_field,exact_status_value,null,"{""status"": ""not_applicable"", ""value"": null}"
A1,KAPC_R01LZ,leg_4.Q5_hold_params,Q5_hold_params,4,False,missing_leg_or_field,degree_display_rounding,null,"{""status"": ""present"", ""value"": {""inbound_course_deg"": 330.4, ""leg_distance_nm"": 5.0, ""leg_time_min"": null, ""turn"": ""RIGHT""}}"
A1,KAPF_R05-Y,leg_1.Q4_course_or_radial,Q4_course_or_radial,1,False,status_unknown,degree_display_rounding,"{""status"": ""unknown"", ""value"": null}","{""status"": ""present"", ""value"": {""course_deg"": 47.2, ""type"": ""course_deg""}}"
A1,KAPF_R05-Y,leg_2.Q4_course_or_radial,Q4_course_or_radial,2,False,status_not_applicable,exact_status_value,"{""status"": ""not_applicable"", ""value"": null}","{""status"": ""present"", ""value"": {""type"": ""direct""}}"
A1,KAPF_R05-Y,leg_2.Q5_hold_params,Q5_hold_params,2,False,target_not_present_but_pred_present,exact_status_value,"{""status"": ""present"", ""value"": {""inbound_course_deg"": null, ""leg_distance_nm"": null, ""leg_time_min"": 1.0, ""turn"": ""RIGHT""}}","{""status"": ""not_applicable"", ""value"": null}"
A1,KAPF_R05-Y,leg_3.Q4_course_or_radial,Q4_course_or_radial,3,True,correct,exact_status_value,"{""status"": ""not_applicable"", ""value"": null}","{""status"": ""not_applicable"", ""value"": null}"
A1,KAPF_R05-Y,leg_3.Q5_hold_params,Q5_hold_params,3,False,missing_inbound_course_deg,exact_status_value,"{""status"": ""present"", ""value"": {""inbound_course_deg"": null, ""leg_distance_nm"": 4.0, ""leg_time_min"": null, ""turn"": ""RIGHT""}}","{""status"": ""present"", ""value"": {""inbound_course_deg"": 8.0, ""leg_distance_nm"": 4.0, ""leg_time_min"": null, ""turn"": ""RIGHT""}}"
A1,KAPF_R14,leg_1.Q4_course_or_radial,Q4_course_or_radial,1,False,status_unknown,degree_display_rounding,"{""status"": ""unknown"", ""value"": null}","{""status"": ""present"", ""value"": {""course_deg"": 137.2, ""type"": ""course_deg""}}"
A1,KAPF_R14,leg_2.Q4_course_or_radial,Q4_course_or_radial,2,False,status_not_applicable,exact_status_value,"{""status"": ""not_applicable"", ""value"": null}","{""status"": ""present"", ""value"": {""type"": ""direct""}}"
A1,KAPF_R14,leg_2.Q5_hold_params,Q5_hold_params,2,False,target_not_present_but_pred_present,exact_status_value,"{""status"": ""present"", ""value"": {""inbound_course_deg"": null, ""leg_distance_nm"": null, ""leg_time_min"": 1.0, ""turn"": ""LEFT""}}","{""status"": ""not_applicable"", ""value"": null}"
A1,KAPF_R14,leg_3.Q4_course_or_radial,Q4_course_or_radial,3,True,correct,exact_status_value,"{""status"": ""not_applicable"", ""value"": null}","{""status"": ""not_applicable"", ""value"": null}"
A1,KAPF_R14,leg_3.Q5_hold_params,Q5_hold_params,3,False,missing_inbound_course_deg,exact_status_value,"{""status"": ""present"", ""value"": {""inbound_course_deg"": null, ""leg_distance_nm"": 6.0, ""leg_time_min"": null, ""turn"": ""RIGHT""}}","{""status"": ""present"", ""value"": {""inbound_course_deg"": 8.0, ""leg_distance_nm"": 4.0, ""leg_time_min"": null, ""turn"": ""RIGHT""}}"
A1,KAPF_R23-Y,leg_1.Q4_course_or_radial,Q4_course_or_radial,1,False,status_unknown,degree_display_rounding,"{""status"": ""unknown"", ""value"": null}","{""status"": ""present"", ""value"": {""course_deg"": 227.3, ""type"": ""course_deg""}}"
A1,KAPF_R23-Y,leg_2.Q4_course_or_radial,Q4_course_or_radial,2,False,status_not_applicable,exact_status_value,"{""status"": ""not_applicable"", ""value"": null}","{""status"": ""present"", ""value"": {""type"": ""direct""}}"
A1,KAPF_R23-Y,leg_2.Q5_hold_params,Q5_hold_params,2,False,target_not_present_but_pred_present,exact_status_value,"{""status"": ""present"", ""value"": {""inbound_course_deg"": null, ""leg_distance_nm"": null, ""leg_time_min"": 1.0, ""turn"": ""RIGHT""}}","{""status"": ""not_applicable"", ""value"": null}"
A1,KAPF_R23-Y,leg_3.Q4_course_or_radial,Q4_course_or_radial,3,True,correct,exact_status_value,"{""status"": ""not_applicable"", ""value"": null}","{""status"": ""not_applicable"", ""value"": null}"
A1,KAPF_R23-Y,leg_3.Q5_hold_params,Q5_hold_params,3,False,missing_inbound_course_deg,degree_display_rounding,"{""status"": ""present"", ""value"": {""inbound_course_deg"": null, ""leg_distance_nm"": null, ""leg_time_min"": 1.0, ""turn"": ""RIGHT""}}","{""status"": ""present"", ""value"": {""inbound_course_deg"": 47.2, ""leg_distance_nm"": 4.0, ""leg_time_min"": null, ""turn"": ""RIGHT""}}"
A1,KAPT_R04,leg_1.Q4_course_or_radial,Q4_course_or_radial,1,False,status_unknown,degree_display_rounding,"{""status"": ""unknown"", ""value"": null}","{""status"": ""present"", ""value"": {""course_deg"": 25.0, ""type"": ""course_deg""}}"
A1,KAPT_R04,leg_2.Q4_course_or_radial,Q4_course_or_radial,2,False,status_not_applicable,exact_status_value,"{""status"": ""not_applicable"", ""value"": null}","{""status"": ""present"", ""value"": {""type"": ""direct""}}"
A1,KAPT_R04,leg_2.Q5_hold_params,Q5_hold_params,2,False,target_not_present_but_pred_present,exact_status_value,"{""status"": ""present"", ""value"": {""inbound_course_deg"": null, ""leg_distance_nm"": null, ""leg_time_min"": 1.0, ""turn"": ""RIGHT""}}","{""status"": ""not_applicable"", ""value"": null}"
A1,KAPT_R04,leg_3.Q4_course_or_radial,Q4_course_or_radial,3,False,status_unknown,exact_status_value,"{""status"": ""unknown"", ""value"": null}","{""status"": ""not_applicable"", ""value"": null}"
A1,KAPT_R04,leg_4.Q4_course_or_radial,Q4_course_or_radial,4,False,missing_leg_or_field,exact_status_value,null,"{""status"": ""not_applicable"", ""value"": null}"
A1,KAPT_R04,leg_4.Q5_hold_params,Q5_hold_params,4,False,missing_leg_or_field,degree_display_rounding,null,"{""status"": ""present"", ""value"": {""inbound_course_deg"": 24.3, ""leg_distance_nm"": 5.0, ""leg_time_min"": null, ""turn"": ""RIGHT""}}"
A1,KAQO_R17,leg_1.Q4_course_or_radial,Q4_course_or_radial,1,False,status_unknown,degree_display_rounding,"{""status"": ""unknown"", ""value"": null}","{""status"": ""present"", ""value"": {""course_deg"": 174.2, ""type"": ""course_deg""}}"
A1,KAQO_R17,leg_2.Q4_course_or_radial,Q4_course_or_radial,2,False,status_not_applicable,exact_status_value,"{""status"": ""not_applicable"", ""value"": null}","{""status"": ""present"", ""value"": {""type"": ""direct""}}"
A1,KAQO_R17,leg_2.Q5_hold_params,Q5_hold_params,2,False,target_not_present_but_pred_present,exact_status_value,"{""status"": ""present"", ""value"": {""inbound_course_deg"": null, ""leg_distance_nm"": null, ""leg_time_min"": 1.0, ""turn"": ""RIGHT""}}","{""status"": ""not_applicable"", ""value"": null}"
A1,KAQO_R17,leg_3.Q4_course_or_radial,Q4_course_or_radial,3,True,correct,exact_status_value,"{""status"": ""not_applicable"", ""value"": null}","{""status"": ""not_applicable"", ""value"": null}"
A1,KAQO_R17,leg_3.Q5_hold_params,Q5_hold_params,3,False,missing_inbound_course_deg,degree_display_rounding,"{""status"": ""present"", ""value"": {""inbound_course_deg"": null, ""leg_distance_nm"": null, ""leg_time_min"": 1.0, ""turn"": ""RIGHT""}}","{""status"": ""present"", ""value"": {""inbound_course_deg"": 354.2, ""leg_distance_nm"": 4.0, ""leg_time_min"": null, ""turn"": ""RIGHT""}}"
A1,KAQO_R35,leg_1.Q4_course_or_radial,Q4_course_or_radial,1,False,status_unknown,degree_display_rounding,"{""status"": ""unknown"", ""value"": null}","{""status"": ""present"", ""value"": {""course_deg"": 354.2, ""type"": ""course_deg""}}"
A1,KAQO_R35,leg_2.Q4_course_or_radial,Q4_course_or_radial,2,False,status_not_applicable,exact_status_value,"{""status"": ""not_applicable"", ""value"": null}","{""status"": ""present"", ""value"": {""type"": ""direct""}}"
A1,KAQO_R35,leg_2.Q5_hold_params,Q5_hold_params,2,False,target_not_present_but_pred_present,exact_status_value,"{""status"": ""present"", ""value"": {""inbound_course_deg"": null, ""leg_distance_nm"": null, ""leg_time_min"": 1.0, ""turn"": ""RIGHT""}}","{""status"": ""not_applicable"", ""value"": null}"
A1,KAQO_R35,leg_3.Q4_course_or_radial,Q4_course_or_radial,3,False,missing_leg_or_field,exact_status_value,null,"{""status"": ""not_applicable"", ""value"": null}"
A1,KAQO_R35,leg_3.Q5_hold_params,Q5_hold_params,3,False,missing_leg_or_field,degree_display_rounding,null,"{""status"": ""present"", ""value"": {""inbound_course_deg"": 174.2, ""leg_distance_nm"": 4.0, ""leg_time_min"": null, ""turn"": ""RIGHT""}}"
A1,KAQW_RNV-A,leg_1.Q4_course_or_radial,Q4_course_or_radial,1,False,status_not_applicable,degree_display_rounding,"{""status"": ""not_applicable"", ""value"": null}","{""status"": ""present"", ""value"": {""course_deg"": 65.7, ""type"": ""course_deg""}}"
A1,KAQW_RNV-A,leg_1.Q5_hold_params,Q5_hold_params,1,False,target_not_present_but_pred_present,exact_status_value,"{""status"": ""present"", ""value"": {""inbound_course_deg"": null, ""leg_distance_nm"": null, ""leg_time_min"": 1.0, ""turn"": ""RIGHT""}}","{""status"": ""not_applicable"", ""value"": null}"
A1,KAQW_RNV-A,leg_2.Q4_course_or_radial,Q4_course_or_radial,2,False,status_not_applicable,exact_status_value,"{""status"": ""not_applicable"", ""value"": null}","{""status"": ""present"", ""value"": {""type"": ""direct""}}"
A1,KAQW_RNV-A,leg_2.Q5_hold_params,Q5_hold_params,2,False,target_not_present_but_pred_present,exact_status_value,"{""status"": ""present"", ""value"": {""inbound_course_deg"": null, ""leg_distance_nm"": null, ""leg_time_min"": 1.0, ""turn"": ""RIGHT""}}","{""status"": ""not_applicable"", ""value"": null}"
A1,KAQW_RNV-A,leg_3.Q4_course_or_radial,Q4_course_or_radial,3,True,correct,exact_status_value,"{""status"": ""not_applicable"", ""value"": null}","{""status"": ""not_applicable"", ""value"": null}"
A1,KAQW_RNV-A,leg_3.Q5_hold_params,Q5_hold_params,3,False,missing_inbound_course_deg,exact_status_value,"{""status"": ""present"", ""value"": {""inbound_course_deg"": null, ""leg_distance_nm"": 5.0, ""leg_time_min"": null, ""turn"": ""RIGHT""}}","{""status"": ""present"", ""value"": {""inbound_course_deg"": 97.0, ""leg_distance_nm"": 5.0, ""leg_time_min"": null, ""turn"": ""LEFT""}}"
A1,KAQW_RNV-B,leg_1.Q4_course_or_radial,Q4_course_or_radial,1,False,status_not_applicable,degree_display_rounding,"{""status"": ""not_applicable"", ""value"": null}","{""status"": ""present"", ""value"": {""course_deg"": 298.6, ""type"": ""course_deg""}}"
A1,KAQW_RNV-B,leg_1.Q5_hold_params,Q5_hold_params,1,False,target_not_present_but_pred_present,exact_status_value,"{""status"": ""present"", ""value"": {""inbound_course_deg"": null, ""leg_distance_nm"": null, ""leg_time_min"": 1.0, ""turn"": ""RIGHT""}}","{""status"": ""not_applicable"", ""value"": null}"
A1,KAQW_RNV-B,leg_2.Q4_course_or_radial,Q4_course_or_radial,2,False,status_not_applicable,exact_status_value,"{""status"": ""not_applicable"", ""value"": null}","{""status"": ""present"", ""value"": {""type"": ""direct""}}"
A1,KAQW_RNV-B,leg_2.Q5_hold_params,Q5_hold_params,2,False,target_not_present_but_pred_present,exact_status_value,"{""status"": ""present"", ""value"": {""inbound_course_deg"": null, ""leg_distance_nm"": 5.0, ""leg_time_min"": null, ""turn"": ""RIGHT""}}","{""status"": ""not_applicable"", ""value"": null}"
A1,KAQW_RNV-B,leg_3.Q4_course_or_radial,Q4_course_or_radial,3,True,correct,exact_status_value,"{""status"": ""not_applicable"", ""value"": null}","{""status"": ""not_applicable"", ""value"": null}"
A1,KAQW_RNV-B,leg_3.Q5_hold_params,Q5_hold_params,3,False,missing_inbound_course_deg,degree_display_rounding,"{""status"": ""present"", ""value"": {""inbound_course_deg"": null, ""leg_distance_nm"": 4.0, ""leg_time_min"": null, ""turn"": ""RIGHT""}}","{""status"": ""present"", ""value"": {""inbound_course_deg"": 65.6, ""leg_distance_nm"": 5.0, ""leg_time_min"": null, ""turn"": ""RIGHT""}}"
A1,KAQX_R17,leg_1.Q4_course_or_radial,Q4_course_or_radial,1,False,status_unknown,degree_display_rounding,"{""status"": ""unknown"", ""value"": null}","{""status"": ""present"", ""value"": {""course_deg"": 168.1, ""type"": ""course_deg""}}"
A1,KAQX_R17,leg_2.Q4_course_or_radial,Q4_course_or_radial,2,False,status_not_applicable,exact_status_value,"{""status"": ""not_applicable"", ""value"": null}","{""status"": ""present"", ""value"": {""type"": ""direct""}}"
A1,KAQX_R17,leg_2.Q5_hold_params,Q5_hold_params,2,False,target_not_present_but_pred_present,exact_status_value,"{""status"": ""present"", ""value"": {""inbound_course_deg"": null, ""leg_distance_nm"": null, ""leg_time_min"": 1.0, ""turn"": ""RIGHT""}}","{""status"": ""not_applicable"", ""value"": null}"
A1,KAQX_R17,leg_3.Q4_course_or_radial,Q4_course_or_radial,3,False,missing_leg_or_field,exact_status_value,null,"{""status"": ""not_applicable"", ""value"": null}"
A1,KAQX_R17,leg_3.Q5_hold_params,Q5_hold_params,3,False,missing_leg_or_field,degree_display_rounding,null,"{""status"": ""present"", ""value"": {""inbound_course_deg"": 78.1, ""leg_distance_nm"": 4.0, ""leg_time_min"": null, ""turn"": ""RIGHT""}}"
A1,KAQX_R35,leg_1.Q4_course_or_radial,Q4_course_or_radial,1,False,type_mismatch:direct->course_deg,degree_display_rounding,"{""status"": ""present"", ""value"": {""type"": ""direct""}}","{""status"": ""present"", ""value"": {""course_deg"": 348.2, ""type"": ""course_deg""}}"
A1,KAQX_R35,leg_2.Q4_course_or_radial,Q4_course_or_radial,2,False,status_not_applicable,exact_status_value,"{""status"": ""not_applicable"", ""value"": null}","{""status"": ""present"", ""value"": {""type"": ""direct""}}"
A1,KAQX_R35,leg_2.Q5_hold_params,Q5_hold_params,2,False,target_not_present_but_pred_present,exact_status_value,"{""status"": ""present"", ""value"": {""inbound_course_deg"": null, ""leg_distance_nm"": null, ""leg_time_min"": 1.0, ""turn"": ""RIGHT""}}","{""status"": ""not_applicable"", ""value"": null}"
A1,KAQX_R35,leg_3.Q4_course_or_radial,Q4_course_or_radial,3,False,missing_leg_or_field,exact_status_value,null,"{""status"": ""not_applicable"", ""value"": null}"
A1,KAQX_R35,leg_3.Q5_hold_params,Q5_hold_params,3,False,missing_leg_or_field,degree_display_rounding,null,"{""status"": ""present"", ""value"": {""inbound_course_deg"": 168.1, ""leg_distance_nm"": 4.0, ""leg_time_min"": null, ""turn"": ""RIGHT""}}"
A1,KARA_R17,leg_1.Q4_course_or_radial,Q4_course_or_radial,1,False,status_unknown,degree_display_rounding,"{""status"": ""unknown"", ""value"": null}","{""status"": ""present"", ""value"": {""course_deg"": 167.5, ""type"": ""course_deg""}}"
A1,KARA_R17,leg_2.Q4_course_or_radial,Q4_course_or_radial,2,False,status_unknown,exact_status_value,"{""status"": ""unknown"", ""value"": null}","{""status"": ""present"", ""value"": {""type"": ""direct""}}"
A1,KARA_R17,leg_3.Q4_course_or_radial,Q4_course_or_radial,3,True,correct,exact_status_value,"{""status"": ""not_applicable"", ""value"": null}","{""status"": ""not_applicable"", ""value"": null}"
A1,KARA_R17,leg_3.Q5_hold_params,Q5_hold_params,3,False,missing_inbound_course_deg,degree_display_rounding,"{""status"": ""present"", ""value"": {""inbound_course_deg"": null, ""leg_distance_nm"": null, ""leg_time_min"": 1.0, ""turn"": ""RIGHT""}}","{""status"": ""present"", ""value"": {""inbound_course_deg"": 294.3, ""leg_distance_nm"": 4.0, ""leg_time_min"": null, ""turn"": ""RIGHT""}}"
A1,KARA_R35,leg_1.Q4_course_or_radial,Q4_course_or_radial,1,False,status_unknown,degree_display_rounding,"{""status"": ""unknown"", ""value"": null}","{""status"": ""present"", ""value"": {""course_deg"": 347.5, ""type"": ""course_deg""}}"
A1,KARA_R35,leg_2.Q4_course_or_radial,Q4_course_or_radial,2,False,status_not_applicable,exact_status_value,"{""status"": ""not_applicable"", ""value"": null}","{""status"": ""present"", ""value"": {""type"": ""direct""}}"
A1,KARA_R35,leg_2.Q5_hold_params,Q5_hold_params,2,False,target_not_present_but_pred_present,exact_status_value,"{""status"": ""present"", ""value"": {""inbound_course_deg"": null, ""leg_distance_nm"": null, ""leg_time_min"": 1.0, ""turn"": ""RIGHT""}}","{""status"": ""not_applicable"", ""value"": null}"
A1,KARA_R35,leg_3.Q4_course_or_radial,Q4_course_or_radial,3,True,correct,exact_status_value,"{""status"": ""not_applicable"", ""value"": null}","{""status"": ""not_applicable"", ""value"": null}"
A1,KARA_R35,leg_3.Q5_hold_params,Q5_hold_params,3,False,missing_inbound_course_deg,degree_display_rounding,"{""status"": ""present"", ""value"": {""inbound_course_deg"": null, ""leg_distance_nm"": null, ""leg_time_min"": 1.0, ""turn"": ""RIGHT""}}","{""status"": ""present"", ""value"": {""inbound_course_deg"": 271.8, ""leg_distance_nm"": 4.0, ""leg_time_min"": null, ""turn"": ""LEFT""}}"
A1,KARB_R06,leg_1.Q4_course_or_radial,Q4_course_or_radial,1,False,status_not_applicable,degree_display_rounding,"{""status"": ""not_applicable"", ""value"": null}","{""status"": ""present"", ""value"": {""course_deg"": 59.5, ""type"": ""course_deg""}}"
A1,KARB_R06,leg_1.Q5_hold_params,Q5_hold_params,1,False,target_not_present_but_pred_present,exact_status_value,"{""status"": ""present"", ""value"": {""inbound_course_deg"": null, ""leg_distance_nm"": null, ""leg_time_min"": 1.0, ""turn"": ""RIGHT""}}","{""status"": ""not_applicable"", ""value"": null}"
A1,KARB_R06,leg_2.Q4_course_or_radial,Q4_course_or_radial,2,False,missing_leg_or_field,exact_status_value,null,"{""status"": ""present"", ""value"": {""type"": ""direct""}}"
A1,KARB_R06,leg_3.Q4_course_or_radial,Q4_course_or_radial,3,False,missing_leg_or_field,exact_status_value,null,"{""status"": ""not_applicable"", ""value"": null}"
A1,KARB_R06,leg_3.Q5_hold_params,Q5_hold_params,3,False,missing_leg_or_field,degree_display_rounding,null,"{""status"": ""present"", ""value"": {""inbound_course_deg"": 239.7, ""leg_distance_nm"": 5.0, ""leg_time_min"": null, ""turn"": ""RIGHT""}}"
A1,KARB_R24,leg_1.Q4_course_or_radial,Q4_course_or_radial,1,False,status_unknown,degree_display_rounding,"{""status"": ""unknown"", ""value"": null}","{""status"": ""present"", ""value"": {""course_deg"": 239.6, ""type"": ""course_deg""}}"
A1,KARB_R24,leg_2.Q4_course_or_radial,Q4_course_or_radial,2,False,status_not_applicable,exact_status_value,"{""status"": ""not_applicable"", ""value"": null}","{""status"": ""present"", ""value"": {""type"": ""direct""}}"
A1,KARB_R24,leg_2.Q5_hold_params,Q5_hold_params,2,False,target_not_present_but_pred_present,exact_status_value,"{""status"": ""present"", ""value"": {""inbound_course_deg"": null, ""leg_distance_nm"": null, ""leg_time_min"": 1.0, ""turn"": ""RIGHT""}}","{""status"": ""not_applicable"", ""value"": null}"
A1,KARB_R24,leg_3.Q4_course_or_radial,Q4_course_or_radial,3,True,correct,exact_status_value,"{""status"": ""not_applicable"", ""value"": null}","{""status"": ""not_applicable"", ""value"": null}"
A1,KARB_R24,leg_3.Q5_hold_params,Q5_hold_params,3,False,missing_inbound_course_deg,degree_display_rounding,"{""status"": ""present"", ""value"": {""inbound_course_deg"": null, ""leg_distance_nm"": null, ""leg_time_min"": 1.0, ""turn"": ""RIGHT""}}","{""status"": ""present"", ""value"": {""inbound_course_deg"": 59.4, ""leg_distance_nm"": 5.0, ""leg_time_min"": null, ""turn"": ""RIGHT""}}"
A1,KARG_R04,leg_1.Q4_course_or_radial,Q4_course_or_radial,1,False,status_unknown,degree_display_rounding,"{""status"": ""unknown"", ""value"": null}","{""status"": ""present"", ""value"": {""course_deg"": 44.0, ""type"": ""course_deg""}}"
A1,KARG_R04,leg_2.Q4_course_or_radial,Q4_course_or_radial,2,False,status_not_applicable,exact_status_value,"{""status"": ""not_applicable"", ""value"": null}","{""status"": ""present"", ""value"": {""type"": ""direct""}}"
A1,KARG_R04,leg_2.Q5_hold_params,Q5_hold_params,2,False,target_not_present_but_pred_present,exact_status_value,"{""status"": ""present"", ""value"": {""inbound_course_deg"": null, ""leg_distance_nm"": null, ""leg_time_min"": 1.0, ""turn"": ""RIGHT""}}","{""status"": ""not_applicable"", ""value"": null}"
A1,KARG_R04,leg_3.Q4_course_or_radial,Q4_course_or_radial,3,True,correct,exact_status_value,"{""status"": ""not_applicable"", ""value"": null}","{""status"": ""not_applicable"", ""value"": null}"
A1,KARG_R04,leg_3.Q5_hold_params,Q5_hold_params,3,False,missing_inbound_course_deg,degree_display_rounding,"{""status"": ""present"", ""value"": {""inbound_course_deg"": null, ""leg_distance_nm"": null, ""leg_time_min"": 1.0, ""turn"": ""RIGHT""}}","{""status"": ""present"", ""value"": {""inbound_course_deg"": 224.2, ""leg_distance_nm"": 4.0, ""leg_time_min"": null, ""turn"": ""RIGHT""}}"
A1,KARG_R18,leg_1.Q4_course_or_radial,Q4_course_or_radial,1,False,type_mismatch:direct->course_deg,degree_display_rounding,"{""status"": ""present"", ""value"": {""type"": ""direct""}}","{""status"": ""present"", ""value"": {""course_deg"": 179.0, ""type"": ""course_deg""}}"
A1,KARG_R18,leg_2.Q4_course_or_radial,Q4_course_or_radial,2,False,status_not_applicable,exact_status_value,"{""status"": ""not_applicable"", ""value"": null}","{""status"": ""present"", ""value"": {""type"": ""direct""}}"
A1,KARG_R18,leg_2.Q5_hold_params,Q5_hold_params,2,False,target_not_present_but_pred_present,exact_status_value,"{""status"": ""present"", ""value"": {""inbound_course_deg"": null, ""leg_distance_nm"": null, ""leg_time_min"": 1.0, ""turn"": ""RIGHT""}}","{""status"": ""not_applicable"", ""value"": null}"
A1,KARG_R18,leg_3.Q4_course_or_radial,Q4_course_or_radial,3,False,missing_leg_or_field,exact_status_value,null,"{""status"": ""not_applicable"", ""value"": null}"
A1,KARG_R18,leg_3.Q5_hold_params,Q5_hold_params,3,False,missing_leg_or_field,exact_status_value,null,"{""status"": ""present"", ""value"": {""inbound_course_deg"": 359.0, ""leg_distance_nm"": 4.0, ""leg_time_min"": null, ""turn"": ""RIGHT""}}"
A1,KARG_R22,leg_1.Q4_course_or_radial,Q4_course_or_radial,1,False,status_not_applicable,degree_display_rounding,"{""status"": ""not_applicable"", ""value"": null}","{""status"": ""present"", ""value"": {""course_deg"": 224.1, ""type"": ""course_deg""}}"
A1,KARG_R22,leg_1.Q5_hold_params,Q5_hold_params,1,False,target_not_present_but_pred_present,exact_status_value,"{""status"": ""present"", ""value"": {""inbound_course_deg"": null, ""leg_distance_nm"": null, ""leg_time_min"": 1.0, ""turn"": ""RIGHT""}}","{""status"": ""not_applicable"", ""value"": null}"
A1,KARG_R22,leg_2.Q4_course_or_radial,Q4_course_or_radial,2,False,missing_leg_or_field,exact_status_value,null,"{""status"": ""present"", ""value"": {""type"": ""direct""}}"
A1,KARG_R22,leg_3.Q4_course_or_radial,Q4_course_or_radial,3,False,missing_leg_or_field,exact_status_value,null,"{""status"": ""not_applicable"", ""value"": null}"
A1,KARG_R22,leg_3.Q5_hold_params,Q5_hold_params,3,False,missing_leg_or_field,exact_status_value,null,"{""status"": ""present"", ""value"": {""inbound_course_deg"": 44.0, ""leg_distance_nm"": 4.0, ""leg_time_min"": null, ""turn"": ""RIGHT""}}"
A1,KARV_R18,leg_1.Q4_course_or_radial,Q4_course_or_radial,1,False,status_unknown,degree_display_rounding,"{""status"": ""unknown"", ""value"": null}","{""status"": ""present"", ""value"": {""course_deg"": 180.9, ""type"": ""course_deg""}}"
A1,KARV_R18,leg_2.Q4_course_or_radial,Q4_course_or_radial,2,True,correct,exact_status_value,"{""status"": ""present"", ""value"": {""type"": ""direct""}}","{""status"": ""present"", ""value"": {""type"": ""direct""}}"
A1,KARV_R18,leg_3.Q4_course_or_radial,Q4_course_or_radial,3,False,status_not_applicable,degree_display_rounding,"{""status"": ""not_applicable"", ""value"": null}","{""status"": ""present"", ""value"": {""course_deg"": 283.3, ""type"": ""course_deg""}}"
A1,KARV_R18,leg_3.Q5_hold_params,Q5_hold_params,3,False,target_not_present_but_pred_present,exact_status_value,"{""status"": ""present"", ""value"": {""inbound_course_deg"": null, ""leg_distance_nm"": null, ""leg_time_min"": 1.0, ""turn"": ""RIGHT""}}","{""status"": ""not_applicable"", ""value"": null}"
A1,KARV_R18,leg_4.Q4_course_or_radial,Q4_course_or_radial,4,True,correct,exact_status_value,"{""status"": ""not_applicable"", ""value"": null}","{""status"": ""not_applicable"", ""value"": null}"
A1,KARV_R18,leg_4.Q5_hold_params,Q5_hold_params,4,False,missing_inbound_course_deg,degree_display_rounding,"{""status"": ""present"", ""value"": {""inbound_course_deg"": null, ""leg_distance_nm"": 4.0, ""leg_time_min"": null, ""turn"": ""RIGHT""}}","{""status"": ""present"", ""value"": {""inbound_course_deg"": 122.5, ""leg_distance_nm"": 5.0, ""leg_time_min"": null, ""turn"": ""RIGHT""}}"
A1,KARV_R28,leg_1.Q4_course_or_radial,Q4_course_or_radial,1,False,status_unknown,degree_display_rounding,"{""status"": ""unknown"", ""value"": null}","{""status"": ""present"", ""value"": {""course_deg"": 282.6, ""type"": ""course_deg""}}"
A1,KARV_R28,leg_2.Q4_course_or_radial,Q4_course_or_radial,2,True,correct,exact_status_value,"{""status"": ""present"", ""value"": {""type"": ""direct""}}","{""status"": ""present"", ""value"": {""type"": ""direct""}}"
A1,KARV_R28,leg_3.Q4_course_or_radial,Q4_course_or_radial,3,False,status_not_applicable,degree_display_rounding,"{""status"": ""not_applicable"", ""value"": null}","{""status"": ""present"", ""value"": {""course_deg"": 248.7, ""type"": ""course_deg""}}"
A1,KARV_R28,leg_3.Q5_hold_params,Q5_hold_params,3,False,target_not_present_but_pred_present,exact_status_value,"{""status"": ""present"", ""value"": {""inbound_course_deg"": null, ""leg_distance_nm"": null, ""leg_time_min"": 1.0, ""turn"": ""RIGHT""}}","{""status"": ""not_applicable"", ""value"": null}"
A1,KARV_R28,leg_4.Q4_course_or_radial,Q4_course_or_radial,4,False,missing_leg_or_field,exact_status_value,null,"{""status"": ""not_applicable"", ""value"": null}"
A1,KARV_R28,leg_4.Q5_hold_params,Q5_hold_params,4,False,missing_leg_or_field,degree_display_rounding,null,"{""status"": ""present"", ""value"": {""inbound_course_deg"": 122.5, ""leg_distance_nm"": 5.0, ""leg_time_min"": null, ""turn"": ""RIGHT""}}"
A1,KAST_R26,leg_1.Q4_course_or_radial,Q4_course_or_radial,1,False,status_unknown,degree_display_rounding,"{""status"": ""unknown"", ""value"": null}","{""status"": ""present"", ""value"": {""course_deg"": 260.7, ""type"": ""course_deg""}}"
A1,KAST_R26,leg_2.Q4_course_or_radial,Q4_course_or_radial,2,True,correct,exact_status_value,"{""status"": ""present"", ""value"": {""type"": ""direct""}}","{""status"": ""present"", ""value"": {""type"": ""direct""}}"
A1,KAST_R26,leg_3.Q4_course_or_radial,Q4_course_or_radial,3,True,correct,exact_status_value,"{""status"": ""not_applicable"", ""value"": null}","{""status"": ""not_applicable"", ""value"": null}"
A1,KAST_R26,leg_3.Q5_hold_params,Q5_hold_params,3,False,target_not_present_but_pred_present,exact_status_value,"{""status"": ""present"", ""value"": {""inbound_course_deg"": null, ""leg_distance_nm"": null, ""leg_time_min"": 1.0, ""turn"": ""RIGHT""}}","{""status"": ""not_applicable"", ""value"": null}"
A1,KAST_R26,leg_4.Q4_course_or_radial,Q4_course_or_radial,4,True,correct,exact_status_value,"{""status"": ""not_applicable"", ""value"": null}","{""status"": ""not_applicable"", ""value"": null}"
A1,KAST_R26,leg_4.Q5_hold_params,Q5_hold_params,4,False,target_not_present_but_pred_present,exact_status_value,"{""status"": ""present"", ""value"": {""inbound_course_deg"": null, ""leg_distance_nm"": 9.0, ""leg_time_min"": null, ""turn"": ""RIGHT""}}","{""status"": ""not_applicable"", ""value"": null}"
A1,KAST_R26,leg_5.Q4_course_or_radial,Q4_course_or_radial,5,False,missing_leg_or_field,exact_status_value,null,"{""status"": ""not_applicable"", ""value"": null}"
A1,KAST_R26,leg_5.Q5_hold_params,Q5_hold_params,5,False,missing_leg_or_field,degree_display_rounding,null,"{""status"": ""present"", ""value"": {""inbound_course_deg"": 349.6, ""leg_distance_nm"": 5.0, ""leg_time_min"": null, ""turn"": ""LEFT""}}"
A1,KATL_I09R,leg_1.Q4_course_or_radial,Q4_course_or_radial,1,True,correct,degree_display_rounding,"{""status"": ""present"", ""value"": {""course_deg"": 100.0, ""type"": ""course_deg""}}","{""status"": ""present"", ""value"": {""course_deg"": 100.0, ""type"": ""course_deg""}}"
A1,KATL_I09R,leg_2.Q4_course_or_radial,Q4_course_or_radial,2,False,status_unknown,degree_display_rounding,"{""status"": ""unknown"", ""value"": null}","{""status"": ""present"", ""value"": {""direction"": ""inbound"", ""navaid"": ""AHN"", ""radial_deg"": 234.6, ""type"": ""navaid_radial""}}"
A1,KATL_I09R,leg_3.Q4_course_or_radial,Q4_course_or_radial,3,True,correct,exact_status_value,"{""status"": ""not_applicable"", ""value"": null}","{""status"": ""not_applicable"", ""value"": null}"
A1,KATL_I09R,leg_3.Q5_hold_params,Q5_hold_params,3,False,missing_inbound_course_deg,degree_display_rounding,"{""status"": ""present"", ""value"": {""inbound_course_deg"": null, ""leg_distance_nm"": null, ""leg_time_min"": 1.0, ""turn"": ""RIGHT""}}","{""status"": ""present"", ""value"": {""inbound_course_deg"": 54.6, ""leg_distance_nm"": null, ""leg_time_min"": 1.0, ""turn"": ""RIGHT""}}"
A1,KAUS_I18L,leg_1.Q4_course_or_radial,Q4_course_or_radial,1,False,status_unknown,degree_display_rounding,"{""status"": ""unknown"", ""value"": null}","{""status"": ""present"", ""value"": {""course_deg"": 174.7, ""type"": ""course_deg""}}"
A1,KAUS_I18L,leg_2.Q4_course_or_radial,Q4_course_or_radial,2,True,correct,degree_display_rounding,"{""status"": ""present"", ""value"": {""course_deg"": 40.0, ""type"": ""course_deg""}}","{""status"": ""present"", ""value"": {""course_deg"": 40.0, ""type"": ""course_deg""}}"
A1,KAUS_I18L,leg_3.Q4_course_or_radial,Q4_course_or_radial,3,False,status_not_applicable,degree_display_rounding,"{""status"": ""not_applicable"", ""value"": null}","{""status"": ""present"", ""value"": {""direction"": ""inbound"", ""navaid"": ""CWK"", ""radial_deg"": 87.7, ""type"": ""navaid_radial""}}"
A1,KAUS_I18L,leg_3.Q5_hold_params,Q5_hold_params,3,False,target_not_present_but_pred_present,exact_status_value,"{""status"": ""present"", ""value"": {""inbound_course_deg"": null, ""leg_distance_nm"": null, ""leg_time_min"": 1.0, ""turn"": ""RIGHT""}}","{""status"": ""not_applicable"", ""value"": null}"
A1,KAUS_I18L,leg_4.Q4_course_or_radial,Q4_course_or_radial,4,False,status_unknown,exact_status_value,"{""status"": ""unknown"", ""value"": null}","{""status"": ""not_applicable"", ""value"": null}"
A1,KAUS_I18L,leg_4.Q5_hold_params,Q5_hold_params,4,False,status_not_applicable,degree_display_rounding,"{""status"": ""not_applicable"", ""value"": null}","{""status"": ""present"", ""value"": {""inbound_course_deg"": 267.7, ""leg_distance_nm"": null, ""leg_time_min"": 1.0, ""turn"": ""RIGHT""}}"
A1,KAVQ_R12,leg_1.Q4_course_or_radial,Q4_course_or_radial,1,False,status_unknown,degree_display_rounding,"{""status"": ""unknown"", ""value"": null}","{""status"": ""present"", ""value"": {""course_deg"": 138.4, ""type"": ""course_deg""}}"
A1,KAVQ_R12,leg_2.Q4_course_or_radial,Q4_course_or_radial,2,False,status_not_applicable,exact_status_value,"{""status"": ""not_applicable"", ""value"": null}","{""status"": ""present"", ""value"": {""type"": ""direct""}}"
A1,KAVQ_R12,leg_2.Q5_hold_params,Q5_hold_params,2,False,target_not_present_but_pred_present,exact_status_value,"{""status"": ""present"", ""value"": {""inbound_course_deg"": null, ""leg_distance_nm"": null, ""leg_time_min"": 1.0, ""turn"": ""RIGHT""}}","{""status"": ""not_applicable"", ""value"": null}"
A1,KAVQ_R12,leg_3.Q4_course_or_radial,Q4_course_or_radial,3,False,status_unknown,exact_status_value,"{""status"": ""unknown"", ""value"": null}","{""status"": ""not_applicable"", ""value"": null}"
A1,KAVQ_R12,leg_3.Q5_hold_params,Q5_hold_params,3,False,status_not_applicable,degree_display_rounding,"{""status"": ""not_applicable"", ""value"": null}","{""status"": ""present"", ""value"": {""inbound_course_deg"": 128.1, ""leg_distance_nm"": 6.0, ""leg_time_min"": null, ""turn"": ""RIGHT""}}"
A1,KAVQ_R21,leg_1.Q4_course_or_radial,Q4_course_or_radial,1,False,status_not_applicable,degree_display_rounding,"{""status"": ""not_applicable"", ""value"": null}","{""status"": ""present"", ""value"": {""course_deg"": 198.6, ""type"": ""course_deg""}}"
A1,KAVQ_R21,leg_1.Q5_hold_params,Q5_hold_params,1,False,target_not_present_but_pred_present,exact_status_value,"{""status"": ""present"", ""value"": {""inbound_course_deg"": null, ""leg_distance_nm"": null, ""leg_time_min"": 1.0, ""turn"": ""RIGHT""}}","{""status"": ""not_applicable"", ""value"": null}"
A1,KAVQ_R21,leg_2.Q4_course_or_radial,Q4_course_or_radial,2,False,missing_leg_or_field,exact_status_value,null,"{""status"": ""present"", ""value"": {""type"": ""direct""}}"
A1,KAVQ_R21,leg_3.Q4_course_or_radial,Q4_course_or_radial,3,False,missing_leg_or_field,exact_status_value,null,"{""status"": ""not_applicable"", ""value"": null}"
A1,KAVQ_R21,leg_4.Q4_course_or_radial,Q4_course_or_radial,4,False,missing_leg_or_field,exact_status_value,null,"{""status"": ""not_applicable"", ""value"": null}"
A1,KAVQ_R21,leg_4.Q5_hold_params,Q5_hold_params,4,False,missing_leg_or_field,exact_status_value,null,"{""status"": ""present"", ""value"": {""inbound_course_deg"": 111.0, ""leg_distance_nm"": 6.0, ""leg_time_min"": null, ""turn"": ""LEFT""}}"
A1,KAWG_R36,leg_1.Q4_course_or_radial,Q4_course_or_radial,1,False,status_not_applicable,degree_display_rounding,"{""status"": ""not_applicable"", ""value"": null}","{""status"": ""present"", ""value"": {""course_deg"": 4.1, ""type"": ""course_deg""}}"
A1,KAWG_R36,leg_1.Q5_hold_params,Q5_hold_params,1,False,target_not_present_but_pred_present,exact_status_value,"{""status"": ""present"", ""value"": {""inbound_course_deg"": null, ""leg_distance_nm"": null, ""leg_time_min"": 1.0, ""turn"": ""RIGHT""}}","{""status"": ""not_applicable"", ""value"": null}"
A1,KAWG_R36,leg_2.Q4_course_or_radial,Q4_course_or_radial,2,False,missing_leg_or_field,exact_status_value,null,"{""status"": ""present"", ""value"": {""type"": ""direct""}}"
A1,KAWG_R36,leg_3.Q4_course_or_radial,Q4_course_or_radial,3,False,missing_leg_or_field,exact_status_value,null,"{""status"": ""not_applicable"", ""value"": null}"
A1,KAWG_R36,leg_3.Q5_hold_params,Q5_hold_params,3,False,missing_leg_or_field,degree_display_rounding,null,"{""status"": ""present"", ""value"": {""inbound_course_deg"": 184.1, ""leg_distance_nm"": 4.0, ""leg_time_min"": null, ""turn"": ""RIGHT""}}"
A1,KAWM_L17,leg_1.Q4_course_or_radial,Q4_course_or_radial,1,False,status_unknown,degree_display_rounding,"{""status"": ""unknown"", ""value"": null}","{""status"": ""present"", ""value"": {""course_deg"": 179.6, ""type"": ""course_deg""}}"
A1,KAWM_L17,leg_2.Q4_course_or_radial,Q4_course_or_radial,2,False,status_not_applicable,degree_display_rounding,"{""status"": ""not_applicable"", ""value"": null}","{""status"": ""present"", ""value"": {""direction"": ""inbound"", ""navaid"": ""GQE"", ""radial_deg"": 147.0, ""type"": ""navaid_radial""}}"
A1,KAWM_L17,leg_2.Q5_hold_params,Q5_hold_params,2,False,target_not_present_but_pred_present,exact_status_value,"{""status"": ""present"", ""value"": {""inbound_course_deg"": null, ""leg_distance_nm"": null, ""leg_time_min"": 1.0, ""turn"": ""RIGHT""}}","{""status"": ""not_applicable"", ""value"": null}"
A1,KAWM_L17,leg_3.Q4_course_or_radial,Q4_course_or_radial,3,False,status_unknown,exact_status_value,"{""status"": ""unknown"", ""value"": null}","{""status"": ""not_applicable"", ""value"": null}"
A1,KAWM_L17,leg_3.Q5_hold_params,Q5_hold_params,3,False,status_not_applicable,exact_status_value,"{""status"": ""not_applicable"", ""value"": null}","{""status"": ""present"", ""value"": {""inbound_course_deg"": 122.0, ""leg_distance_nm"": null, ""leg_time_min"": 1.0, ""turn"": ""RIGHT""}}"
A1,KAXH_L09,leg_1.Q4_course_or_radial,Q4_course_or_radial,1,False,type_mismatch:direct->course_deg,degree_display_rounding,"{""status"": ""present"", ""value"": {""type"": ""direct""}}","{""status"": ""present"", ""value"": {""course_deg"": 89.2, ""type"": ""course_deg""}}"
A1,KAXH_L09,leg_2.Q4_course_or_radial,Q4_course_or_radial,2,False,missing_leg_or_field,exact_status_value,null,"{""status"": ""present"", ""value"": {""type"": ""direct""}}"
A1,KAXH_R27,leg_1.Q4_course_or_radial,Q4_course_or_radial,1,False,status_unknown,degree_display_rounding,"{""status"": ""unknown"", ""value"": null}","{""status"": ""present"", ""value"": {""course_deg"": 269.3, ""type"": ""course_deg""}}"
A1,KAXH_R27,leg_2.Q4_course_or_radial,Q4_course_or_radial,2,True,correct,exact_status_value,"{""status"": ""present"", ""value"": {""type"": ""direct""}}","{""status"": ""present"", ""value"": {""type"": ""direct""}}"
A1,KAXH_R27,leg_3.Q4_course_or_radial,Q4_course_or_radial,3,False,missing_leg_or_field,degree_display_rounding,null,"{""status"": ""present"", ""value"": {""course_deg"": 200.4, ""type"": ""course_deg""}}"
A1,KAXV_R26,leg_1.Q4_course_or_radial,Q4_course_or_radial,1,False,status_unknown,degree_display_rounding,"{""status"": ""unknown"", ""value"": null}","{""status"": ""present"", ""value"": {""course_deg"": 260.7, ""type"": ""course_deg""}}"
A1,KAXV_R26,leg_2.Q4_course_or_radial,Q4_course_or_radial,2,False,status_not_applicable,exact_status_value,"{""status"": ""not_applicable"", ""value"": null}","{""status"": ""present"", ""value"": {""type"": ""direct""}}"
A1,KAXV_R26,leg_2.Q5_hold_params,Q5_hold_params,2,False,target_not_present_but_pred_present,exact_status_value,"{""status"": ""present"", ""value"": {""inbound_course_deg"": null, ""leg_distance_nm"": null, ""leg_time_min"": 1.0, ""turn"": ""RIGHT""}}","{""status"": ""not_applicable"", ""value"": null}"
A1,KAXV_R26,leg_3.Q4_course_or_radial,Q4_course_or_radial,3,False,missing_leg_or_field,exact_status_value,null,"{""status"": ""not_applicable"", ""value"": null}"
A1,KAXV_R26,leg_3.Q5_hold_params,Q5_hold_params,3,False,missing_leg_or_field,degree_display_rounding,null,"{""status"": ""present"", ""value"": {""inbound_course_deg"": 80.4, ""leg_distance_nm"": 4.0, ""leg_time_min"": null, ""turn"": ""RIGHT""}}"
A1,KBDL_L33,leg_1.Q4_course_or_radial,Q4_course_or_radial,1,False,status_unknown,degree_display_rounding,"{""status"": ""unknown"", ""value"": null}","{""status"": ""present"", ""value"": {""course_deg"": 328.4, ""type"": ""course_deg""}}"
A1,KBDL_L33,leg_2.Q4_course_or_radial,Q4_course_or_radial,2,False,status_not_applicable,exact_status_value,"{""status"": ""not_applicable"", ""value"": null}","{""status"": ""present"", ""value"": {""type"": ""direct""}}"
A1,KBDL_L33,leg_2.Q5_hold_params,Q5_hold_params,2,False,target_not_present_but_pred_present,exact_status_value,"{""status"": ""present"", ""value"": {""inbound_course_deg"": null, ""leg_distance_nm"": null, ""leg_time_min"": 1.0, ""turn"": ""RIGHT""}}","{""status"": ""not_applicable"", ""value"": null}"
A1,KBDL_L33,leg_3.Q4_course_or_radial,Q4_course_or_radial,3,False,status_unknown,exact_status_value,"{""status"": ""unknown"", ""value"": null}","{""status"": ""not_applicable"", ""value"": null}"
A1,KBDL_L33,leg_3.Q5_hold_params,Q5_hold_params,3,False,status_not_applicable,degree_display_rounding,"{""status"": ""not_applicable"", ""value"": null}","{""status"": ""present"", ""value"": {""inbound_course_deg"": 274.8, ""leg_distance_nm"": null, ""leg_time_min"": 1.0, ""turn"": ""LEFT""}}"
A1,KBDN_R34,leg_1.Q4_course_or_radial,Q4_course_or_radial,1,False,type_mismatch:direct->course_deg,degree_display_rounding,"{""status"": ""present"", ""value"": {""type"": ""direct""}}","{""status"": ""present"", ""value"": {""course_deg"": 331.1, ""type"": ""course_deg""}}"
A1,KBDN_R34,leg_2.Q4_course_or_radial,Q4_course_or_radial,2,False,status_not_applicable,exact_status_value,"{""status"": ""not_applicable"", ""value"": null}","{""status"": ""present"", ""value"": {""type"": ""direct""}}"
A1,KBDN_R34,leg_2.Q5_hold_params,Q5_hold_params,2,False,target_not_present_but_pred_present,exact_status_value,"{""status"": ""present"", ""value"": {""inbound_course_deg"": null, ""leg_distance_nm"": null, ""leg_time_min"": 1.0, ""turn"": ""RIGHT""}}","{""status"": ""not_applicable"", ""value"": null}"
A1,KBDN_R34,leg_3.Q4_course_or_radial,Q4_course_or_radial,3,False,status_unknown,exact_status_value,"{""status"": ""unknown"", ""value"": null}","{""status"": ""not_applicable"", ""value"": null}"
A1,KBDN_R34,leg_4.Q4_course_or_radial,Q4_course_or_radial,4,False,missing_leg_or_field,exact_status_value,null,"{""status"": ""not_applicable"", ""value"": null}"
A1,KBDN_R34,leg_4.Q5_hold_params,Q5_hold_params,4,False,missing_leg_or_field,exact_status_value,null,"{""status"": ""present"", ""value"": {""inbound_course_deg"": 129.0, ""leg_distance_nm"": 5.0, ""leg_time_min"": null, ""turn"": ""LEFT""}}"
A1,KBFD_R14,leg_1.Q4_course_or_radial,Q4_course_or_radial,1,False,type_mismatch:direct->course_deg,degree_display_rounding,"{""status"": ""present"", ""value"": {""type"": ""direct""}}","{""status"": ""present"", ""value"": {""course_deg"": 144.8, ""type"": ""course_deg""}}"
A1,KBFD_R14,leg_2.Q4_course_or_radial,Q4_course_or_radial,2,False,status_not_applicable,exact_status_value,"{""status"": ""not_applicable"", ""value"": null}","{""status"": ""present"", ""value"": {""type"": ""direct""}}"
A1,KBFD_R14,leg_2.Q5_hold_params,Q5_hold_params,2,False,target_not_present_but_pred_present,exact_status_value,"{""status"": ""present"", ""value"": {""inbound_course_deg"": null, ""leg_distance_nm"": null, ""leg_time_min"": 1.0, ""turn"": ""RIGHT""}}","{""status"": ""not_applicable"", ""value"": null}"
A1,KBFD_R14,leg_3.Q4_course_or_radial,Q4_course_or_radial,3,False,missing_leg_or_field,exact_status_value,null,"{""status"": ""not_applicable"", ""value"": null}"
A1,KBFD_R14,leg_3.Q5_hold_params,Q5_hold_params,3,False,missing_leg_or_field,exact_status_value,null,"{""status"": ""present"", ""value"": {""inbound_course_deg"": 325.0, ""leg_distance_nm"": 5.0, ""leg_time_min"": null, ""turn"": ""RIGHT""}}"
A1,KBFF_L12,leg_1.Q4_course_or_radial,Q4_course_or_radial,1,False,status_unknown,degree_display_rounding,"{""status"": ""unknown"", ""value"": null}","{""status"": ""present"", ""value"": {""course_deg"": 125.6, ""type"": ""course_deg""}}"
A1,KBFF_L12,leg_2.Q4_course_or_radial,Q4_course_or_radial,2,False,status_not_applicable,exact_status_value,"{""status"": ""not_applicable"", ""value"": null}","{""status"": ""present"", ""value"": {""type"": ""direct""}}"
A1,KBFF_L12,leg_2.Q5_hold_params,Q5_hold_params,2,False,target_not_present_but_pred_present,exact_status_value,"{""status"": ""present"", ""value"": {""inbound_course_deg"": null, ""leg_distance_nm"": null, ""leg_time_min"": 1.0, ""turn"": ""RIGHT""}}","{""status"": ""not_applicable"", ""value"": null}"
A1,KBFF_L12,leg_3.Q4_course_or_radial,Q4_course_or_radial,3,True,correct,exact_status_value,"{""status"": ""not_applicable"", ""value"": null}","{""status"": ""not_applicable"", ""value"": null}"
A1,KBFF_L12,leg_3.Q5_hold_params,Q5_hold_params,3,False,missing_inbound_course_deg,exact_status_value,"{""status"": ""present"", ""value"": {""inbound_course_deg"": null, ""leg_distance_nm"": null, ""leg_time_min"": 1.0, ""turn"": ""RIGHT""}}","{""status"": ""present"", ""value"": {""inbound_course_deg"": 245.0, ""leg_distance_nm"": null, ""leg_time_min"": 1.0, ""turn"": ""RIGHT""}}"
A1,KBJC_R12L,leg_1.Q4_course_or_radial,Q4_course_or_radial,1,False,status_unknown,degree_display_rounding,"{""status"": ""unknown"", ""value"": null}","{""status"": ""present"", ""value"": {""course_deg"": 135.3, ""type"": ""course_deg""}}"
A1,KBJC_R12L,leg_2.Q4_course_or_radial,Q4_course_or_radial,2,False,status_not_applicable,exact_status_value,"{""status"": ""not_applicable"", ""value"": null}","{""status"": ""present"", ""value"": {""type"": ""direct""}}"
A1,KBJC_R12L,leg_2.Q5_hold_params,Q5_hold_params,2,False,target_not_present_but_pred_present,exact_status_value,"{""status"": ""present"", ""value"": {""inbound_course_deg"": null, ""leg_distance_nm"": null, ""leg_time_min"": 1.0, ""turn"": ""RIGHT""}}","{""status"": ""not_applicable"", ""value"": null}"
A1,KBJC_R12L,leg_3.Q4_course_or_radial,Q4_course_or_radial,3,False,status_unknown,exact_status_value,"{""status"": ""unknown"", ""value"": null}","{""status"": ""not_applicable"", ""value"": null}"
A1,KBJC_R12L,leg_3.Q5_hold_params,Q5_hold_params,3,False,status_not_applicable,degree_display_rounding,"{""status"": ""not_applicable"", ""value"": null}","{""status"": ""present"", ""value"": {""inbound_course_deg"": 338.3, ""leg_distance_nm"": 7.0, ""leg_time_min"": null, ""turn"": ""LEFT""}}"
A1,KBKX_R30,leg_1.Q4_course_or_radial,Q4_course_or_radial,1,False,status_not_applicable,degree_display_rounding,"{""status"": ""not_applicable"", ""value"": null}","{""status"": ""present"", ""value"": {""course_deg"": 295.6, ""type"": ""course_deg""}}"
A1,KBKX_R30,leg_1.Q5_hold_params,Q5_hold_params,1,False,target_not_present_but_pred_present,exact_status_value,"{""status"": ""present"", ""value"": {""inbound_course_deg"": null, ""leg_distance_nm"": null, ""leg_time_min"": 1.0, ""turn"": ""RIGHT""}}","{""status"": ""not_applicable"", ""value"": null}"
A1,KBKX_R30,leg_2.Q4_course_or_radial,Q4_course_or_radial,2,False,missing_leg_or_field,exact_status_value,null,"{""status"": ""present"", ""value"": {""type"": ""direct""}}"
A1,KBKX_R30,leg_3.Q4_course_or_radial,Q4_course_or_radial,3,False,missing_leg_or_field,exact_status_value,null,"{""status"": ""not_applicable"", ""value"": null}"
A1,KBKX_R30,leg_3.Q5_hold_params,Q5_hold_params,3,False,missing_leg_or_field,degree_display_rounding,null,"{""status"": ""present"", ""value"": {""inbound_course_deg"": 115.4, ""leg_distance_nm"": 4.0, ""leg_time_min"": null, ""turn"": ""RIGHT""}}"
A1,KBLF_R05,leg_1.Q4_course_or_radial,Q4_course_or_radial,1,False,type_mismatch:direct->course_deg,degree_display_rounding,"{""status"": ""present"", ""value"": {""type"": ""direct""}}","{""status"": ""present"", ""value"": {""course_deg"": 63.8, ""type"": ""course_deg""}}"
A1,KBLF_R05,leg_2.Q4_course_or_radial,Q4_course_or_radial,2,False,status_not_applicable,exact_status_value,"{""status"": ""not_applicable"", ""value"": null}","{""status"": ""present"", ""value"": {""type"": ""direct""}}"
A1,KBLF_R05,leg_2.Q5_hold_params,Q5_hold_params,2,False,target_not_present_but_pred_present,exact_status_value,"{""status"": ""present"", ""value"": {""inbound_course_deg"": null, ""leg_distance_nm"": null, ""leg_time_min"": 1.0, ""turn"": ""RIGHT""}}","{""status"": ""not_applicable"", ""value"": null}"
A1,KBLF_R05,leg_3.Q4_course_or_radial,Q4_course_or_radial,3,False,status_unknown,exact_status_value,"{""status"": ""unknown"", ""value"": null}","{""status"": ""not_applicable"", ""value"": null}"
A1,KBLF_R05,leg_3.Q5_hold_params,Q5_hold_params,3,False,status_not_applicable,degree_display_rounding,"{""status"": ""not_applicable"", ""value"": null}","{""status"": ""present"", ""value"": {""inbound_course_deg"": 100.6, ""leg_distance_nm"": 5.0, ""leg_time_min"": null, ""turn"": ""RIGHT""}}"
A1,KBLV_R32RY,leg_1.Q4_course_or_radial,Q4_course_or_radial,1,False,status_unknown,degree_display_rounding,"{""status"": ""unknown"", ""value"": null}","{""status"": ""present"", ""value"": {""course_deg"": 318.6, ""type"": ""course_deg""}}"
A1,KBLV_R32RY,leg_2.Q4_course_or_radial,Q4_course_or_radial,2,True,correct,exact_status_value,"{""status"": ""present"", ""value"": {""type"": ""direct""}}","{""status"": ""present"", ""value"": {""type"": ""direct""}}"
A1,KBLV_R32RY,leg_3.Q4_course_or_radial,Q4_course_or_radial,3,True,correct,exact_status_value,"{""status"": ""not_applicable"", ""value"": null}","{""status"": ""not_applicable"", ""value"": null}"
A1,KBLV_R32RY,leg_3.Q5_hold_params,Q5_hold_params,3,False,missing_inbound_course_deg,degree_display_rounding,"{""status"": ""present"", ""value"": {""inbound_course_deg"": null, ""leg_distance_nm"": null, ""leg_time_min"": 1.0, ""turn"": ""RIGHT""}}","{""status"": ""present"", ""value"": {""inbound_course_deg"": 283.5, ""leg_distance_nm"": 4.0, ""leg_time_min"": null, ""turn"": ""RIGHT""}}"
A1,KBMQ_R01,leg_1.Q4_course_or_radial,Q4_course_or_radial,1,False,status_not_applicable,degree_display_rounding,"{""status"": ""not_applicable"", ""value"": null}","{""status"": ""present"", ""value"": {""course_deg"": 13.1, ""type"": ""course_deg""}}"
A1,KBMQ_R01,leg_1.Q5_hold_params,Q5_hold_params,1,False,target_not_present_but_pred_present,exact_status_value,"{""status"": ""present"", ""value"": {""inbound_course_deg"": null, ""leg_distance_nm"": null, ""leg_time_min"": 1.0, ""turn"": ""RIGHT""}}","{""status"": ""not_applicable"", ""value"": null}"
A1,KBMQ_R01,leg_2.Q4_course_or_radial,Q4_course_or_radial,2,False,missing_leg_or_field,exact_status_value,null,"{""status"": ""present"", ""value"": {""type"": ""direct""}}"
A1,KBMQ_R01,leg_3.Q4_course_or_radial,Q4_course_or_radial,3,False,missing_leg_or_field,exact_status_value,null,"{""status"": ""not_applicable"", ""value"": null}"
A1,KBMQ_R01,leg_3.Q5_hold_params,Q5_hold_params,3,False,missing_leg_or_field,degree_display_rounding,null,"{""status"": ""present"", ""value"": {""inbound_course_deg"": 193.2, ""leg_distance_nm"": 4.0, ""leg_time_min"": null, ""turn"": ""RIGHT""}}"
A1,KBOS_L15R,leg_1.Q4_course_or_radial,Q4_course_or_radial,1,False,status_unknown,degree_display_rounding,"{""status"": ""unknown"", ""value"": null}","{""status"": ""present"", ""value"": {""direction"": ""inbound"", ""navaid"": ""BOS"", ""radial_deg"": 154.0, ""type"": ""navaid_radial""}}"
A1,KBOS_L15R,leg_2.Q4_course_or_radial,Q4_course_or_radial,2,True,correct,exact_status_value,"{""status"": ""not_applicable"", ""value"": null}","{""status"": ""not_applicable"", ""value"": null}"
A1,KBOS_L15R,leg_2.Q5_hold_params,Q5_hold_params,2,False,missing_inbound_course_deg,exact_status_value,"{""status"": ""present"", ""value"": {""inbound_course_deg"": null, ""leg_distance_nm"": null, ""leg_time_min"": 1.0, ""turn"": ""RIGHT""}}","{""status"": ""present"", ""value"": {""inbound_course_deg"": 334.0, ""leg_distance_nm"": null, ""leg_time_min"": 1.0, ""turn"": ""RIGHT""}}"
A1,KBOS_R32,leg_1.Q4_course_or_radial,Q4_course_or_radial,1,False,status_not_applicable,degree_display_rounding,"{""status"": ""not_applicable"", ""value"": null}","{""status"": ""present"", ""value"": {""course_deg"": 330.7, ""type"": ""course_deg""}}"
A1,KBOS_R32,leg_1.Q5_hold_params,Q5_hold_params,1,False,target_not_present_but_pred_present,exact_status_value,"{""status"": ""present"", ""value"": {""inbound_course_deg"": null, ""leg_distance_nm"": null, ""leg_time_min"": 1.0, ""turn"": ""RIGHT""}}","{""status"": ""not_applicable"", ""value"": null}"
A1,KBOS_R32,leg_2.Q4_course_or_radial,Q4_course_or_radial,2,False,status_unknown,exact_status_value,"{""status"": ""unknown"", ""value"": null}","{""status"": ""present"", ""value"": {""type"": ""direct""}}"
A1,KBOS_R32,leg_3.Q4_course_or_radial,Q4_course_or_radial,3,False,missing_leg_or_field,exact_status_value,null,"{""status"": ""not_applicable"", ""value"": null}"
A1,KBOS_R32,leg_4.Q4_course_or_radial,Q4_course_or_radial,4,False,missing_leg_or_field,exact_status_value,null,"{""status"": ""not_applicable"", ""value"": null}"
A1,KBOS_R32,leg_4.Q5_hold_params,Q5_hold_params,4,False,missing_leg_or_field,degree_display_rounding,null,"{""status"": ""present"", ""value"": {""inbound_course_deg"": 284.1, ""leg_distance_nm"": 5.0, ""leg_time_min"": null, ""turn"": ""RIGHT""}}"
A1,KBRD_L34,leg_1.Q4_course_or_radial,Q4_course_or_radial,1,False,status_unknown,degree_display_rounding,"{""status"": ""unknown"", ""value"": null}","{""status"": ""present"", ""value"": {""course_deg"": 339.7, ""type"": ""course_deg""}}"
A1,KBRD_L34,leg_2.Q4_course_or_radial,Q4_course_or_radial,2,True,correct,exact_status_value,"{""status"": ""present"", ""value"": {""type"": ""direct""}}","{""status"": ""present"", ""value"": {""type"": ""direct""}}"
A1,KBRD_L34,leg_3.Q4_course_or_radial,Q4_course_or_radial,3,True,correct,exact_status_value,"{""status"": ""not_applicable"", ""value"": null}","{""status"": ""not_applicable"", ""value"": null}"
A1,KBRD_L34,leg_3.Q5_hold_params,Q5_hold_params,3,False,missing_inbound_course_deg,degree_display_rounding,"{""status"": ""present"", ""value"": {""inbound_course_deg"": null, ""leg_distance_nm"": null, ""leg_time_min"": 1.0, ""turn"": ""RIGHT""}}","{""status"": ""present"", ""value"": {""inbound_course_deg"": 231.3, ""leg_distance_nm"": null, ""leg_time_min"": 1.0, ""turn"": ""RIGHT""}}"
A1,KBTL_L23R,leg_1.Q4_course_or_radial,Q4_course_or_radial,1,False,status_unknown,degree_display_rounding,"{""status"": ""unknown"", ""value"": null}","{""status"": ""present"", ""value"": {""course_deg"": 226.6, ""type"": ""course_deg""}}"
A1,KBTL_L23R,leg_2.Q4_course_or_radial,Q4_course_or_radial,2,False,status_not_applicable,exact_status_value,"{""status"": ""not_applicable"", ""value"": null}","{""status"": ""present"", ""value"": {""type"": ""direct""}}"
A1,KBTL_L23R,leg_2.Q5_hold_params,Q5_hold_params,2,False,target_not_present_but_pred_present,exact_status_value,"{""status"": ""present"", ""value"": {""inbound_course_deg"": null, ""leg_distance_nm"": null, ""leg_time_min"": 1.0, ""turn"": ""RIGHT""}}","{""status"": ""not_applicable"", ""value"": null}"
A1,KBTL_L23R,leg_3.Q4_course_or_radial,Q4_course_or_radial,3,False,missing_leg_or_field,exact_status_value,null,"{""status"": ""not_applicable"", ""value"": null}"
A1,KBTL_L23R,leg_3.Q5_hold_params,Q5_hold_params,3,False,missing_leg_or_field,degree_display_rounding,null,"{""status"": ""present"", ""value"": {""inbound_course_deg"": 189.5, ""leg_distance_nm"": 4.0, ""leg_time_min"": null, ""turn"": ""RIGHT""}}"
A1,KBTP_L08,leg_1.Q4_course_or_radial,Q4_course_or_radial,1,False,status_unknown,degree_display_rounding,"{""status"": ""unknown"", ""value"": null}","{""status"": ""present"", ""value"": {""course_deg"": 80.0, ""type"": ""course_deg""}}"
A1,KBTP_L08,leg_2.Q4_course_or_radial,Q4_course_or_radial,2,False,status_not_applicable,exact_status_value,"{""status"": ""not_applicable"", ""value"": null}","{""status"": ""present"", ""value"": {""type"": ""direct""}}"
A1,KBTP_L08,leg_2.Q5_hold_params,Q5_hold_params,2,False,target_not_present_but_pred_present,exact_status_value,"{""status"": ""present"", ""value"": {""inbound_course_deg"": null, ""leg_distance_nm"": null, ""leg_time_min"": 1.0, ""turn"": ""LEFT""}}","{""status"": ""not_applicable"", ""value"": null}"
A1,KBTP_L08,leg_3.Q4_course_or_radial,Q4_course_or_radial,3,False,status_unknown,exact_status_value,"{""status"": ""unknown"", ""value"": null}","{""status"": ""not_applicable"", ""value"": null}"
A1,KBTP_L08,leg_3.Q5_hold_params,Q5_hold_params,3,False,status_not_applicable,exact_status_value,"{""status"": ""not_applicable"", ""value"": null}","{""status"": ""present"", ""value"": {""inbound_course_deg"": 100.0, ""leg_distance_nm"": null, ""leg_time_min"": 1.0, ""turn"": ""RIGHT""}}"
A1,KBTR_R04L,leg_1.Q4_course_or_radial,Q4_course_or_radial,1,False,type_mismatch:direct->course_deg,degree_display_rounding,"{""status"": ""present"", ""value"": {""type"": ""direct""}}","{""status"": ""present"", ""value"": {""course_deg"": 43.4, ""type"": ""course_deg""}}"
A1,KBTR_R04L,leg_2.Q4_course_or_radial,Q4_course_or_radial,2,False,status_not_applicable,exact_status_value,"{""status"": ""not_applicable"", ""value"": null}","{""status"": ""present"", ""value"": {""type"": ""direct""}}"
A1,KBTR_R04L,leg_2.Q5_hold_params,Q5_hold_params,2,False,target_not_present_but_pred_present,exact_status_value,"{""status"": ""present"", ""value"": {""inbound_course_deg"": null, ""leg_distance_nm"": null, ""leg_time_min"": 1.0, ""turn"": ""RIGHT""}}","{""status"": ""not_applicable"", ""value"": null}"
A1,KBTR_R04L,leg_3.Q4_course_or_radial,Q4_course_or_radial,3,False,missing_leg_or_field,exact_status_value,null,"{""status"": ""not_applicable"", ""value"": null}"
A1,KBTR_R04L,leg_3.Q5_hold_params,Q5_hold_params,3,False,missing_leg_or_field,degree_display_rounding,null,"{""status"": ""present"", ""value"": {""inbound_course_deg"": 223.6, ""leg_distance_nm"": 4.0, ""leg_time_min"": null, ""turn"": ""RIGHT""}}"
A1,KBUM_R18,leg_1.Q4_course_or_radial,Q4_course_or_radial,1,False,status_not_applicable,degree_display_rounding,"{""status"": ""not_applicable"", ""value"": null}","{""status"": ""present"", ""value"": {""course_deg"": 177.9, ""type"": ""course_deg""}}"
A1,KBUM_R18,leg_1.Q5_hold_params,Q5_hold_params,1,False,target_not_present_but_pred_present,exact_status_value,"{""status"": ""present"", ""value"": {""inbound_course_deg"": null, ""leg_distance_nm"": null, ""leg_time_min"": 1.0, ""turn"": ""RIGHT""}}","{""status"": ""not_applicable"", ""value"": null}"
A1,KBUM_R18,leg_2.Q4_course_or_radial,Q4_course_or_radial,2,False,missing_leg_or_field,exact_status_value,null,"{""status"": ""present"", ""value"": {""type"": ""direct""}}"
A1,KBUM_R18,leg_3.Q4_course_or_radial,Q4_course_or_radial,3,False,missing_leg_or_field,exact_status_value,null,"{""status"": ""not_applicable"", ""value"": null}"
A1,KBUM_R18,leg_3.Q5_hold_params,Q5_hold_params,3,False,missing_leg_or_field,degree_display_rounding,null,"{""status"": ""present"", ""value"": {""inbound_course_deg"": 357.9, ""leg_distance_nm"": 4.0, ""leg_time_min"": null, ""turn"": ""RIGHT""}}"
A1,KBUR_L08-Z,leg_1.Q4_course_or_radial,Q4_course_or_radial,1,False,status_unknown,degree_display_rounding,"{""status"": ""unknown"", ""value"": null}","{""status"": ""present"", ""value"": {""course_deg"": 78.9, ""type"": ""course_deg""}}"
A1,KBUR_L08-Z,leg_2.Q4_course_or_radial,Q4_course_or_radial,2,True,correct,degree_display_rounding,"{""status"": ""present"", ""value"": {""course_deg"": 210.0, ""type"": ""course_deg""}}","{""status"": ""present"", ""value"": {""course_deg"": 210.0, ""type"": ""course_deg""}}"
A1,KBUR_L08-Z,leg_3.Q4_course_or_radial,Q4_course_or_radial,3,False,status_not_applicable,degree_display_rounding,"{""status"": ""not_applicable"", ""value"": null}","{""status"": ""present"", ""value"": {""direction"": ""inbound"", ""navaid"": ""VTU"", ""radial_deg"": 86.0, ""type"": ""navaid_radial""}}"
A1,KBUR_L08-Z,leg_3.Q5_hold_params,Q5_hold_params,3,False,target_not_present_but_pred_present,exact_status_value,"{""status"": ""present"", ""value"": {""inbound_course_deg"": null, ""leg_distance_nm"": null, ""leg_time_min"": 1.0, ""turn"": ""RIGHT""}}","{""status"": ""not_applicable"", ""value"": null}"
A1,KBUR_L08-Z,leg_4.Q4_course_or_radial,Q4_course_or_radial,4,False,status_unknown,exact_status_value,"{""status"": ""unknown"", ""value"": null}","{""status"": ""not_applicable"", ""value"": null}"
A1,KBUR_L08-Z,leg_4.Q5_hold_params,Q5_hold_params,4,False,status_not_applicable,degree_display_rounding,"{""status"": ""not_applicable"", ""value"": null}","{""status"": ""present"", ""value"": {""inbound_course_deg"": 130.6, ""leg_distance_nm"": null, ""leg_time_min"": 1.0, ""turn"": ""LEFT""}}"
A1,KBUR_R08-Z,leg_1.Q4_course_or_radial,Q4_course_or_radial,1,False,type_mismatch:direct->course_deg,degree_display_rounding,"{""status"": ""present"", ""value"": {""type"": ""direct""}}","{""status"": ""present"", ""value"": {""course_deg"": 78.9, ""type"": ""course_deg""}}"
A1,KBUR_R08-Z,leg_2.Q4_course_or_radial,Q4_course_or_radial,2,False,missing_leg_or_field,exact_status_value,null,"{""status"": ""present"", ""value"": {""type"": ""direct""}}"
A1,KBUR_R08-Z,leg_3.Q4_course_or_radial,Q4_course_or_radial,3,False,missing_leg_or_field,exact_status_value,null,"{""status"": ""not_applicable"", ""value"": null}"
A1,KBUR_R08-Z,leg_4.Q4_course_or_radial,Q4_course_or_radial,4,False,missing_leg_or_field,exact_status_value,null,"{""status"": ""not_applicable"", ""value"": null}"
A1,KBUR_R08-Z,leg_4.Q5_hold_params,Q5_hold_params,4,False,missing_leg_or_field,degree_display_rounding,null,"{""status"": ""present"", ""value"": {""inbound_course_deg"": 130.6, ""leg_distance_nm"": 5.0, ""leg_time_min"": null, ""turn"": ""LEFT""}}"
A1,KBUY_I06-Z,leg_1.Q4_course_or_radial,Q4_course_or_radial,1,False,status_unknown,degree_display_rounding,"{""status"": ""unknown"", ""value"": null}","{""status"": ""present"", ""value"": {""course_deg"": 60.1, ""type"": ""course_deg""}}"
A1,KBUY_I06-Z,leg_2.Q4_course_or_radial,Q4_course_or_radial,2,False,status_not_applicable,exact_status_value,"{""status"": ""not_applicable"", ""value"": null}","{""status"": ""present"", ""value"": {""type"": ""direct""}}"
A1,KBUY_I06-Z,leg_2.Q5_hold_params,Q5_hold_params,2,False,target_not_present_but_pred_present,exact_status_value,"{""status"": ""present"", ""value"": {""inbound_course_deg"": null, ""leg_distance_nm"": null, ""leg_time_min"": 1.0, ""turn"": ""RIGHT""}}","{""status"": ""not_applicable"", ""value"": null}"
A1,KBUY_I06-Z,leg_3.Q4_course_or_radial,Q4_course_or_radial,3,False,status_unknown,exact_status_value,"{""status"": ""unknown"", ""value"": null}","{""status"": ""not_applicable"", ""value"": null}"
A1,KBUY_I06-Z,leg_3.Q5_hold_params,Q5_hold_params,3,False,status_not_applicable,exact_status_value,"{""status"": ""not_applicable"", ""value"": null}","{""status"": ""present"", ""value"": {""inbound_course_deg"": 236.0, ""leg_distance_nm"": null, ""leg_time_min"": 1.0, ""turn"": ""RIGHT""}}"
A1,KBWG_I03-Y,leg_1.Q4_course_or_radial,Q4_course_or_radial,1,False,status_unknown,degree_display_rounding,"{""status"": ""unknown"", ""value"": null}","{""status"": ""present"", ""value"": {""course_deg"": 33.9, ""type"": ""course_deg""}}"
A1,KBWG_I03-Y,leg_2.Q4_course_or_radial,Q4_course_or_radial,2,False,status_not_applicable,exact_status_value,"{""status"": ""not_applicable"", ""value"": null}","{""status"": ""present"", ""value"": {""type"": ""direct""}}"
A1,KBWG_I03-Y,leg_2.Q5_hold_params,Q5_hold_params,2,False,target_not_present_but_pred_present,exact_status_value,"{""status"": ""present"", ""value"": {""inbound_course_deg"": null, ""leg_distance_nm"": null, ""leg_time_min"": 1.0, ""turn"": ""RIGHT""}}","{""status"": ""not_applicable"", ""value"": null}"
A1,KBWG_I03-Y,leg_3.Q4_course_or_radial,Q4_course_or_radial,3,False,missing_leg_or_field,exact_status_value,null,"{""status"": ""not_applicable"", ""value"": null}"
A1,KBWG_I03-Y,leg_3.Q5_hold_params,Q5_hold_params,3,False,missing_leg_or_field,degree_display_rounding,null,"{""status"": ""present"", ""value"": {""inbound_course_deg"": 33.9, ""leg_distance_nm"": null, ""leg_time_min"": 1.0, ""turn"": ""RIGHT""}}"
A1,KBWI_L15L,leg_1.Q4_course_or_radial,Q4_course_or_radial,1,False,status_unknown,degree_display_rounding,"{""status"": ""unknown"", ""value"": null}","{""status"": ""present"", ""value"": {""course_deg"": 155.0, ""type"": ""course_deg""}}"
A1,KBWI_L15L,leg_2.Q4_course_or_radial,Q4_course_or_radial,2,False,round_equivalent_but_other_mismatch,degree_display_rounding,"{""status"": ""present"", ""value"": {""direction"": ""outbound"", ""navaid"": ""BAL"", ""radial_deg"": 153.0, ""type"": ""navaid_radial""}}","{""status"": ""present"", ""value"": {""direction"": ""inbound"", ""navaid"": ""BAL"", ""radial_deg"": 152.9, ""type"": ""navaid_radial""}}"
A1,KBWI_L15L,leg_3.Q4_course_or_radial,Q4_course_or_radial,3,True,correct,exact_status_value,"{""status"": ""not_applicable"", ""value"": null}","{""status"": ""not_applicable"", ""value"": null}"
A1,KBWI_L15L,leg_3.Q5_hold_params,Q5_hold_params,3,False,missing_inbound_course_deg,degree_display_rounding,"{""status"": ""present"", ""value"": {""inbound_course_deg"": null, ""leg_distance_nm"": null, ""leg_time_min"": 1.0, ""turn"": ""RIGHT""}}","{""status"": ""present"", ""value"": {""inbound_course_deg"": 332.9, ""leg_distance_nm"": null, ""leg_time_min"": 1.0, ""turn"": ""LEFT""}}"
A1,KBXA_R18,leg_1.Q4_course_or_radial,Q4_course_or_radial,1,False,status_not_applicable,degree_display_rounding,"{""status"": ""not_applicable"", ""value"": null}","{""status"": ""present"", ""value"": {""course_deg"": 182.8, ""type"": ""course_deg""}}"
A1,KBXA_R18,leg_1.Q5_hold_params,Q5_hold_params,1,False,target_not_present_but_pred_present,exact_status_value,"{""status"": ""present"", ""value"": {""inbound_course_deg"": null, ""leg_distance_nm"": null, ""leg_time_min"": 1.0, ""turn"": ""RIGHT""}}","{""status"": ""not_applicable"", ""value"": null}"
A1,KBXA_R18,leg_2.Q4_course_or_radial,Q4_course_or_radial,2,False,status_not_applicable,exact_status_value,"{""status"": ""not_applicable"", ""value"": null}","{""status"": ""present"", ""value"": {""type"": ""direct""}}"
A1,KBXA_R18,leg_2.Q5_hold_params,Q5_hold_params,2,False,target_not_present_but_pred_present,exact_status_value,"{""status"": ""present"", ""value"": {""inbound_course_deg"": null, ""leg_distance_nm"": 4.0, ""leg_time_min"": null, ""turn"": ""RIGHT""}}","{""status"": ""not_applicable"", ""value"": null}"
A1,KBXA_R18,leg_3.Q4_course_or_radial,Q4_course_or_radial,3,False,missing_leg_or_field,exact_status_value,null,"{""status"": ""not_applicable"", ""value"": null}"
A1,KBXA_R18,leg_3.Q5_hold_params,Q5_hold_params,3,False,missing_leg_or_field,degree_display_rounding,null,"{""status"": ""present"", ""value"": {""inbound_course_deg"": 2.8, ""leg_distance_nm"": 4.0, ""leg_time_min"": null, ""turn"": ""RIGHT""}}"
A1,KBYH_R36,leg_1.Q4_course_or_radial,Q4_course_or_radial,1,False,status_unknown,degree_display_rounding,"{""status"": ""unknown"", ""value"": null}","{""status"": ""present"", ""value"": {""course_deg"": 1.0, ""type"": ""course_deg""}}"
A1,KBYH_R36,leg_2.Q4_course_or_radial,Q4_course_or_radial,2,False,status_not_applicable,exact_status_value,"{""status"": ""not_applicable"", ""value"": null}","{""status"": ""present"", ""value"": {""type"": ""direct""}}"
A1,KBYH_R36,leg_2.Q5_hold_params,Q5_hold_params,2,False,target_not_present_but_pred_present,exact_status_value,"{""status"": ""present"", ""value"": {""inbound_course_deg"": null, ""leg_distance_nm"": null, ""leg_time_min"": 1.0, ""turn"": ""RIGHT""}}","{""status"": ""not_applicable"", ""value"": null}"
A1,KBYH_R36,leg_3.Q4_course_or_radial,Q4_course_or_radial,3,False,missing_leg_or_field,exact_status_value,null,"{""status"": ""not_applicable"", ""value"": null}"
A1,KBYH_R36,leg_3.Q5_hold_params,Q5_hold_params,3,False,missing_leg_or_field,exact_status_value,null,"{""status"": ""present"", ""value"": {""inbound_course_deg"": 181.0, ""leg_distance_nm"": 6.0, ""leg_time_min"": null, ""turn"": ""RIGHT""}}"
A1,KCAK_L01,leg_1.Q4_course_or_radial,Q4_course_or_radial,1,False,status_unknown,degree_display_rounding,"{""status"": ""unknown"", ""value"": null}","{""status"": ""present"", ""value"": {""course_deg"": 9.5, ""type"": ""course_deg""}}"
A1,KCAK_L01,leg_2.Q4_course_or_radial,Q4_course_or_radial,2,False,status_not_applicable,exact_status_value,"{""status"": ""not_applicable"", ""value"": null}","{""status"": ""present"", ""value"": {""type"": ""direct""}}"
A1,KCAK_L01,leg_2.Q5_hold_params,Q5_hold_params,2,False,target_not_present_but_pred_present,exact_status_value,"{""status"": ""present"", ""value"": {""inbound_course_deg"": null, ""leg_distance_nm"": null, ""leg_time_min"": 1.0, ""turn"": ""RIGHT""}}","{""status"": ""not_applicable"", ""value"": null}"
A1,KCAK_L01,leg_3.Q4_course_or_radial,Q4_course_or_radial,3,False,status_unknown,exact_status_value,"{""status"": ""unknown"", ""value"": null}","{""status"": ""not_applicable"", ""value"": null}"
A1,KCAK_L01,leg_3.Q5_hold_params,Q5_hold_params,3,False,status_not_applicable,exact_status_value,"{""status"": ""not_applicable"", ""value"": null}","{""status"": ""present"", ""value"": {""inbound_course_deg"": 272.0, ""leg_distance_nm"": null, ""leg_time_min"": 1.0, ""turn"": ""RIGHT""}}"
A1,KCAO_R02,leg_1.Q4_course_or_radial,Q4_course_or_radial,1,False,status_not_applicable,degree_display_rounding,"{""status"": ""not_applicable"", ""value"": null}","{""status"": ""present"", ""value"": {""course_deg"": 21.2, ""type"": ""course_deg""}}"
A1,KCAO_R02,leg_1.Q5_hold_params,Q5_hold_params,1,False,target_not_present_but_pred_present,exact_status_value,"{""status"": ""present"", ""value"": {""inbound_course_deg"": null, ""leg_distance_nm"": null, ""leg_time_min"": 1.0, ""turn"": ""RIGHT""}}","{""status"": ""not_applicable"", ""value"": null}"
A1,KCAO_R02,leg_2.Q4_course_or_radial,Q4_course_or_radial,2,False,missing_leg_or_field,exact_status_value,null,"{""status"": ""present"", ""value"": {""type"": ""direct""}}"
A1,KCAO_R02,leg_3.Q4_course_or_radial,Q4_course_or_radial,3,False,missing_leg_or_field,exact_status_value,null,"{""status"": ""not_applicable"", ""value"": null}"
A1,KCAO_R02,leg_3.Q5_hold_params,Q5_hold_params,3,False,missing_leg_or_field,degree_display_rounding,null,"{""status"": ""present"", ""value"": {""inbound_course_deg"": 201.3, ""leg_distance_nm"": 7.0, ""leg_time_min"": null, ""turn"": ""RIGHT""}}"
A1,KCBF_L36,leg_1.Q4_course_or_radial,Q4_course_or_radial,1,False,status_unknown,degree_display_rounding,"{""status"": ""unknown"", ""value"": null}","{""status"": ""present"", ""value"": {""course_deg"": 356.5, ""type"": ""course_deg""}}"
A1,KCBF_L36,leg_2.Q4_course_or_radial,Q4_course_or_radial,2,False,status_unknown,exact_status_value,"{""status"": ""unknown"", ""value"": null}","{""status"": ""present"", ""value"": {""type"": ""direct""}}"
A1,KCBF_L36,leg_3.Q4_course_or_radial,Q4_course_or_radial,3,True,correct,exact_status_value,"{""status"": ""not_applicable"", ""value"": null}","{""status"": ""not_applicable"", ""value"": null}"
A1,KCBF_L36,leg_3.Q5_hold_params,Q5_hold_params,3,False,missing_inbound_course_deg,exact_status_value,"{""status"": ""present"", ""value"": {""inbound_course_deg"": null, ""leg_distance_nm"": null, ""leg_time_min"": 1.0, ""turn"": ""RIGHT""}}","{""status"": ""present"", ""value"": {""inbound_course_deg"": 284.0, ""leg_distance_nm"": null, ""leg_time_min"": 1.0, ""turn"": ""RIGHT""}}"
A1,KCBF_R36,leg_1.Q4_course_or_radial,Q4_course_or_radial,1,False,status_not_applicable,degree_display_rounding,"{""status"": ""not_applicable"", ""value"": null}","{""status"": ""present"", ""value"": {""course_deg"": 356.5, ""type"": ""course_deg""}}"
A1,KCBF_R36,leg_1.Q5_hold_params,Q5_hold_params,1,False,target_not_present_but_pred_present,exact_status_value,"{""status"": ""present"", ""value"": {""inbound_course_deg"": null, ""leg_distance_nm"": null, ""leg_time_min"": 1.0, ""turn"": ""RIGHT""}}","{""status"": ""not_applicable"", ""value"": null}"
A1,KCBF_R36,leg_2.Q4_course_or_radial,Q4_course_or_radial,2,False,status_not_applicable,exact_status_value,"{""status"": ""not_applicable"", ""value"": null}","{""status"": ""present"", ""value"": {""type"": ""direct""}}"
A1,KCBF_R36,leg_2.Q5_hold_params,Q5_hold_params,2,False,target_not_present_but_pred_present,exact_status_value,"{""status"": ""present"", ""value"": {""inbound_course_deg"": null, ""leg_distance_nm"": 4.0, ""leg_time_min"": null, ""turn"": ""RIGHT""}}","{""status"": ""not_applicable"", ""value"": null}"
A1,KCBF_R36,leg_3.Q4_course_or_radial,Q4_course_or_radial,3,False,missing_leg_or_field,exact_status_value,null,"{""status"": ""not_applicable"", ""value"": null}"
A1,KCBF_R36,leg_3.Q5_hold_params,Q5_hold_params,3,False,missing_leg_or_field,degree_display_rounding,null,"{""status"": ""present"", ""value"": {""inbound_course_deg"": 176.5, ""leg_distance_nm"": 4.0, ""leg_time_min"": null, ""turn"": ""RIGHT""}}"
A1,KCDI_R04,leg_1.Q4_course_or_radial,Q4_course_or_radial,1,False,status_not_applicable,degree_display_rounding,"{""status"": ""not_applicable"", ""value"": null}","{""status"": ""present"", ""value"": {""course_deg"": 40.1, ""type"": ""course_deg""}}"
A1,KCDI_R04,leg_1.Q5_hold_params,Q5_hold_params,1,False,target_not_present_but_pred_present,exact_status_value,"{""status"": ""present"", ""value"": {""inbound_course_deg"": null, ""leg_distance_nm"": null, ""leg_time_min"": 1.0, ""turn"": ""RIGHT""}}","{""status"": ""not_applicable"", ""value"": null}"
A1,KCDI_R04,leg_2.Q4_course_or_radial,Q4_course_or_radial,2,False,missing_leg_or_field,exact_status_value,null,"{""status"": ""present"", ""value"": {""type"": ""direct""}}"
A1,KCDI_R04,leg_3.Q4_course_or_radial,Q4_course_or_radial,3,False,missing_leg_or_field,exact_status_value,null,"{""status"": ""not_applicable"", ""value"": null}"
A1,KCDI_R04,leg_3.Q5_hold_params,Q5_hold_params,3,False,missing_leg_or_field,degree_display_rounding,null,"{""status"": ""present"", ""value"": {""inbound_course_deg"": 220.2, ""leg_distance_nm"": 4.0, ""leg_time_min"": null, ""turn"": ""RIGHT""}}"
A1,KCDS_R36,leg_1.Q4_course_or_radial,Q4_course_or_radial,1,False,status_unknown,degree_display_rounding,"{""status"": ""unknown"", ""value"": null}","{""status"": ""present"", ""value"": {""course_deg"": 355.9, ""type"": ""course_deg""}}"
A1,KCDS_R36,leg_2.Q4_course_or_radial,Q4_course_or_radial,2,True,correct,exact_status_value,"{""status"": ""present"", ""value"": {""type"": ""direct""}}","{""status"": ""present"", ""value"": {""type"": ""direct""}}"
A1,KCDS_R36,leg_3.Q4_course_or_radial,Q4_course_or_radial,3,True,correct,exact_status_value,"{""status"": ""not_applicable"", ""value"": null}","{""status"": ""not_applicable"", ""value"": null}"
A1,KCDS_R36,leg_3.Q5_hold_params,Q5_hold_params,3,False,missing_inbound_course_deg,degree_display_rounding,"{""status"": ""present"", ""value"": {""inbound_course_deg"": null, ""leg_distance_nm"": null, ""leg_time_min"": 1.0, ""turn"": ""RIGHT""}}","{""status"": ""present"", ""value"": {""inbound_course_deg"": 57.7, ""leg_distance_nm"": 4.0, ""leg_time_min"": null, ""turn"": ""RIGHT""}}"
A1,KCEA_RNV-D,leg_1.Q4_course_or_radial,Q4_course_or_radial,1,False,status_not_applicable,degree_display_rounding,"{""status"": ""not_applicable"", ""value"": null}","{""status"": ""present"", ""value"": {""course_deg"": 279.8, ""type"": ""course_deg""}}"
A1,KCEA_RNV-D,leg_1.Q5_hold_params,Q5_hold_params,1,False,target_not_present_but_pred_present,exact_status_value,"{""status"": ""present"", ""value"": {""inbound_course_deg"": null, ""leg_distance_nm"": null, ""leg_time_min"": 1.0, ""turn"": ""RIGHT""}}","{""status"": ""not_applicable"", ""value"": null}"
A1,KCEA_RNV-D,leg_2.Q4_course_or_radial,Q4_course_or_radial,2,False,status_not_applicable,exact_status_value,"{""status"": ""not_applicable"", ""value"": null}","{""status"": ""present"", ""value"": {""type"": ""direct""}}"
A1,KCEA_RNV-D,leg_2.Q5_hold_params,Q5_hold_params,2,False,target_not_present_but_pred_present,exact_status_value,"{""status"": ""present"", ""value"": {""inbound_course_deg"": null, ""leg_distance_nm"": 5.0, ""leg_time_min"": null, ""turn"": ""RIGHT""}}","{""status"": ""not_applicable"", ""value"": null}"
A1,KCEA_RNV-D,leg_3.Q4_course_or_radial,Q4_course_or_radial,3,False,missing_leg_or_field,exact_status_value,null,"{""status"": ""not_applicable"", ""value"": null}"
A1,KCEA_RNV-D,leg_3.Q5_hold_params,Q5_hold_params,3,False,missing_leg_or_field,degree_display_rounding,null,"{""status"": ""present"", ""value"": {""inbound_course_deg"": 279.9, ""leg_distance_nm"": 5.0, ""leg_time_min"": null, ""turn"": ""RIGHT""}}"
A1,KCEC_L12,leg_1.Q4_course_or_radial,Q4_course_or_radial,1,False,status_unknown,degree_display_rounding,"{""status"": ""unknown"", ""value"": null}","{""status"": ""present"", ""value"": {""course_deg"": 119.2, ""type"": ""course_deg""}}"
A1,KCEC_L12,leg_2.Q4_course_or_radial,Q4_course_or_radial,2,False,status_not_applicable,degree_display_rounding,"{""status"": ""not_applicable"", ""value"": null}","{""status"": ""present"", ""value"": {""direction"": ""inbound"", ""navaid"": ""CEC"", ""radial_deg"": 165.8, ""type"": ""navaid_radial""}}"
A1,KCEC_L12,leg_2.Q5_hold_params,Q5_hold_params,2,False,target_not_present_but_pred_present,exact_status_value,"{""status"": ""present"", ""value"": {""inbound_course_deg"": null, ""leg_distance_nm"": null, ""leg_time_min"": 1.0, ""turn"": ""RIGHT""}}","{""status"": ""not_applicable"", ""value"": null}"
A1,KCEC_L12,leg_3.Q4_course_or_radial,Q4_course_or_radial,3,True,correct,exact_status_value,"{""status"": ""not_applicable"", ""value"": null}","{""status"": ""not_applicable"", ""value"": null}"
A1,KCEC_L12,leg_3.Q5_hold_params,Q5_hold_params,3,False,missing_inbound_course_deg,degree_display_rounding,"{""status"": ""present"", ""value"": {""inbound_course_deg"": null, ""leg_distance_nm"": null, ""leg_time_min"": 1.0, ""turn"": ""RIGHT""}}","{""status"": ""present"", ""value"": {""inbound_course_deg"": 345.8, ""leg_distance_nm"": 4.0, ""leg_time_min"": null, ""turn"": ""LEFT""}}"
A1,KCGI_R10,leg_1.Q4_course_or_radial,Q4_course_or_radial,1,False,status_unknown,degree_display_rounding,"{""status"": ""unknown"", ""value"": null}","{""status"": ""present"", ""value"": {""course_deg"": 107.8, ""type"": ""course_deg""}}"
A1,KCGI_R10,leg_2.Q4_course_or_radial,Q4_course_or_radial,2,False,status_not_applicable,exact_status_value,"{""status"": ""not_applicable"", ""value"": null}","{""status"": ""present"", ""value"": {""type"": ""direct""}}"
A1,KCGI_R10,leg_2.Q5_hold_params,Q5_hold_params,2,False,target_not_present_but_pred_present,exact_status_value,"{""status"": ""present"", ""value"": {""inbound_course_deg"": null, ""leg_distance_nm"": null, ""leg_time_min"": 1.0, ""turn"": ""RIGHT""}}","{""status"": ""not_applicable"", ""value"": null}"
A1,KCGI_R10,leg_3.Q4_course_or_radial,Q4_course_or_radial,3,False,missing_leg_or_field,exact_status_value,null,"{""status"": ""not_applicable"", ""value"": null}"
A1,KCGI_R10,leg_3.Q5_hold_params,Q5_hold_params,3,False,missing_leg_or_field,exact_status_value,null,"{""status"": ""present"", ""value"": {""inbound_course_deg"": 288.0, ""leg_distance_nm"": 4.0, ""leg_time_min"": null, ""turn"": ""RIGHT""}}"
A1,KCHO_R03,leg_1.Q4_course_or_radial,Q4_course_or_radial,1,False,status_unknown,degree_display_rounding,"{""status"": ""unknown"", ""value"": null}","{""status"": ""present"", ""value"": {""course_deg"": 30.1, ""type"": ""course_deg""}}"
A1,KCHO_R03,leg_2.Q4_course_or_radial,Q4_course_or_radial,2,True,correct,exact_status_value,"{""status"": ""present"", ""value"": {""type"": ""direct""}}","{""status"": ""present"", ""value"": {""type"": ""direct""}}"
A1,KCHO_R03,leg_3.Q4_course_or_radial,Q4_course_or_radial,3,True,correct,exact_status_value,"{""status"": ""not_applicable"", ""value"": null}","{""status"": ""not_applicable"", ""value"": null}"
A1,KCHO_R03,leg_3.Q5_hold_params,Q5_hold_params,3,False,missing_inbound_course_deg,exact_status_value,"{""status"": ""present"", ""value"": {""inbound_course_deg"": null, ""leg_distance_nm"": null, ""leg_time_min"": 1.0, ""turn"": ""RIGHT""}}","{""status"": ""present"", ""value"": {""inbound_course_deg"": 33.0, ""leg_distance_nm"": 4.0, ""leg_time_min"": null, ""turn"": ""RIGHT""}}"
A1,KCII_R33,leg_1.Q4_course_or_radial,Q4_course_or_radial,1,False,status_not_applicable,degree_display_rounding,"{""status"": ""not_applicable"", ""value"": null}","{""status"": ""present"", ""value"": {""course_deg"": 337.8, ""type"": ""course_deg""}}"
A1,KCII_R33,leg_1.Q5_hold_params,Q5_hold_params,1,False,target_not_present_but_pred_present,exact_status_value,"{""status"": ""present"", ""value"": {""inbound_course_deg"": null, ""leg_distance_nm"": null, ""leg_time_min"": 1.0, ""turn"": ""RIGHT""}}","{""status"": ""not_applicable"", ""value"": null}"
A1,KCII_R33,leg_2.Q4_course_or_radial,Q4_course_or_radial,2,False,status_unknown,exact_status_value,"{""status"": ""unknown"", ""value"": null}","{""status"": ""present"", ""value"": {""type"": ""direct""}}"
A1,KCII_R33,leg_3.Q4_course_or_radial,Q4_course_or_radial,3,True,correct,exact_status_value,"{""status"": ""not_applicable"", ""value"": null}","{""status"": ""not_applicable"", ""value"": null}"
A1,KCII_R33,leg_3.Q5_hold_params,Q5_hold_params,3,False,missing_inbound_course_deg,degree_display_rounding,"{""status"": ""present"", ""value"": {""inbound_course_deg"": null, ""leg_distance_nm"": 7.0, ""leg_time_min"": null, ""turn"": ""RIGHT""}}","{""status"": ""present"", ""value"": {""inbound_course_deg"": 147.7, ""leg_distance_nm"": 7.0, ""leg_time_min"": null, ""turn"": ""RIGHT""}}"
A1,KCJR_L04,leg_1.Q4_course_or_radial,Q4_course_or_radial,1,False,status_unknown,degree_display_rounding,"{""status"": ""unknown"", ""value"": null}","{""status"": ""present"", ""value"": {""course_deg"": 38.2, ""type"": ""course_deg""}}"
A1,KCJR_L04,leg_2.Q4_course_or_radial,Q4_course_or_radial,2,True,correct,degree_display_rounding,"{""status"": ""present"", ""value"": {""course_deg"": 180.0, ""type"": ""course_deg""}}","{""status"": ""present"", ""value"": {""course_deg"": 180.0, ""type"": ""course_deg""}}"
A1,KCJR_L04,leg_3.Q4_course_or_radial,Q4_course_or_radial,3,False,status_not_applicable,degree_display_rounding,"{""status"": ""not_applicable"", ""value"": null}","{""status"": ""present"", ""value"": {""direction"": ""inbound"", ""navaid"": ""GVE"", ""radial_deg"": 28.4, ""type"": ""navaid_radial""}}"
A1,KCJR_L04,leg_3.Q5_hold_params,Q5_hold_params,3,False,target_not_present_but_pred_present,exact_status_value,"{""status"": ""present"", ""value"": {""inbound_course_deg"": null, ""leg_distance_nm"": null, ""leg_time_min"": 1.0, ""turn"": ""RIGHT""}}","{""status"": ""not_applicable"", ""value"": null}"
A1,KCJR_L04,leg_4.Q4_course_or_radial,Q4_course_or_radial,4,False,missing_leg_or_field,exact_status_value,null,"{""status"": ""not_applicable"", ""value"": null}"
A1,KCJR_L04,leg_4.Q5_hold_params,Q5_hold_params,4,False,missing_leg_or_field,degree_display_rounding,null,"{""status"": ""present"", ""value"": {""inbound_course_deg"": 28.4, ""leg_distance_nm"": null, ""leg_time_min"": 1.0, ""turn"": ""RIGHT""}}"
A1,KCMH_I10R,leg_1.Q4_course_or_radial,Q4_course_or_radial,1,False,status_unknown,degree_display_rounding,"{""status"": ""unknown"", ""value"": null}","{""status"": ""present"", ""value"": {""course_deg"": 101.2, ""type"": ""course_deg""}}"
A1,KCMH_I10R,leg_2.Q4_course_or_radial,Q4_course_or_radial,2,False,status_not_applicable,exact_status_value,"{""status"": ""not_applicable"", ""value"": null}","{""status"": ""present"", ""value"": {""type"": ""direct""}}"
A1,KCMH_I10R,leg_2.Q5_hold_params,Q5_hold_params,2,False,target_not_present_but_pred_present,exact_status_value,"{""status"": ""present"", ""value"": {""inbound_course_deg"": null, ""leg_distance_nm"": null, ""leg_time_min"": 1.0, ""turn"": ""RIGHT""}}","{""status"": ""not_applicable"", ""value"": null}"
A1,KCMH_I10R,leg_3.Q4_course_or_radial,Q4_course_or_radial,3,False,status_unknown,exact_status_value,"{""status"": ""unknown"", ""value"": null}","{""status"": ""not_applicable"", ""value"": null}"
A1,KCMH_I10R,leg_3.Q5_hold_params,Q5_hold_params,3,False,status_not_applicable,exact_status_value,"{""status"": ""not_applicable"", ""value"": null}","{""status"": ""present"", ""value"": {""inbound_course_deg"": 38.0, ""leg_distance_nm"": null, ""leg_time_min"": 1.0, ""turn"": ""LEFT""}}"
A1,KCNC_R10,leg_1.Q4_course_or_radial,Q4_course_or_radial,1,False,status_unknown,degree_display_rounding,"{""status"": ""unknown"", ""value"": null}","{""status"": ""present"", ""value"": {""course_deg"": 98.6, ""type"": ""course_deg""}}"
A1,KCNC_R10,leg_2.Q4_course_or_radial,Q4_course_or_radial,2,False,status_not_applicable,exact_status_value,"{""status"": ""not_applicable"", ""value"": null}","{""status"": ""present"", ""value"": {""type"": ""direct""}}"
A1,KCNC_R10,leg_2.Q5_hold_params,Q5_hold_params,2,False,target_not_present_but_pred_present,exact_status_value,"{""status"": ""present"", ""value"": {""inbound_course_deg"": null, ""leg_distance_nm"": null, ""leg_time_min"": 1.0, ""turn"": ""RIGHT""}}","{""status"": ""not_applicable"", ""value"": null}"
A1,KCNC_R10,leg_3.Q4_course_or_radial,Q4_course_or_radial,3,False,missing_leg_or_field,exact_status_value,null,"{""status"": ""not_applicable"", ""value"": null}"
A1,KCNC_R10,leg_3.Q5_hold_params,Q5_hold_params,3,False,missing_leg_or_field,degree_display_rounding,null,"{""status"": ""present"", ""value"": {""inbound_course_deg"": 278.7, ""leg_distance_nm"": 4.0, ""leg_time_min"": null, ""turn"": ""RIGHT""}}"
A1,KCOI_R11,leg_1.Q4_course_or_radial,Q4_course_or_radial,1,False,status_unknown,degree_display_rounding,"{""status"": ""unknown"", ""value"": null}","{""status"": ""present"", ""value"": {""course_deg"": 114.3, ""type"": ""course_deg""}}"
A1,KCOI_R11,leg_2.Q4_course_or_radial,Q4_course_or_radial,2,True,correct,exact_status_value,"{""status"": ""present"", ""value"": {""type"": ""direct""}}","{""status"": ""present"", ""value"": {""type"": ""direct""}}"
A1,KCOI_R11,leg_3.Q4_course_or_radial,Q4_course_or_radial,3,True,correct,exact_status_value,"{""status"": ""not_applicable"", ""value"": null}","{""status"": ""not_applicable"", ""value"": null}"
A1,KCOI_R11,leg_3.Q5_hold_params,Q5_hold_params,3,False,target_not_present_but_pred_present,exact_status_value,"{""status"": ""present"", ""value"": {""inbound_course_deg"": null, ""leg_distance_nm"": null, ""leg_time_min"": 1.0, ""turn"": ""RIGHT""}}","{""status"": ""not_applicable"", ""value"": null}"
A1,KCOI_R11,leg_4.Q4_course_or_radial,Q4_course_or_radial,4,False,missing_leg_or_field,exact_status_value,null,"{""status"": ""not_applicable"", ""value"": null}"
A1,KCOI_R11,leg_4.Q5_hold_params,Q5_hold_params,4,False,missing_leg_or_field,exact_status_value,null,"{""status"": ""present"", ""value"": {""inbound_course_deg"": 18.0, ""leg_distance_nm"": 4.0, ""leg_time_min"": null, ""turn"": ""LEFT""}}"
A1,KCRS_R32,leg_1.Q4_course_or_radial,Q4_course_or_radial,1,False,status_unknown,degree_display_rounding,"{""status"": ""unknown"", ""value"": null}","{""status"": ""present"", ""value"": {""course_deg"": 319.1, ""type"": ""course_deg""}}"
A1,KCRS_R32,leg_2.Q4_course_or_radial,Q4_course_or_radial,2,False,status_not_applicable,exact_status_value,"{""status"": ""not_applicable"", ""value"": null}","{""status"": ""present"", ""value"": {""type"": ""direct""}}"
A1,KCRS_R32,leg_2.Q5_hold_params,Q5_hold_params,2,False,target_not_present_but_pred_present,exact_status_value,"{""status"": ""present"", ""value"": {""inbound_course_deg"": null, ""leg_distance_nm"": null, ""leg_time_min"": 1.0, ""turn"": ""RIGHT""}}","{""status"": ""not_applicable"", ""value"": null}"
A1,KCRS_R32,leg_3.Q4_course_or_radial,Q4_course_or_radial,3,False,missing_leg_or_field,exact_status_value,null,"{""status"": ""not_applicable"", ""value"": null}"
A1,KCRS_R32,leg_3.Q5_hold_params,Q5_hold_params,3,False,missing_leg_or_field,degree_display_rounding,null,"{""status"": ""present"", ""value"": {""inbound_course_deg"": 162.8, ""leg_distance_nm"": 4.0, ""leg_time_min"": null, ""turn"": ""RIGHT""}}"
A1,KCRW_L05,leg_1.Q4_course_or_radial,Q4_course_or_radial,1,False,status_unknown,degree_display_rounding,"{""status"": ""unknown"", ""value"": null}","{""status"": ""present"", ""value"": {""course_deg"": 51.7, ""type"": ""course_deg""}}"
A1,KCRW_L05,leg_2.Q4_course_or_radial,Q4_course_or_radial,2,False,status_not_applicable,exact_status_value,"{""status"": ""not_applicable"", ""value"": null}","{""status"": ""present"", ""value"": {""type"": ""direct""}}"
A1,KCRW_L05,leg_2.Q5_hold_params,Q5_hold_params,2,False,target_not_present_but_pred_present,exact_status_value,"{""status"": ""present"", ""value"": {""inbound_course_deg"": null, ""leg_distance_nm"": null, ""leg_time_min"": 1.0, ""turn"": ""RIGHT""}}","{""status"": ""not_applicable"", ""value"": null}"
A1,KCRW_L05,leg_3.Q4_course_or_radial,Q4_course_or_radial,3,False,status_unknown,exact_status_value,"{""status"": ""unknown"", ""value"": null}","{""status"": ""not_applicable"", ""value"": null}"
A1,KCRW_L05,leg_3.Q5_hold_params,Q5_hold_params,3,False,status_not_applicable,exact_status_value,"{""status"": ""not_applicable"", ""value"": null}","{""status"": ""present"", ""value"": {""inbound_course_deg"": 81.0, ""leg_distance_nm"": null, ""leg_time_min"": 1.0, ""turn"": ""RIGHT""}}"
A2,KAAA_R03,leg_1.Q4_course_or_radial,Q4_course_or_radial,1,False,status_unknown,degree_display_rounding,"{""status"": ""unknown"", ""value"": null}","{""status"": ""present"", ""value"": {""course_deg"": 35.3, ""type"": ""course_deg""}}"
A2,KAAA_R03,leg_2.Q4_course_or_radial,Q4_course_or_radial,2,False,status_not_applicable,exact_status_value,"{""status"": ""not_applicable"", ""value"": null}","{""status"": ""present"", ""value"": {""type"": ""direct""}}"
A2,KAAA_R03,leg_2.Q5_hold_params,Q5_hold_params,2,False,target_not_present_but_pred_present,exact_status_value,"{""status"": ""present"", ""value"": {""inbound_course_deg"": null, ""leg_distance_nm"": null, ""leg_time_min"": 1.0, ""turn"": ""RIGHT""}}","{""status"": ""not_applicable"", ""value"": null}"
A2,KAAA_R03,leg_3.Q4_course_or_radial,Q4_course_or_radial,3,True,correct,exact_status_value,"{""status"": ""not_applicable"", ""value"": null}","{""status"": ""not_applicable"", ""value"": null}"
A2,KAAA_R03,leg_3.Q5_hold_params,Q5_hold_params,3,False,missing_inbound_course_deg,degree_display_rounding,"{""status"": ""present"", ""value"": {""inbound_course_deg"": null, ""leg_distance_nm"": 4.0, ""leg_time_min"": null, ""turn"": ""RIGHT""}}","{""status"": ""present"", ""value"": {""inbound_course_deg"": 215.4, ""leg_distance_nm"": 4.0, ""leg_time_min"": null, ""turn"": ""RIGHT""}}"
A2,KAAA_R21,leg_1.Q4_course_or_radial,Q4_course_or_radial,1,False,status_not_applicable,degree_display_rounding,"{""status"": ""not_applicable"", ""value"": null}","{""status"": ""present"", ""value"": {""course_deg"": 215.3, ""type"": ""course_deg""}}"
A2,KAAA_R21,leg_1.Q5_hold_params,Q5_hold_params,1,False,target_not_present_but_pred_present,exact_status_value,"{""status"": ""present"", ""value"": {""inbound_course_deg"": null, ""leg_distance_nm"": null, ""leg_time_min"": 1.0, ""turn"": ""RIGHT""}}","{""status"": ""not_applicable"", ""value"": null}"
A2,KAAA_R21,leg_2.Q4_course_or_radial,Q4_course_or_radial,2,False,status_not_applicable,exact_status_value,"{""status"": ""not_applicable"", ""value"": null}","{""status"": ""present"", ""value"": {""type"": ""direct""}}"
A2,KAAA_R21,leg_2.Q5_hold_params,Q5_hold_params,2,False,target_not_present_but_pred_present,exact_status_value,"{""status"": ""present"", ""value"": {""inbound_course_deg"": null, ""leg_distance_nm"": null, ""leg_time_min"": 1.0, ""turn"": ""RIGHT""}}","{""status"": ""not_applicable"", ""value"": null}"
A2,KAAA_R21,leg_3.Q4_course_or_radial,Q4_course_or_radial,3,False,missing_leg_or_field,exact_status_value,null,"{""status"": ""not_applicable"", ""value"": null}"
A2,KAAA_R21,leg_3.Q5_hold_params,Q5_hold_params,3,False,missing_leg_or_field,degree_display_rounding,null,"{""status"": ""present"", ""value"": {""inbound_course_deg"": 215.4, ""leg_distance_nm"": 4.0, ""leg_time_min"": null, ""turn"": ""RIGHT""}}"
A2,KAAF_R06,leg_1.Q4_course_or_radial,Q4_course_or_radial,1,False,missing_leg_or_field,degree_display_rounding,null,"{""status"": ""present"", ""value"": {""course_deg"": 63.3, ""type"": ""course_deg""}}"
A2,KAAF_R06,leg_2.Q4_course_or_radial,Q4_course_or_radial,2,False,missing_leg_or_field,exact_status_value,null,"{""status"": ""present"", ""value"": {""type"": ""direct""}}"
A2,KAAF_R06,leg_3.Q4_course_or_radial,Q4_course_or_radial,3,False,missing_leg_or_field,exact_status_value,null,"{""status"": ""not_applicable"", ""value"": null}"
A2,KAAF_R06,leg_3.Q5_hold_params,Q5_hold_params,3,False,missing_leg_or_field,degree_display_rounding,null,"{""status"": ""present"", ""value"": {""inbound_course_deg"": 243.4, ""leg_distance_nm"": 4.0, ""leg_time_min"": null, ""turn"": ""RIGHT""}}"
A2,KAAF_R14,leg_1.Q4_course_or_radial,Q4_course_or_radial,1,False,status_unknown,degree_display_rounding,"{""status"": ""unknown"", ""value"": null}","{""status"": ""present"", ""value"": {""course_deg"": 138.3, ""type"": ""course_deg""}}"
A2,KAAF_R14,leg_2.Q4_course_or_radial,Q4_course_or_radial,2,True,correct,exact_status_value,"{""status"": ""present"", ""value"": {""type"": ""direct""}}","{""status"": ""present"", ""value"": {""type"": ""direct""}}"
A2,KAAF_R14,leg_3.Q4_course_or_radial,Q4_course_or_radial,3,True,correct,exact_status_value,"{""status"": ""not_applicable"", ""value"": null}","{""status"": ""not_applicable"", ""value"": null}"
A2,KAAF_R14,leg_3.Q5_hold_params,Q5_hold_params,3,False,missing_inbound_course_deg,degree_display_rounding,"{""status"": ""present"", ""value"": {""inbound_course_deg"": null, ""leg_distance_nm"": null, ""leg_time_min"": 1.0, ""turn"": ""RIGHT""}}","{""status"": ""present"", ""value"": {""inbound_course_deg"": 243.4, ""leg_distance_nm"": 4.0, ""leg_time_min"": null, ""turn"": ""RIGHT""}}"
A2,KAAF_R24,leg_1.Q4_course_or_radial,Q4_course_or_radial,1,False,missing_leg_or_field,degree_display_rounding,null,"{""status"": ""present"", ""value"": {""course_deg"": 243.3, ""type"": ""course_deg""}}"
A2,KAAF_R24,leg_2.Q4_course_or_radial,Q4_course_or_radial,2,False,missing_leg_or_field,exact_status_value,null,"{""status"": ""present"", ""value"": {""type"": ""direct""}}"
A2,KAAF_R24,leg_3.Q4_course_or_radial,Q4_course_or_radial,3,False,missing_leg_or_field,exact_status_value,null,"{""status"": ""not_applicable"", ""value"": null}"
A2,KAAF_R24,leg_3.Q5_hold_params,Q5_hold_params,3,False,missing_leg_or_field,degree_display_rounding,null,"{""status"": ""present"", ""value"": {""inbound_course_deg"": 138.3, ""leg_distance_nm"": 4.0, ""leg_time_min"": null, ""turn"": ""RIGHT""}}"
A2,KAAS_R05,leg_1.Q4_course_or_radial,Q4_course_or_radial,1,False,status_unknown,degree_display_rounding,"{""status"": ""unknown"", ""value"": null}","{""status"": ""present"", ""value"": {""course_deg"": 54.9, ""type"": ""course_deg""}}"
A2,KAAS_R05,leg_2.Q4_course_or_radial,Q4_course_or_radial,2,False,status_not_applicable,exact_status_value,"{""status"": ""not_applicable"", ""value"": null}","{""status"": ""present"", ""value"": {""type"": ""direct""}}"
A2,KAAS_R05,leg_2.Q5_hold_params,Q5_hold_params,2,False,target_not_present_but_pred_present,exact_status_value,"{""status"": ""present"", ""value"": {""inbound_course_deg"": null, ""leg_distance_nm"": 41.0, ""leg_time_min"": null, ""turn"": ""RIGHT""}}","{""status"": ""not_applicable"", ""value"": null}"
A2,KAAS_R05,leg_3.Q4_course_or_radial,Q4_course_or_radial,3,False,missing_leg_or_field,exact_status_value,null,"{""status"": ""not_applicable"", ""value"": null}"
A2,KAAS_R05,leg_3.Q5_hold_params,Q5_hold_params,3,False,missing_leg_or_field,exact_status_value,null,"{""status"": ""present"", ""value"": {""inbound_course_deg"": 235.0, ""leg_distance_nm"": 4.0, ""leg_time_min"": null, ""turn"": ""RIGHT""}}"
A2,KAAS_R23,leg_1.Q4_course_or_radial,Q4_course_or_radial,1,False,status_not_applicable,degree_display_rounding,"{""status"": ""not_applicable"", ""value"": null}","{""status"": ""present"", ""value"": {""course_deg"": 235.0, ""type"": ""course_deg""}}"
A2,KAAS_R23,leg_1.Q5_hold_params,Q5_hold_params,1,False,target_not_present_but_pred_present,exact_status_value,"{""status"": ""present"", ""value"": {""inbound_course_deg"": null, ""leg_distance_nm"": null, ""leg_time_min"": 1.0, ""turn"": ""RIGHT""}}","{""status"": ""not_applicable"", ""value"": null}"
A2,KAAS_R23,leg_2.Q4_course_or_radial,Q4_course_or_radial,2,False,missing_leg_or_field,exact_status_value,null,"{""status"": ""present"", ""value"": {""type"": ""direct""}}"
A2,KAAS_R23,leg_3.Q4_course_or_radial,Q4_course_or_radial,3,False,missing_leg_or_field,exact_status_value,null,"{""status"": ""not_applicable"", ""value"": null}"
A2,KAAS_R23,leg_3.Q5_hold_params,Q5_hold_params,3,False,missing_leg_or_field,degree_display_rounding,null,"{""status"": ""present"", ""value"": {""inbound_course_deg"": 54.8, ""leg_distance_nm"": 4.0, ""leg_time_min"": null, ""turn"": ""RIGHT""}}"
A2,KABE_I06,leg_1.Q4_course_or_radial,Q4_course_or_radial,1,False,status_unknown,degree_display_rounding,"{""status"": ""unknown"", ""value"": null}","{""status"": ""present"", ""value"": {""course_deg"": 63.3, ""type"": ""course_deg""}}"
A2,KABE_I06,leg_2.Q4_course_or_radial,Q4_course_or_radial,2,False,round_equivalent_but_other_mismatch,degree_display_rounding,"{""status"": ""present"", ""value"": {""direction"": ""outbound"", ""navaid"": ""STW"", ""radial_deg"": 243.0, ""type"": ""navaid_radial""}}","{""status"": ""present"", ""value"": {""direction"": ""inbound"", ""navaid"": ""STW"", ""radial_deg"": 243.1, ""type"": ""navaid_radial""}}"
A2,KABE_I06,leg_3.Q4_course_or_radial,Q4_course_or_radial,3,True,correct,exact_status_value,"{""status"": ""not_applicable"", ""value"": null}","{""status"": ""not_applicable"", ""value"": null}"
A2,KABE_I06,leg_3.Q5_hold_params,Q5_hold_params,3,False,missing_inbound_course_deg,degree_display_rounding,"{""status"": ""present"", ""value"": {""inbound_course_deg"": null, ""leg_distance_nm"": null, ""leg_time_min"": 1.0, ""turn"": ""RIGHT""}}","{""status"": ""present"", ""value"": {""inbound_course_deg"": 243.1, ""leg_distance_nm"": null, ""leg_time_min"": 1.0, ""turn"": ""RIGHT""}}"
A2,KABE_R13,leg_1.Q4_course_or_radial,Q4_course_or_radial,1,False,type_mismatch:direct->course_deg,degree_display_rounding,"{""status"": ""present"", ""value"": {""type"": ""direct""}}","{""status"": ""present"", ""value"": {""course_deg"": 134.9, ""type"": ""course_deg""}}"
A2,KABE_R13,leg_2.Q4_course_or_radial,Q4_course_or_radial,2,False,missing_leg_or_field,exact_status_value,null,"{""status"": ""present"", ""value"": {""type"": ""direct""}}"
A2,KABE_R13,leg_3.Q4_course_or_radial,Q4_course_or_radial,3,False,missing_leg_or_field,exact_status_value,null,"{""status"": ""not_applicable"", ""value"": null}"
A2,KABE_R13,leg_4.Q4_course_or_radial,Q4_course_or_radial,4,False,missing_leg_or_field,exact_status_value,null,"{""status"": ""not_applicable"", ""value"": null}"
A2,KABE_R13,leg_4.Q5_hold_params,Q5_hold_params,4,False,missing_leg_or_field,degree_display_rounding,null,"{""status"": ""present"", ""value"": {""inbound_course_deg"": 115.1, ""leg_distance_nm"": 4.0, ""leg_time_min"": null, ""turn"": ""RIGHT""}}"
A2,KABE_R24,leg_1.Q4_course_or_radial,Q4_course_or_radial,1,False,type_mismatch:direct->course_deg,degree_display_rounding,"{""status"": ""present"", ""value"": {""type"": ""direct""}}","{""status"": ""present"", ""value"": {""course_deg"": 243.4, ""type"": ""course_deg""}}"
A2,KABE_R24,leg_2.Q4_course_or_radial,Q4_course_or_radial,2,False,status_not_applicable,exact_status_value,"{""status"": ""not_applicable"", ""value"": null}","{""status"": ""present"", ""value"": {""type"": ""direct""}}"
A2,KABE_R24,leg_2.Q5_hold_params,Q5_hold_params,2,False,target_not_present_but_pred_present,exact_status_value,"{""status"": ""present"", ""value"": {""inbound_course_deg"": null, ""leg_distance_nm"": null, ""leg_time_min"": 1.0, ""turn"": ""RIGHT""}}","{""status"": ""not_applicable"", ""value"": null}"
A2,KABE_R24,leg_3.Q4_course_or_radial,Q4_course_or_radial,3,False,missing_leg_or_field,exact_status_value,null,"{""status"": ""not_applicable"", ""value"": null}"
A2,KABE_R24,leg_4.Q4_course_or_radial,Q4_course_or_radial,4,False,missing_leg_or_field,exact_status_value,null,"{""status"": ""not_applicable"", ""value"": null}"
A2,KABE_R24,leg_4.Q5_hold_params,Q5_hold_params,4,False,missing_leg_or_field,exact_status_value,null,"{""status"": ""present"", ""value"": {""inbound_course_deg"": 239.0, ""leg_distance_nm"": 4.0, ""leg_time_min"": null, ""turn"": ""RIGHT""}}"
A2,KABI_R17L,leg_1.Q4_course_or_radial,Q4_course_or_radial,1,False,type_mismatch:direct->course_deg,degree_display_rounding,"{""status"": ""present"", ""value"": {""type"": ""direct""}}","{""status"": ""present"", ""value"": {""course_deg"": 174.8, ""type"": ""course_deg""}}"
A2,KABI_R17L,leg_2.Q4_course_or_radial,Q4_course_or_radial,2,False,status_not_applicable,exact_status_value,"{""status"": ""not_applicable"", ""value"": null}","{""status"": ""present"", ""value"": {""type"": ""direct""}}"
A2,KABI_R17L,leg_2.Q5_hold_params,Q5_hold_params,2,False,target_not_present_but_pred_present,exact_status_value,"{""status"": ""present"", ""value"": {""inbound_course_deg"": null, ""leg_distance_nm"": null, ""leg_time_min"": 1.0, ""turn"": ""RIGHT""}}","{""status"": ""not_applicable"", ""value"": null}"
A2,KABI_R17L,leg_3.Q4_course_or_radial,Q4_course_or_radial,3,False,missing_leg_or_field,exact_status_value,null,"{""status"": ""not_applicable"", ""value"": null}"
A2,KABI_R17L,leg_3.Q5_hold_params,Q5_hold_params,3,False,missing_leg_or_field,degree_display_rounding,null,"{""status"": ""present"", ""value"": {""inbound_course_deg"": 354.8, ""leg_distance_nm"": 4.0, ""leg_time_min"": null, ""turn"": ""RIGHT""}}"
A2,KABI_R35R,leg_1.Q4_course_or_radial,Q4_course_or_radial,1,False,status_unknown,degree_display_rounding,"{""status"": ""unknown"", ""value"": null}","{""status"": ""present"", ""value"": {""course_deg"": 354.8, ""type"": ""course_deg""}}"
A2,KABI_R35R,leg_2.Q4_course_or_radial,Q4_course_or_radial,2,False,status_not_applicable,exact_status_value,"{""status"": ""not_applicable"", ""value"": null}","{""status"": ""present"", ""value"": {""type"": ""direct""}}"
A2,KABI_R35R,leg_2.Q5_hold_params,Q5_hold_params,2,False,target_not_present_but_pred_present,exact_status_value,"{""status"": ""present"", ""value"": {""inbound_course_deg"": null, ""leg_distance_nm"": null, ""leg_time_min"": 1.0, ""turn"": ""RIGHT""}}","{""status"": ""not_applicable"", ""value"": null}"
A2,KABI_R35R,leg_3.Q4_course_or_radial,Q4_course_or_radial,3,True,correct,exact_status_value,"{""status"": ""not_applicable"", ""value"": null}","{""status"": ""not_applicable"", ""value"": null}"
A2,KABI_R35R,leg_3.Q5_hold_params,Q5_hold_params,3,False,missing_inbound_course_deg,degree_display_rounding,"{""status"": ""present"", ""value"": {""inbound_course_deg"": null, ""leg_distance_nm"": null, ""leg_time_min"": 1.0, ""turn"": ""RIGHT""}}","{""status"": ""present"", ""value"": {""inbound_course_deg"": 174.8, ""leg_distance_nm"": 4.0, ""leg_time_min"": null, ""turn"": ""RIGHT""}}"
A2,KABR_R13,leg_1.Q4_course_or_radial,Q4_course_or_radial,1,False,status_not_applicable,degree_display_rounding,"{""status"": ""not_applicable"", ""value"": null}","{""status"": ""present"", ""value"": {""course_deg"": 128.0, ""type"": ""course_deg""}}"
A2,KABR_R13,leg_1.Q5_hold_params,Q5_hold_params,1,False,target_not_present_but_pred_present,exact_status_value,"{""status"": ""present"", ""value"": {""inbound_course_deg"": null, ""leg_distance_nm"": null, ""leg_time_min"": 1.0, ""turn"": ""RIGHT""}}","{""status"": ""not_applicable"", ""value"": null}"
A2,KABR_R13,leg_2.Q4_course_or_radial,Q4_course_or_radial,2,False,status_not_applicable,exact_status_value,"{""status"": ""not_applicable"", ""value"": null}","{""status"": ""present"", ""value"": {""type"": ""direct""}}"
A2,KABR_R13,leg_2.Q5_hold_params,Q5_hold_params,2,False,target_not_present_but_pred_present,exact_status_value,"{""status"": ""present"", ""value"": {""inbound_course_deg"": null, ""leg_distance_nm"": null, ""leg_time_min"": 1.0, ""turn"": ""RIGHT""}}","{""status"": ""not_applicable"", ""value"": null}"
A2,KABR_R13,leg_3.Q4_course_or_radial,Q4_course_or_radial,3,False,missing_leg_or_field,exact_status_value,null,"{""status"": ""not_applicable"", ""value"": null}"
A2,KABR_R13,leg_3.Q5_hold_params,Q5_hold_params,3,False,missing_leg_or_field,degree_display_rounding,null,"{""status"": ""present"", ""value"": {""inbound_course_deg"": 308.2, ""leg_distance_nm"": 4.0, ""leg_time_min"": null, ""turn"": ""RIGHT""}}"
A2,KABR_R17,leg_1.Q4_course_or_radial,Q4_course_or_radial,1,False,status_not_applicable,degree_display_rounding,"{""status"": ""not_applicable"", ""value"": null}","{""status"": ""present"", ""value"": {""course_deg"": 172.9, ""type"": ""course_deg""}}"
A2,KABR_R17,leg_1.Q5_hold_params,Q5_hold_params,1,False,target_not_present_but_pred_present,exact_status_value,"{""status"": ""present"", ""value"": {""inbound_course_deg"": null, ""leg_distance_nm"": null, ""leg_time_min"": 1.0, ""turn"": ""RIGHT""}}","{""status"": ""not_applicable"", ""value"": null}"
A2,KABR_R17,leg_2.Q4_course_or_radial,Q4_course_or_radial,2,False,status_not_applicable,exact_status_value,"{""status"": ""not_applicable"", ""value"": null}","{""status"": ""present"", ""value"": {""type"": ""direct""}}"
A2,KABR_R17,leg_2.Q5_hold_params,Q5_hold_params,2,False,target_not_present_but_pred_present,exact_status_value,"{""status"": ""present"", ""value"": {""inbound_course_deg"": null, ""leg_distance_nm"": 4.0, ""leg_time_min"": null, ""turn"": ""RIGHT""}}","{""status"": ""not_applicable"", ""value"": null}"
A2,KABR_R17,leg_3.Q4_course_or_radial,Q4_course_or_radial,3,False,missing_leg_or_field,exact_status_value,null,"{""status"": ""not_applicable"", ""value"": null}"
A2,KABR_R17,leg_3.Q5_hold_params,Q5_hold_params,3,False,missing_leg_or_field,degree_display_rounding,null,"{""status"": ""present"", ""value"": {""inbound_course_deg"": 352.9, ""leg_distance_nm"": 4.0, ""leg_time_min"": null, ""turn"": ""RIGHT""}}"
A2,KABR_R31,leg_1.Q4_course_or_radial,Q4_course_or_radial,1,False,status_unknown,degree_display_rounding,"{""status"": ""unknown"", ""value"": null}","{""status"": ""present"", ""value"": {""course_deg"": 308.1, ""type"": ""course_deg""}}"
A2,KABR_R31,leg_2.Q4_course_or_radial,Q4_course_or_radial,2,False,status_not_applicable,exact_status_value,"{""status"": ""not_applicable"", ""value"": null}","{""status"": ""present"", ""value"": {""type"": ""direct""}}"
A2,KABR_R31,leg_2.Q5_hold_params,Q5_hold_params,2,False,target_not_present_but_pred_present,exact_status_value,"{""status"": ""present"", ""value"": {""inbound_course_deg"": null, ""leg_distance_nm"": null, ""leg_time_min"": 1.0, ""turn"": ""RIGHT""}}","{""status"": ""not_applicable"", ""value"": null}"
A2,KABR_R31,leg_3.Q4_course_or_radial,Q4_course_or_radial,3,False,missing_leg_or_field,exact_status_value,null,"{""status"": ""not_applicable"", ""value"": null}"
A2,KABR_R31,leg_3.Q5_hold_params,Q5_hold_params,3,False,missing_leg_or_field,degree_display_rounding,null,"{""status"": ""present"", ""value"": {""inbound_course_deg"": 127.9, ""leg_distance_nm"": 4.0, ""leg_time_min"": null, ""turn"": ""RIGHT""}}"
A2,KABY_R05,leg_1.Q4_course_or_radial,Q4_course_or_radial,1,False,status_unknown,degree_display_rounding,"{""status"": ""unknown"", ""value"": null}","{""status"": ""present"", ""value"": {""course_deg"": 47.1, ""type"": ""course_deg""}}"
A2,KABY_R05,leg_2.Q4_course_or_radial,Q4_course_or_radial,2,False,status_not_applicable,exact_status_value,"{""status"": ""not_applicable"", ""value"": null}","{""status"": ""present"", ""value"": {""type"": ""direct""}}"
A2,KABY_R05,leg_2.Q5_hold_params,Q5_hold_params,2,False,target_not_present_but_pred_present,exact_status_value,"{""status"": ""present"", ""value"": {""inbound_course_deg"": null, ""leg_distance_nm"": null, ""leg_time_min"": 1.0, ""turn"": ""RIGHT""}}","{""status"": ""not_applicable"", ""value"": null}"
A2,KABY_R05,leg_3.Q4_course_or_radial,Q4_course_or_radial,3,False,missing_leg_or_field,exact_status_value,null,"{""status"": ""not_applicable"", ""value"": null}"
A2,KABY_R05,leg_4.Q4_course_or_radial,Q4_course_or_radial,4,False,missing_leg_or_field,exact_status_value,null,"{""status"": ""not_applicable"", ""value"": null}"
A2,KABY_R05,leg_4.Q5_hold_params,Q5_hold_params,4,False,missing_leg_or_field,degree_display_rounding,null,"{""status"": ""present"", ""value"": {""inbound_course_deg"": 60.7, ""leg_distance_nm"": 4.0, ""leg_time_min"": null, ""turn"": ""RIGHT""}}"
A2,KABY_R17,leg_1.Q4_course_or_radial,Q4_course_or_radial,1,False,status_not_applicable,degree_display_rounding,"{""status"": ""not_applicable"", ""value"": null}","{""status"": ""present"", ""value"": {""course_deg"": 166.8, ""type"": ""course_deg""}}"
A2,KABY_R17,leg_1.Q5_hold_params,Q5_hold_params,1,False,target_not_present_but_pred_present,exact_status_value,"{""status"": ""present"", ""value"": {""inbound_course_deg"": null, ""leg_distance_nm"": null, ""leg_time_min"": 1.0, ""turn"": ""RIGHT""}}","{""status"": ""not_applicable"", ""value"": null}"
A2,KABY_R17,leg_2.Q4_course_or_radial,Q4_course_or_radial,2,False,status_not_applicable,exact_status_value,"{""status"": ""not_applicable"", ""value"": null}","{""status"": ""present"", ""value"": {""type"": ""direct""}}"
A2,KABY_R17,leg_2.Q5_hold_params,Q5_hold_params,2,False,target_not_present_but_pred_present,exact_status_value,"{""status"": ""present"", ""value"": {""inbound_course_deg"": null, ""leg_distance_nm"": null, ""leg_time_min"": 1.0, ""turn"": ""RIGHT""}}","{""status"": ""not_applicable"", ""value"": null}"
A2,KABY_R17,leg_3.Q4_course_or_radial,Q4_course_or_radial,3,False,missing_leg_or_field,exact_status_value,null,"{""status"": ""not_applicable"", ""value"": null}"
A2,KABY_R17,leg_4.Q4_course_or_radial,Q4_course_or_radial,4,False,missing_leg_or_field,exact_status_value,null,"{""status"": ""not_applicable"", ""value"": null}"
A2,KABY_R17,leg_4.Q5_hold_params,Q5_hold_params,4,False,missing_leg_or_field,degree_display_rounding,null,"{""status"": ""present"", ""value"": {""inbound_course_deg"": 188.6, ""leg_distance_nm"": 4.0, ""leg_time_min"": null, ""turn"": ""RIGHT""}}"
A2,KABY_R23,leg_1.Q4_course_or_radial,Q4_course_or_radial,1,False,type_mismatch:direct->course_deg,degree_display_rounding,"{""status"": ""present"", ""value"": {""type"": ""direct""}}","{""status"": ""present"", ""value"": {""course_deg"": 227.2, ""type"": ""course_deg""}}"
A2,KABY_R23,leg_2.Q4_course_or_radial,Q4_course_or_radial,2,False,missing_leg_or_field,exact_status_value,null,"{""status"": ""present"", ""value"": {""type"": ""direct""}}"
A2,KABY_R23,leg_3.Q4_course_or_radial,Q4_course_or_radial,3,False,missing_leg_or_field,exact_status_value,null,"{""status"": ""not_applicable"", ""value"": null}"
A2,KABY_R23,leg_4.Q4_course_or_radial,Q4_course_or_radial,4,False,missing_leg_or_field,exact_status_value,null,"{""status"": ""not_applicable"", ""value"": null}"
A2,KABY_R23,leg_4.Q5_hold_params,Q5_hold_params,4,False,missing_leg_or_field,degree_display_rounding,null,"{""status"": ""present"", ""value"": {""inbound_course_deg"": 188.6, ""leg_distance_nm"": 4.0, ""leg_time_min"": null, ""turn"": ""RIGHT""}}"
A2,KACJ_R05,leg_1.Q4_course_or_radial,Q4_course_or_radial,1,False,status_not_applicable,degree_display_rounding,"{""status"": ""not_applicable"", ""value"": null}","{""status"": ""present"", ""value"": {""course_deg"": 49.8, ""type"": ""course_deg""}}"
A2,KACJ_R05,leg_1.Q5_hold_params,Q5_hold_params,1,False,target_not_present_but_pred_present,exact_status_value,"{""status"": ""present"", ""value"": {""inbound_course_deg"": null, ""leg_distance_nm"": null, ""leg_time_min"": 1.0, ""turn"": ""RIGHT""}}","{""status"": ""not_applicable"", ""value"": null}"
A2,KACJ_R05,leg_2.Q4_course_or_radial,Q4_course_or_radial,2,False,missing_leg_or_field,exact_status_value,null,"{""status"": ""present"", ""value"": {""type"": ""direct""}}"
A2,KACJ_R05,leg_3.Q4_course_or_radial,Q4_course_or_radial,3,False,missing_leg_or_field,exact_status_value,null,"{""status"": ""not_applicable"", ""value"": null}"
A2,KACJ_R05,leg_3.Q5_hold_params,Q5_hold_params,3,False,missing_leg_or_field,degree_display_rounding,null,"{""status"": ""present"", ""value"": {""inbound_course_deg"": 229.9, ""leg_distance_nm"": 4.0, ""leg_time_min"": null, ""turn"": ""RIGHT""}}"
A2,KACJ_R23,leg_1.Q4_course_or_radial,Q4_course_or_radial,1,False,status_not_applicable,degree_display_rounding,"{""status"": ""not_applicable"", ""value"": null}","{""status"": ""present"", ""value"": {""course_deg"": 229.9, ""type"": ""course_deg""}}"
A2,KACJ_R23,leg_1.Q5_hold_params,Q5_hold_params,1,False,target_not_present_but_pred_present,exact_status_value,"{""status"": ""present"", ""value"": {""inbound_course_deg"": null, ""leg_distance_nm"": null, ""leg_time_min"": 1.0, ""turn"": ""RIGHT""}}","{""status"": ""not_applicable"", ""value"": null}"
A2,KACJ_R23,leg_2.Q4_course_or_radial,Q4_course_or_radial,2,False,missing_leg_or_field,exact_status_value,null,"{""status"": ""present"", ""value"": {""type"": ""direct""}}"
A2,KACJ_R23,leg_3.Q4_course_or_radial,Q4_course_or_radial,3,False,missing_leg_or_field,exact_status_value,null,"{""status"": ""not_applicable"", ""value"": null}"
A2,KACJ_R23,leg_3.Q5_hold_params,Q5_hold_params,3,False,missing_leg_or_field,degree_display_rounding,null,"{""status"": ""present"", ""value"": {""inbound_course_deg"": 49.8, ""leg_distance_nm"": 4.0, ""leg_time_min"": null, ""turn"": ""RIGHT""}}"
A2,KACK_R06,leg_1.Q4_course_or_radial,Q4_course_or_radial,1,False,type_mismatch:direct->course_deg,degree_display_rounding,"{""status"": ""present"", ""value"": {""type"": ""direct""}}","{""status"": ""present"", ""value"": {""course_deg"": 59.0, ""type"": ""course_deg""}}"
A2,KACK_R06,leg_2.Q4_course_or_radial,Q4_course_or_radial,2,False,status_unknown,exact_status_value,"{""status"": ""unknown"", ""value"": null}","{""status"": ""present"", ""value"": {""type"": ""direct""}}"
A2,KACK_R06,leg_3.Q4_course_or_radial,Q4_course_or_radial,3,True,correct,exact_status_value,"{""status"": ""not_applicable"", ""value"": null}","{""status"": ""not_applicable"", ""value"": null}"
A2,KACK_R06,leg_3.Q5_hold_params,Q5_hold_params,3,False,missing_inbound_course_deg,degree_display_rounding,"{""status"": ""present"", ""value"": {""inbound_course_deg"": null, ""leg_distance_nm"": 4.0, ""leg_time_min"": null, ""turn"": ""RIGHT""}}","{""status"": ""present"", ""value"": {""inbound_course_deg"": 291.6, ""leg_distance_nm"": 4.0, ""leg_time_min"": null, ""turn"": ""RIGHT""}}"
A2,KACK_R15,leg_1.Q4_course_or_radial,Q4_course_or_radial,1,False,status_unknown,degree_display_rounding,"{""status"": ""unknown"", ""value"": null}","{""status"": ""present"", ""value"": {""course_deg"": 149.0, ""type"": ""course_deg""}}"
A2,KACK_R15,leg_2.Q4_course_or_radial,Q4_course_or_radial,2,False,status_not_applicable,exact_status_value,"{""status"": ""not_applicable"", ""value"": null}","{""status"": ""present"", ""value"": {""type"": ""direct""}}"
A2,KACK_R15,leg_2.Q5_hold_params,Q5_hold_params,2,False,target_not_present_but_pred_present,exact_status_value,"{""status"": ""present"", ""value"": {""inbound_course_deg"": null, ""leg_distance_nm"": null, ""leg_time_min"": 1.0, ""turn"": ""RIGHT""}}","{""status"": ""not_applicable"", ""value"": null}"
A2,KACK_R15,leg_3.Q4_course_or_radial,Q4_course_or_radial,3,False,missing_leg_or_field,exact_status_value,null,"{""status"": ""not_applicable"", ""value"": null}"
A2,KACK_R15,leg_3.Q5_hold_params,Q5_hold_params,3,False,missing_leg_or_field,degree_display_rounding,null,"{""status"": ""present"", ""value"": {""inbound_course_deg"": 329.1, ""leg_distance_nm"": 4.0, ""leg_time_min"": null, ""turn"": ""RIGHT""}}"
A2,KACK_R33,leg_1.Q4_course_or_radial,Q4_course_or_radial,1,False,status_not_applicable,degree_display_rounding,"{""status"": ""not_applicable"", ""value"": null}","{""status"": ""present"", ""value"": {""course_deg"": 329.1, ""type"": ""course_deg""}}"
A2,KACK_R33,leg_1.Q5_hold_params,Q5_hold_params,1,False,target_not_present_but_pred_present,exact_status_value,"{""status"": ""present"", ""value"": {""inbound_course_deg"": null, ""leg_distance_nm"": 4.0, ""leg_time_min"": null, ""turn"": ""RIGHT""}}","{""status"": ""not_applicable"", ""value"": null}"
A2,KACK_R33,leg_2.Q4_course_or_radial,Q4_course_or_radial,2,False,missing_leg_or_field,exact_status_value,null,"{""status"": ""present"", ""value"": {""type"": ""direct""}}"
A2,KACK_R33,leg_3.Q4_course_or_radial,Q4_course_or_radial,3,False,missing_leg_or_field,exact_status_value,null,"{""status"": ""not_applicable"", ""value"": null}"
A2,KACK_R33,leg_4.Q4_course_or_radial,Q4_course_or_radial,4,False,missing_leg_or_field,exact_status_value,null,"{""status"": ""not_applicable"", ""value"": null}"
A2,KACK_R33,leg_4.Q5_hold_params,Q5_hold_params,4,False,missing_leg_or_field,exact_status_value,null,"{""status"": ""present"", ""value"": {""inbound_course_deg"": 90.0, ""leg_distance_nm"": 4.0, ""leg_time_min"": null, ""turn"": ""LEFT""}}"
A2,KACP_R18,leg_1.Q4_course_or_radial,Q4_course_or_radial,1,False,status_unknown,degree_display_rounding,"{""status"": ""unknown"", ""value"": null}","{""status"": ""present"", ""value"": {""course_deg"": 177.5, ""type"": ""course_deg""}}"
A2,KACP_R18,leg_2.Q4_course_or_radial,Q4_course_or_radial,2,False,status_not_applicable,exact_status_value,"{""status"": ""not_applicable"", ""value"": null}","{""status"": ""present"", ""value"": {""type"": ""direct""}}"
A2,KACP_R18,leg_2.Q5_hold_params,Q5_hold_params,2,False,target_not_present_but_pred_present,exact_status_value,"{""status"": ""present"", ""value"": {""inbound_course_deg"": null, ""leg_distance_nm"": null, ""leg_time_min"": 1.0, ""turn"": ""RIGHT""}}","{""status"": ""not_applicable"", ""value"": null}"
A2,KACP_R18,leg_3.Q4_course_or_radial,Q4_course_or_radial,3,True,correct,exact_status_value,"{""status"": ""not_applicable"", ""value"": null}","{""status"": ""not_applicable"", ""value"": null}"
A2,KACP_R18,leg_3.Q5_hold_params,Q5_hold_params,3,False,missing_inbound_course_deg,degree_display_rounding,"{""status"": ""present"", ""value"": {""inbound_course_deg"": null, ""leg_distance_nm"": 4.0, ""leg_time_min"": null, ""turn"": ""RIGHT""}}","{""status"": ""present"", ""value"": {""inbound_course_deg"": 357.5, ""leg_distance_nm"": 4.0, ""leg_time_min"": null, ""turn"": ""RIGHT""}}"
A2,KACP_R36,leg_1.Q4_course_or_radial,Q4_course_or_radial,1,False,status_not_applicable,degree_display_rounding,"{""status"": ""not_applicable"", ""value"": null}","{""status"": ""present"", ""value"": {""course_deg"": 357.5, ""type"": ""course_deg""}}"
A2,KACP_R36,leg_1.Q5_hold_params,Q5_hold_params,1,False,target_not_present_but_pred_present,exact_status_value,"{""status"": ""present"", ""value"": {""inbound_course_deg"": null, ""leg_distance_nm"": null, ""leg_time_min"": 1.0, ""turn"": ""RIGHT""}}","{""status"": ""not_applicable"", ""value"": null}"
A2,KACP_R36,leg_2.Q4_course_or_radial,Q4_course_or_radial,2,False,status_not_applicable,exact_status_value,"{""status"": ""not_applicable"", ""value"": null}","{""status"": ""present"", ""value"": {""type"": ""direct""}}"
A2,KACP_R36,leg_2.Q5_hold_params,Q5_hold_params,2,False,target_not_present_but_pred_present,exact_status_value,"{""status"": ""present"", ""value"": {""inbound_course_deg"": null, ""leg_distance_nm"": 8.0, ""leg_time_min"": null, ""turn"": ""RIGHT""}}","{""status"": ""not_applicable"", ""value"": null}"
A2,KACP_R36,leg_3.Q4_course_or_radial,Q4_course_or_radial,3,False,missing_leg_or_field,exact_status_value,null,"{""status"": ""not_applicable"", ""value"": null}"
A2,KACP_R36,leg_3.Q5_hold_params,Q5_hold_params,3,False,missing_leg_or_field,degree_display_rounding,null,"{""status"": ""present"", ""value"": {""inbound_course_deg"": 177.5, ""leg_distance_nm"": 4.0, ""leg_time_min"": null, ""turn"": ""RIGHT""}}"
A2,KACQ_R15,leg_1.Q4_course_or_radial,Q4_course_or_radial,1,False,type_mismatch:direct->course_deg,degree_display_rounding,"{""status"": ""present"", ""value"": {""type"": ""direct""}}","{""status"": ""present"", ""value"": {""course_deg"": 152.1, ""type"": ""course_deg""}}"
A2,KACQ_R15,leg_2.Q4_course_or_radial,Q4_course_or_radial,2,False,status_not_applicable,exact_status_value,"{""status"": ""not_applicable"", ""value"": null}","{""status"": ""present"", ""value"": {""type"": ""direct""}}"
A2,KACQ_R15,leg_2.Q5_hold_params,Q5_hold_params,2,False,target_not_present_but_pred_present,exact_status_value,"{""status"": ""present"", ""value"": {""inbound_course_deg"": null, ""leg_distance_nm"": null, ""leg_time_min"": 1.0, ""turn"": ""RIGHT""}}","{""status"": ""not_applicable"", ""value"": null}"
A2,KACQ_R15,leg_3.Q4_course_or_radial,Q4_course_or_radial,3,True,correct,exact_status_value,"{""status"": ""not_applicable"", ""value"": null}","{""status"": ""not_applicable"", ""value"": null}"
A2,KACQ_R15,leg_3.Q5_hold_params,Q5_hold_params,3,False,missing_inbound_course_deg,degree_display_rounding,"{""status"": ""present"", ""value"": {""inbound_course_deg"": null, ""leg_distance_nm"": null, ""leg_time_min"": 1.0, ""turn"": ""RIGHT""}}","{""status"": ""present"", ""value"": {""inbound_course_deg"": 332.2, ""leg_distance_nm"": 4.0, ""leg_time_min"": null, ""turn"": ""RIGHT""}}"
A2,KACQ_R33,leg_1.Q4_course_or_radial,Q4_course_or_radial,1,False,status_unknown,degree_display_rounding,"{""status"": ""unknown"", ""value"": null}","{""status"": ""present"", ""value"": {""course_deg"": 332.2, ""type"": ""course_deg""}}"
A2,KACQ_R33,leg_2.Q4_course_or_radial,Q4_course_or_radial,2,False,status_not_applicable,exact_status_value,"{""status"": ""not_applicable"", ""value"": null}","{""status"": ""present"", ""value"": {""type"": ""direct""}}"
A2,KACQ_R33,leg_2.Q5_hold_params,Q5_hold_params,2,False,target_not_present_but_pred_present,exact_status_value,"{""status"": ""present"", ""value"": {""inbound_course_deg"": null, ""leg_distance_nm"": null, ""leg_time_min"": 1.0, ""turn"": ""RIGHT""}}","{""status"": ""not_applicable"", ""value"": null}"
A2,KACQ_R33,leg_3.Q4_course_or_radial,Q4_course_or_radial,3,True,correct,exact_status_value,"{""status"": ""not_applicable"", ""value"": null}","{""status"": ""not_applicable"", ""value"": null}"
A2,KACQ_R33,leg_3.Q5_hold_params,Q5_hold_params,3,False,missing_inbound_course_deg,degree_display_rounding,"{""status"": ""present"", ""value"": {""inbound_course_deg"": null, ""leg_distance_nm"": null, ""leg_time_min"": 1.0, ""turn"": ""RIGHT""}}","{""status"": ""present"", ""value"": {""inbound_course_deg"": 152.1, ""leg_distance_nm"": 4.0, ""leg_time_min"": null, ""turn"": ""RIGHT""}}"
A2,KACY_R04,leg_1.Q4_course_or_radial,Q4_course_or_radial,1,False,status_unknown,degree_display_rounding,"{""status"": ""unknown"", ""value"": null}","{""status"": ""present"", ""value"": {""course_deg"": 38.0, ""type"": ""course_deg""}}"
A2,KACY_R04,leg_2.Q4_course_or_radial,Q4_course_or_radial,2,False,status_not_applicable,exact_status_value,"{""status"": ""not_applicable"", ""value"": null}","{""status"": ""present"", ""value"": {""type"": ""direct""}}"
A2,KACY_R04,leg_2.Q5_hold_params,Q5_hold_params,2,False,target_not_present_but_pred_present,exact_status_value,"{""status"": ""present"", ""value"": {""inbound_course_deg"": null, ""leg_distance_nm"": null, ""leg_time_min"": 1.0, ""turn"": ""RIGHT""}}","{""status"": ""not_applicable"", ""value"": null}"
A2,KACY_R04,leg_3.Q4_course_or_radial,Q4_course_or_radial,3,True,correct,exact_status_value,"{""status"": ""not_applicable"", ""value"": null}","{""status"": ""not_applicable"", ""value"": null}"
A2,KACY_R04,leg_3.Q5_hold_params,Q5_hold_params,3,False,missing_inbound_course_deg,exact_status_value,"{""status"": ""present"", ""value"": {""inbound_course_deg"": null, ""leg_distance_nm"": 8.0, ""leg_time_min"": null, ""turn"": ""RIGHT""}}","{""status"": ""present"", ""value"": {""inbound_course_deg"": 270.0, ""leg_distance_nm"": 6.0, ""leg_time_min"": null, ""turn"": ""RIGHT""}}"
A2,KACY_R13-Y,leg_1.Q4_course_or_radial,Q4_course_or_radial,1,False,type_mismatch:direct->course_deg,degree_display_rounding,"{""status"": ""present"", ""value"": {""type"": ""direct""}}","{""status"": ""present"", ""value"": {""course_deg"": 127.9, ""type"": ""course_deg""}}"
A2,KACY_R13-Y,leg_2.Q4_course_or_radial,Q4_course_or_radial,2,False,status_not_applicable,exact_status_value,"{""status"": ""not_applicable"", ""value"": null}","{""status"": ""present"", ""value"": {""type"": ""direct""}}"
A2,KACY_R13-Y,leg_2.Q5_hold_params,Q5_hold_params,2,False,target_not_present_but_pred_present,exact_status_value,"{""status"": ""present"", ""value"": {""inbound_course_deg"": null, ""leg_distance_nm"": null, ""leg_time_min"": 1.0, ""turn"": ""RIGHT""}}","{""status"": ""not_applicable"", ""value"": null}"
A2,KACY_R13-Y,leg_3.Q4_course_or_radial,Q4_course_or_radial,3,False,missing_leg_or_field,exact_status_value,null,"{""status"": ""not_applicable"", ""value"": null}"
A2,KACY_R13-Y,leg_4.Q4_course_or_radial,Q4_course_or_radial,4,False,missing_leg_or_field,exact_status_value,null,"{""status"": ""not_applicable"", ""value"": null}"
A2,KACY_R13-Y,leg_4.Q5_hold_params,Q5_hold_params,4,False,missing_leg_or_field,degree_display_rounding,null,"{""status"": ""present"", ""value"": {""inbound_course_deg"": 218.2, ""leg_distance_nm"": 5.0, ""leg_time_min"": null, ""turn"": ""RIGHT""}}"
A2,KACY_R31-Y,leg_1.Q4_course_or_radial,Q4_course_or_radial,1,False,status_not_applicable,degree_display_rounding,"{""status"": ""not_applicable"", ""value"": null}","{""status"": ""present"", ""value"": {""course_deg"": 308.1, ""type"": ""course_deg""}}"
A2,KACY_R31-Y,leg_1.Q5_hold_params,Q5_hold_params,1,False,target_not_present_but_pred_present,exact_status_value,"{""status"": ""present"", ""value"": {""inbound_course_deg"": null, ""leg_distance_nm"": null, ""leg_time_min"": 1.0, ""turn"": ""RIGHT""}}","{""status"": ""not_applicable"", ""value"": null}"
A2,KACY_R31-Y,leg_2.Q4_course_or_radial,Q4_course_or_radial,2,False,missing_leg_or_field,exact_status_value,null,"{""status"": ""present"", ""value"": {""type"": ""direct""}}"
A2,KACY_R31-Y,leg_3.Q4_course_or_radial,Q4_course_or_radial,3,False,missing_leg_or_field,exact_status_value,null,"{""status"": ""not_applicable"", ""value"": null}"
A2,KACY_R31-Y,leg_4.Q4_course_or_radial,Q4_course_or_radial,4,False,missing_leg_or_field,exact_status_value,null,"{""status"": ""not_applicable"", ""value"": null}"
A2,KACY_R31-Y,leg_4.Q5_hold_params,Q5_hold_params,4,False,missing_leg_or_field,degree_display_rounding,null,"{""status"": ""present"", ""value"": {""inbound_course_deg"": 37.8, ""leg_distance_nm"": 6.0, ""leg_time_min"": null, ""turn"": ""RIGHT""}}"
A2,KADC_R16,leg_1.Q4_course_or_radial,Q4_course_or_radial,1,False,status_not_applicable,degree_display_rounding,"{""status"": ""not_applicable"", ""value"": null}","{""status"": ""present"", ""value"": {""course_deg"": 159.3, ""type"": ""course_deg""}}"
A2,KADC_R16,leg_1.Q5_hold_params,Q5_hold_params,1,False,target_not_present_but_pred_present,exact_status_value,"{""status"": ""present"", ""value"": {""inbound_course_deg"": null, ""leg_distance_nm"": null, ""leg_time_min"": 1.0, ""turn"": ""RIGHT""}}","{""status"": ""not_applicable"", ""value"": null}"
A2,KADC_R16,leg_2.Q4_course_or_radial,Q4_course_or_radial,2,False,missing_leg_or_field,exact_status_value,null,"{""status"": ""present"", ""value"": {""type"": ""direct""}}"
A2,KADC_R16,leg_3.Q4_course_or_radial,Q4_course_or_radial,3,False,missing_leg_or_field,exact_status_value,null,"{""status"": ""not_applicable"", ""value"": null}"
A2,KADC_R16,leg_3.Q5_hold_params,Q5_hold_params,3,False,missing_leg_or_field,degree_display_rounding,null,"{""status"": ""present"", ""value"": {""inbound_course_deg"": 339.4, ""leg_distance_nm"": 4.0, ""leg_time_min"": null, ""turn"": ""RIGHT""}}"
A2,KADC_R34,leg_1.Q4_course_or_radial,Q4_course_or_radial,1,False,status_not_applicable,degree_display_rounding,"{""status"": ""not_applicable"", ""value"": null}","{""status"": ""present"", ""value"": {""course_deg"": 339.3, ""type"": ""course_deg""}}"
A2,KADC_R34,leg_1.Q5_hold_params,Q5_hold_params,1,False,target_not_present_but_pred_present,exact_status_value,"{""status"": ""present"", ""value"": {""inbound_course_deg"": null, ""leg_distance_nm"": null, ""leg_time_min"": 1.0, ""turn"": ""RIGHT""}}","{""status"": ""not_applicable"", ""value"": null}"
A2,KADC_R34,leg_2.Q4_course_or_radial,Q4_course_or_radial,2,False,missing_leg_or_field,exact_status_value,null,"{""status"": ""present"", ""value"": {""type"": ""direct""}}"
A2,KADC_R34,leg_3.Q4_course_or_radial,Q4_course_or_radial,3,False,missing_leg_or_field,exact_status_value,null,"{""status"": ""not_applicable"", ""value"": null}"
A2,KADC_R34,leg_3.Q5_hold_params,Q5_hold_params,3,False,missing_leg_or_field,degree_display_rounding,null,"{""status"": ""present"", ""value"": {""inbound_course_deg"": 159.2, ""leg_distance_nm"": 4.0, ""leg_time_min"": null, ""turn"": ""RIGHT""}}"
A2,KADF_R04,leg_1.Q4_course_or_radial,Q4_course_or_radial,1,False,status_not_applicable,degree_display_rounding,"{""status"": ""not_applicable"", ""value"": null}","{""status"": ""present"", ""value"": {""course_deg"": 40.2, ""type"": ""course_deg""}}"
A2,KADF_R04,leg_1.Q5_hold_params,Q5_hold_params,1,False,target_not_present_but_pred_present,exact_status_value,"{""status"": ""present"", ""value"": {""inbound_course_deg"": null, ""leg_distance_nm"": null, ""leg_time_min"": 1.0, ""turn"": ""RIGHT""}}","{""status"": ""not_applicable"", ""value"": null}"
A2,KADF_R04,leg_2.Q4_course_or_radial,Q4_course_or_radial,2,False,missing_leg_or_field,exact_status_value,null,"{""status"": ""present"", ""value"": {""type"": ""direct""}}"
A2,KADF_R04,leg_3.Q4_course_or_radial,Q4_course_or_radial,3,False,missing_leg_or_field,exact_status_value,null,"{""status"": ""not_applicable"", ""value"": null}"
A2,KADF_R04,leg_3.Q5_hold_params,Q5_hold_params,3,False,missing_leg_or_field,degree_display_rounding,null,"{""status"": ""present"", ""value"": {""inbound_course_deg"": 220.3, ""leg_distance_nm"": 4.0, ""leg_time_min"": null, ""turn"": ""RIGHT""}}"
A2,KADF_R22,leg_1.Q4_course_or_radial,Q4_course_or_radial,1,False,status_unknown,degree_display_rounding,"{""status"": ""unknown"", ""value"": null}","{""status"": ""present"", ""value"": {""course_deg"": 220.3, ""type"": ""course_deg""}}"
A2,KADF_R22,leg_2.Q4_course_or_radial,Q4_course_or_radial,2,False,status_not_applicable,exact_status_value,"{""status"": ""not_applicable"", ""value"": null}","{""status"": ""present"", ""value"": {""type"": ""direct""}}"
A2,KADF_R22,leg_2.Q5_hold_params,Q5_hold_params,2,False,target_not_present_but_pred_present,exact_status_value,"{""status"": ""present"", ""value"": {""inbound_course_deg"": null, ""leg_distance_nm"": null, ""leg_time_min"": 1.0, ""turn"": ""RIGHT""}}","{""status"": ""not_applicable"", ""value"": null}"
A2,KADF_R22,leg_3.Q4_course_or_radial,Q4_course_or_radial,3,True,correct,exact_status_value,"{""status"": ""not_applicable"", ""value"": null}","{""status"": ""not_applicable"", ""value"": null}"
A2,KADF_R22,leg_3.Q5_hold_params,Q5_hold_params,3,False,missing_inbound_course_deg,degree_display_rounding,"{""status"": ""present"", ""value"": {""inbound_course_deg"": null, ""leg_distance_nm"": 4.0, ""leg_time_min"": null, ""turn"": ""RIGHT""}}","{""status"": ""present"", ""value"": {""inbound_course_deg"": 40.1, ""leg_distance_nm"": 4.0, ""leg_time_min"": null, ""turn"": ""LEFT""}}"
A2,KADH_R18,leg_1.Q4_course_or_radial,Q4_course_or_radial,1,False,status_unknown,degree_display_rounding,"{""status"": ""unknown"", ""value"": null}","{""status"": ""present"", ""value"": {""course_deg"": 177.0, ""type"": ""course_deg""}}"
A2,KADH_R18,leg_2.Q4_course_or_radial,Q4_course_or_radial,2,False,status_not_applicable,exact_status_value,"{""status"": ""not_applicable"", ""value"": null}","{""status"": ""present"", ""value"": {""type"": ""direct""}}"
A2,KADH_R18,leg_2.Q5_hold_params,Q5_hold_params,2,False,target_not_present_but_pred_present,exact_status_value,"{""status"": ""present"", ""value"": {""inbound_course_deg"": null, ""leg_distance_nm"": null, ""leg_time_min"": 1.0, ""turn"": ""RIGHT""}}","{""status"": ""not_applicable"", ""value"": null}"
A2,KADH_R18,leg_3.Q4_course_or_radial,Q4_course_or_radial,3,False,missing_leg_or_field,exact_status_value,null,"{""status"": ""not_applicable"", ""value"": null}"
A2,KADH_R18,leg_3.Q5_hold_params,Q5_hold_params,3,False,missing_leg_or_field,exact_status_value,null,"{""status"": ""present"", ""value"": {""inbound_course_deg"": 357.0, ""leg_distance_nm"": 4.0, ""leg_time_min"": null, ""turn"": ""RIGHT""}}"
A2,KADH_R36,leg_1.Q4_course_or_radial,Q4_course_or_radial,1,False,status_unknown,degree_display_rounding,"{""status"": ""unknown"", ""value"": null}","{""status"": ""present"", ""value"": {""course_deg"": 357.0, ""type"": ""course_deg""}}"
A2,KADH_R36,leg_2.Q4_course_or_radial,Q4_course_or_radial,2,False,missing_leg_or_field,exact_status_value,null,"{""status"": ""present"", ""value"": {""type"": ""direct""}}"
A2,KADH_R36,leg_3.Q4_course_or_radial,Q4_course_or_radial,3,False,missing_leg_or_field,exact_status_value,null,"{""status"": ""not_applicable"", ""value"": null}"
A2,KADH_R36,leg_3.Q5_hold_params,Q5_hold_params,3,False,missing_leg_or_field,exact_status_value,null,"{""status"": ""present"", ""value"": {""inbound_course_deg"": 177.0, ""leg_distance_nm"": 4.0, ""leg_time_min"": null, ""turn"": ""RIGHT""}}"
A2,KADM_R13,leg_1.Q4_course_or_radial,Q4_course_or_radial,1,False,status_not_applicable,degree_display_rounding,"{""status"": ""not_applicable"", ""value"": null}","{""status"": ""present"", ""value"": {""course_deg"": 129.4, ""type"": ""course_deg""}}"
A2,KADM_R13,leg_1.Q5_hold_params,Q5_hold_params,1,False,target_not_present_but_pred_present,exact_status_value,"{""status"": ""present"", ""value"": {""inbound_course_deg"": null, ""leg_distance_nm"": null, ""leg_time_min"": 1.0, ""turn"": ""RIGHT""}}","{""status"": ""not_applicable"", ""value"": null}"
A2,KADM_R13,leg_2.Q4_course_or_radial,Q4_course_or_radial,2,False,status_not_applicable,exact_status_value,"{""status"": ""not_applicable"", ""value"": null}","{""status"": ""present"", ""value"": {""type"": ""direct""}}"
A2,KADM_R13,leg_2.Q5_hold_params,Q5_hold_params,2,False,target_not_present_but_pred_present,exact_status_value,"{""status"": ""present"", ""value"": {""inbound_course_deg"": null, ""leg_distance_nm"": 4.0, ""leg_time_min"": null, ""turn"": ""RIGHT""}}","{""status"": ""not_applicable"", ""value"": null}"
A2,KADM_R13,leg_3.Q4_course_or_radial,Q4_course_or_radial,3,False,missing_leg_or_field,exact_status_value,null,"{""status"": ""not_applicable"", ""value"": null}"
A2,KADM_R13,leg_3.Q5_hold_params,Q5_hold_params,3,False,missing_leg_or_field,degree_display_rounding,null,"{""status"": ""present"", ""value"": {""inbound_course_deg"": 309.5, ""leg_distance_nm"": 4.0, ""leg_time_min"": null, ""turn"": ""RIGHT""}}"
A2,KADM_R31,leg_1.Q4_course_or_radial,Q4_course_or_radial,1,False,status_unknown,degree_display_rounding,"{""status"": ""unknown"", ""value"": null}","{""status"": ""present"", ""value"": {""course_deg"": 309.5, ""type"": ""course_deg""}}"
A2,KADM_R31,leg_2.Q4_course_or_radial,Q4_course_or_radial,2,False,status_not_applicable,exact_status_value,"{""status"": ""not_applicable"", ""value"": null}","{""status"": ""present"", ""value"": {""type"": ""direct""}}"
A2,KADM_R31,leg_2.Q5_hold_params,Q5_hold_params,2,False,target_not_present_but_pred_present,exact_status_value,"{""status"": ""present"", ""value"": {""inbound_course_deg"": null, ""leg_distance_nm"": null, ""leg_time_min"": 1.0, ""turn"": ""RIGHT""}}","{""status"": ""not_applicable"", ""value"": null}"
A2,KADM_R31,leg_3.Q4_course_or_radial,Q4_course_or_radial,3,True,correct,exact_status_value,"{""status"": ""not_applicable"", ""value"": null}","{""status"": ""not_applicable"", ""value"": null}"
A2,KADM_R31,leg_3.Q5_hold_params,Q5_hold_params,3,False,missing_inbound_course_deg,degree_display_rounding,"{""status"": ""present"", ""value"": {""inbound_course_deg"": null, ""leg_distance_nm"": 4.0, ""leg_time_min"": null, ""turn"": ""RIGHT""}}","{""status"": ""present"", ""value"": {""inbound_course_deg"": 129.3, ""leg_distance_nm"": 4.0, ""leg_time_min"": null, ""turn"": ""RIGHT""}}"
A2,KAEG_R04,leg_1.Q4_course_or_radial,Q4_course_or_radial,1,False,status_unknown,degree_display_rounding,"{""status"": ""unknown"", ""value"": null}","{""status"": ""present"", ""value"": {""course_deg"": 35.1, ""type"": ""course_deg""}}"
A2,KAEG_R04,leg_2.Q4_course_or_radial,Q4_course_or_radial,2,False,status_not_applicable,exact_status_value,"{""status"": ""not_applicable"", ""value"": null}","{""status"": ""present"", ""value"": {""type"": ""direct""}}"
A2,KAEG_R04,leg_2.Q5_hold_params,Q5_hold_params,2,False,target_not_present_but_pred_present,exact_status_value,"{""status"": ""present"", ""value"": {""inbound_course_deg"": null, ""leg_distance_nm"": null, ""leg_time_min"": 1.0, ""turn"": ""RIGHT""}}","{""status"": ""not_applicable"", ""value"": null}"
A2,KAEG_R04,leg_3.Q4_course_or_radial,Q4_course_or_radial,3,True,correct,exact_status_value,"{""status"": ""not_applicable"", ""value"": null}","{""status"": ""not_applicable"", ""value"": null}"
A2,KAEG_R04,leg_3.Q5_hold_params,Q5_hold_params,3,False,missing_inbound_course_deg,degree_display_rounding,"{""status"": ""present"", ""value"": {""inbound_course_deg"": null, ""leg_distance_nm"": 7.0, ""leg_time_min"": null, ""turn"": ""RIGHT""}}","{""status"": ""present"", ""value"": {""inbound_course_deg"": 200.8, ""leg_distance_nm"": 7.0, ""leg_time_min"": null, ""turn"": ""RIGHT""}}"
A2,KAEG_R22,leg_1.Q4_course_or_radial,Q4_course_or_radial,1,False,missing_leg_or_field,degree_display_rounding,null,"{""status"": ""present"", ""value"": {""course_deg"": 215.2, ""type"": ""course_deg""}}"
A2,KAEG_R22,leg_2.Q4_course_or_radial,Q4_course_or_radial,2,False,missing_leg_or_field,exact_status_value,null,"{""status"": ""present"", ""value"": {""type"": ""direct""}}"
A2,KAEG_R22,leg_3.Q4_course_or_radial,Q4_course_or_radial,3,False,missing_leg_or_field,exact_status_value,null,"{""status"": ""not_applicable"", ""value"": null}"
A2,KAEG_R22,leg_3.Q5_hold_params,Q5_hold_params,3,False,missing_leg_or_field,degree_display_rounding,null,"{""status"": ""present"", ""value"": {""inbound_course_deg"": 35.1, ""leg_distance_nm"": 7.0, ""leg_time_min"": null, ""turn"": ""RIGHT""}}"
A2,KAEL_R17,leg_1.Q4_course_or_radial,Q4_course_or_radial,1,False,status_not_applicable,degree_display_rounding,"{""status"": ""not_applicable"", ""value"": null}","{""status"": ""present"", ""value"": {""course_deg"": 167.2, ""type"": ""course_deg""}}"
A2,KAEL_R17,leg_1.Q5_hold_params,Q5_hold_params,1,False,target_not_present_but_pred_present,exact_status_value,"{""status"": ""present"", ""value"": {""inbound_course_deg"": null, ""leg_distance_nm"": null, ""leg_time_min"": 1.0, ""turn"": ""RIGHT""}}","{""status"": ""not_applicable"", ""value"": null}"
A2,KAEL_R17,leg_2.Q4_course_or_radial,Q4_course_or_radial,2,False,missing_leg_or_field,exact_status_value,null,"{""status"": ""present"", ""value"": {""type"": ""direct""}}"
A2,KAEL_R17,leg_3.Q4_course_or_radial,Q4_course_or_radial,3,False,missing_leg_or_field,exact_status_value,null,"{""status"": ""not_applicable"", ""value"": null}"
A2,KAEL_R17,leg_3.Q5_hold_params,Q5_hold_params,3,False,missing_leg_or_field,degree_display_rounding,null,"{""status"": ""present"", ""value"": {""inbound_course_deg"": 347.2, ""leg_distance_nm"": 4.0, ""leg_time_min"": null, ""turn"": ""RIGHT""}}"
A2,KAEL_R35,leg_1.Q4_course_or_radial,Q4_course_or_radial,1,False,status_unknown,degree_display_rounding,"{""status"": ""unknown"", ""value"": null}","{""status"": ""present"", ""value"": {""course_deg"": 347.2, ""type"": ""course_deg""}}"
A2,KAEL_R35,leg_2.Q4_course_or_radial,Q4_course_or_radial,2,False,status_not_applicable,exact_status_value,"{""status"": ""not_applicable"", ""value"": null}","{""status"": ""present"", ""value"": {""type"": ""direct""}}"
A2,KAEL_R35,leg_2.Q5_hold_params,Q5_hold_params,2,False,target_not_present_but_pred_present,exact_status_value,"{""status"": ""present"", ""value"": {""inbound_course_deg"": null, ""leg_distance_nm"": null, ""leg_time_min"": 1.0, ""turn"": ""RIGHT""}}","{""status"": ""not_applicable"", ""value"": null}"
A2,KAEL_R35,leg_3.Q4_course_or_radial,Q4_course_or_radial,3,True,correct,exact_status_value,"{""status"": ""not_applicable"", ""value"": null}","{""status"": ""not_applicable"", ""value"": null}"
A2,KAEL_R35,leg_3.Q5_hold_params,Q5_hold_params,3,False,missing_inbound_course_deg,degree_display_rounding,"{""status"": ""present"", ""value"": {""inbound_course_deg"": null, ""leg_distance_nm"": 4.0, ""leg_time_min"": null, ""turn"": ""RIGHT""}}","{""status"": ""present"", ""value"": {""inbound_course_deg"": 167.1, ""leg_distance_nm"": 4.0, ""leg_time_min"": null, ""turn"": ""RIGHT""}}"
A2,KAFJ_R09,leg_1.Q4_course_or_radial,Q4_course_or_radial,1,False,type_mismatch:direct->course_deg,degree_display_rounding,"{""status"": ""present"", ""value"": {""type"": ""direct""}}","{""status"": ""present"", ""value"": {""course_deg"": 93.0, ""type"": ""course_deg""}}"
A2,KAFJ_R09,leg_2.Q4_course_or_radial,Q4_course_or_radial,2,False,status_not_applicable,exact_status_value,"{""status"": ""not_applicable"", ""value"": null}","{""status"": ""present"", ""value"": {""type"": ""direct""}}"
A2,KAFJ_R09,leg_2.Q5_hold_params,Q5_hold_params,2,False,target_not_present_but_pred_present,exact_status_value,"{""status"": ""present"", ""value"": {""inbound_course_deg"": null, ""leg_distance_nm"": null, ""leg_time_min"": 1.0, ""turn"": ""RIGHT""}}","{""status"": ""not_applicable"", ""value"": null}"
A2,KAFJ_R09,leg_3.Q4_course_or_radial,Q4_course_or_radial,3,False,missing_leg_or_field,exact_status_value,null,"{""status"": ""not_applicable"", ""value"": null}"
A2,KAFJ_R09,leg_3.Q5_hold_params,Q5_hold_params,3,False,missing_leg_or_field,degree_display_rounding,null,"{""status"": ""present"", ""value"": {""inbound_course_deg"": 273.2, ""leg_distance_nm"": 4.0, ""leg_time_min"": null, ""turn"": ""RIGHT""}}"
A2,KAFJ_R27,leg_1.Q4_course_or_radial,Q4_course_or_radial,1,False,status_unknown,degree_display_rounding,"{""status"": ""unknown"", ""value"": null}","{""status"": ""present"", ""value"": {""course_deg"": 273.1, ""type"": ""course_deg""}}"
A2,KAFJ_R27,leg_2.Q4_course_or_radial,Q4_course_or_radial,2,True,correct,exact_status_value,"{""status"": ""present"", ""value"": {""type"": ""direct""}}","{""status"": ""present"", ""value"": {""type"": ""direct""}}"
A2,KAFJ_R27,leg_3.Q4_course_or_radial,Q4_course_or_radial,3,False,missing_leg_or_field,exact_status_value,null,"{""status"": ""not_applicable"", ""value"": null}"
A2,KAFJ_R27,leg_3.Q5_hold_params,Q5_hold_params,3,False,missing_leg_or_field,exact_status_value,null,"{""status"": ""present"", ""value"": {""inbound_course_deg"": 223.0, ""leg_distance_nm"": 4.0, ""leg_time_min"": null, ""turn"": ""LEFT""}}"
A2,KAFN_RNV-B,leg_1.Q4_course_or_radial,Q4_course_or_radial,1,False,status_not_applicable,degree_display_rounding,"{""status"": ""not_applicable"", ""value"": null}","{""status"": ""present"", ""value"": {""course_deg"": 22.9, ""type"": ""course_deg""}}"
A2,KAFN_RNV-B,leg_1.Q5_hold_params,Q5_hold_params,1,False,target_not_present_but_pred_present,exact_status_value,"{""status"": ""present"", ""value"": {""inbound_course_deg"": null, ""leg_distance_nm"": null, ""leg_time_min"": 1.0, ""turn"": ""RIGHT""}}","{""status"": ""not_applicable"", ""value"": null}"
A2,KAFN_RNV-B,leg_2.Q4_course_or_radial,Q4_course_or_radial,2,False,status_not_applicable,exact_status_value,"{""status"": ""not_applicable"", ""value"": null}","{""status"": ""present"", ""value"": {""type"": ""direct""}}"
A2,KAFN_RNV-B,leg_2.Q5_hold_params,Q5_hold_params,2,False,target_not_present_but_pred_present,exact_status_value,"{""status"": ""present"", ""value"": {""inbound_course_deg"": null, ""leg_distance_nm"": null, ""leg_time_min"": 1.0, ""turn"": ""RIGHT""}}","{""status"": ""not_applicable"", ""value"": null}"
A2,KAFN_RNV-B,leg_3.Q4_course_or_radial,Q4_course_or_radial,3,False,missing_leg_or_field,exact_status_value,null,"{""status"": ""not_applicable"", ""value"": null}"
A2,KAFN_RNV-B,leg_3.Q5_hold_params,Q5_hold_params,3,False,missing_leg_or_field,exact_status_value,null,"{""status"": ""present"", ""value"": {""inbound_course_deg"": 203.0, ""leg_distance_nm"": 4.0, ""leg_time_min"": null, ""turn"": ""LEFT""}}"
A2,KAFN_RNV-C,leg_1.Q4_course_or_radial,Q4_course_or_radial,1,False,status_unknown,degree_display_rounding,"{""status"": ""unknown"", ""value"": null}","{""status"": ""present"", ""value"": {""course_deg"": 203.0, ""type"": ""course_deg""}}"
A2,KAFN_RNV-C,leg_2.Q4_course_or_radial,Q4_course_or_radial,2,False,status_not_applicable,exact_status_value,"{""status"": ""not_applicable"", ""value"": null}","{""status"": ""present"", ""value"": {""type"": ""direct""}}"
A2,KAFN_RNV-C,leg_2.Q5_hold_params,Q5_hold_params,2,False,target_not_present_but_pred_present,exact_status_value,"{""status"": ""present"", ""value"": {""inbound_course_deg"": null, ""leg_distance_nm"": 30.0, ""leg_time_min"": null, ""turn"": ""RIGHT""}}","{""status"": ""not_applicable"", ""value"": null}"
A2,KAFN_RNV-C,leg_3.Q4_course_or_radial,Q4_course_or_radial,3,False,missing_leg_or_field,exact_status_value,null,"{""status"": ""not_applicable"", ""value"": null}"
A2,KAFN_RNV-C,leg_3.Q5_hold_params,Q5_hold_params,3,False,missing_leg_or_field,degree_display_rounding,null,"{""status"": ""present"", ""value"": {""inbound_course_deg"": 22.9, ""leg_distance_nm"": 4.0, ""leg_time_min"": null, ""turn"": ""LEFT""}}"
A2,KAFP_R16,leg_1.Q4_course_or_radial,Q4_course_or_radial,1,False,status_unknown,degree_display_rounding,"{""status"": ""unknown"", ""value"": null}","{""status"": ""present"", ""value"": {""course_deg"": 161.5, ""type"": ""course_deg""}}"
A2,KAFP_R16,leg_2.Q4_course_or_radial,Q4_course_or_radial,2,True,correct,exact_status_value,"{""status"": ""present"", ""value"": {""type"": ""direct""}}","{""status"": ""present"", ""value"": {""type"": ""direct""}}"
A2,KAFP_R16,leg_3.Q4_course_or_radial,Q4_course_or_radial,3,True,correct,exact_status_value,"{""status"": ""not_applicable"", ""value"": null}","{""status"": ""not_applicable"", ""value"": null}"
A2,KAFP_R16,leg_3.Q5_hold_params,Q5_hold_params,3,False,missing_inbound_course_deg,degree_display_rounding,"{""status"": ""present"", ""value"": {""inbound_course_deg"": null, ""leg_distance_nm"": 2.0, ""leg_time_min"": null, ""turn"": ""RIGHT""}}","{""status"": ""present"", ""value"": {""inbound_course_deg"": 341.6, ""leg_distance_nm"": 4.0, ""leg_time_min"": null, ""turn"": ""RIGHT""}}"
A2,KAFP_R34,leg_1.Q4_course_or_radial,Q4_course_or_radial,1,False,status_unknown,degree_display_rounding,"{""status"": ""unknown"", ""value"": null}","{""status"": ""present"", ""value"": {""course_deg"": 341.6, ""type"": ""course_deg""}}"
A2,KAFP_R34,leg_2.Q4_course_or_radial,Q4_course_or_radial,2,False,status_not_applicable,exact_status_value,"{""status"": ""not_applicable"", ""value"": null}","{""status"": ""present"", ""value"": {""type"": ""direct""}}"
A2,KAFP_R34,leg_2.Q5_hold_params,Q5_hold_params,2,False,target_not_present_but_pred_present,exact_status_value,"{""status"": ""present"", ""value"": {""inbound_course_deg"": null, ""leg_distance_nm"": null, ""leg_time_min"": 1.0, ""turn"": ""RIGHT""}}","{""status"": ""not_applicable"", ""value"": null}"
A2,KAFP_R34,leg_3.Q4_course_or_radial,Q4_course_or_radial,3,True,correct,exact_status_value,"{""status"": ""not_applicable"", ""value"": null}","{""status"": ""not_applicable"", ""value"": null}"
A2,KAFP_R34,leg_3.Q5_hold_params,Q5_hold_params,3,False,missing_inbound_course_deg,degree_display_rounding,"{""status"": ""present"", ""value"": {""inbound_course_deg"": null, ""leg_distance_nm"": null, ""leg_time_min"": 1.0, ""turn"": ""RIGHT""}}","{""status"": ""present"", ""value"": {""inbound_course_deg"": 161.5, ""leg_distance_nm"": 4.0, ""leg_time_min"": null, ""turn"": ""RIGHT""}}"
A2,KAFW_R16L,leg_1.Q4_course_or_radial,Q4_course_or_radial,1,False,status_unknown,degree_display_rounding,"{""status"": ""unknown"", ""value"": null}","{""status"": ""present"", ""value"": {""course_deg"": 166.2, ""type"": ""course_deg""}}"
A2,KAFW_R16L,leg_2.Q4_course_or_radial,Q4_course_or_radial,2,False,status_not_applicable,exact_status_value,"{""status"": ""not_applicable"", ""value"": null}","{""status"": ""present"", ""value"": {""type"": ""direct""}}"
A2,KAFW_R16L,leg_2.Q5_hold_params,Q5_hold_params,2,False,target_not_present_but_pred_present,exact_status_value,"{""status"": ""present"", ""value"": {""inbound_course_deg"": null, ""leg_distance_nm"": null, ""leg_time_min"": 1.0, ""turn"": ""RIGHT""}}","{""status"": ""not_applicable"", ""value"": null}"
A2,KAFW_R16L,leg_3.Q4_course_or_radial,Q4_course_or_radial,3,False,missing_leg_or_field,exact_status_value,null,"{""status"": ""not_applicable"", ""value"": null}"
A2,KAFW_R16L,leg_3.Q5_hold_params,Q5_hold_params,3,False,missing_leg_or_field,degree_display_rounding,null,"{""status"": ""present"", ""value"": {""inbound_course_deg"": 122.1, ""leg_distance_nm"": 9.0, ""leg_time_min"": null, ""turn"": ""RIGHT""}}"
A2,KAFW_R16R,leg_1.Q4_course_or_radial,Q4_course_or_radial,1,False,status_unknown,degree_display_rounding,"{""status"": ""unknown"", ""value"": null}","{""status"": ""present"", ""value"": {""course_deg"": 166.2, ""type"": ""course_deg""}}"
A2,KAFW_R16R,leg_2.Q4_course_or_radial,Q4_course_or_radial,2,False,status_not_applicable,exact_status_value,"{""status"": ""not_applicable"", ""value"": null}","{""status"": ""present"", ""value"": {""type"": ""direct""}}"
A2,KAFW_R16R,leg_2.Q5_hold_params,Q5_hold_params,2,False,target_not_present_but_pred_present,exact_status_value,"{""status"": ""present"", ""value"": {""inbound_course_deg"": null, ""leg_distance_nm"": null, ""leg_time_min"": 1.0, ""turn"": ""RIGHT""}}","{""status"": ""not_applicable"", ""value"": null}"
A2,KAFW_R16R,leg_3.Q4_course_or_radial,Q4_course_or_radial,3,False,missing_leg_or_field,exact_status_value,null,"{""status"": ""not_applicable"", ""value"": null}"
A2,KAFW_R16R,leg_3.Q5_hold_params,Q5_hold_params,3,False,missing_leg_or_field,degree_display_rounding,null,"{""status"": ""present"", ""value"": {""inbound_course_deg"": 122.1, ""leg_distance_nm"": 9.0, ""leg_time_min"": null, ""turn"": ""RIGHT""}}"
A2,KAFW_R34R,leg_1.Q4_course_or_radial,Q4_course_or_radial,1,False,missing_leg_or_field,degree_display_rounding,null,"{""status"": ""present"", ""value"": {""course_deg"": 346.2, ""type"": ""course_deg""}}"
A2,KAFW_R34R,leg_2.Q4_course_or_radial,Q4_course_or_radial,2,False,missing_leg_or_field,exact_status_value,null,"{""status"": ""present"", ""value"": {""type"": ""direct""}}"
A2,KAFW_R34R,leg_3.Q4_course_or_radial,Q4_course_or_radial,3,False,missing_leg_or_field,exact_status_value,null,"{""status"": ""not_applicable"", ""value"": null}"
A2,KAFW_R34R,leg_4.Q4_course_or_radial,Q4_course_or_radial,4,False,missing_leg_or_field,exact_status_value,null,"{""status"": ""not_applicable"", ""value"": null}"
A2,KAFW_R34R,leg_4.Q5_hold_params,Q5_hold_params,4,False,missing_leg_or_field,degree_display_rounding,null,"{""status"": ""present"", ""value"": {""inbound_course_deg"": 122.1, ""leg_distance_nm"": 9.0, ""leg_time_min"": null, ""turn"": ""RIGHT""}}"
A2,KAGC_R10,leg_1.Q4_course_or_radial,Q4_course_or_radial,1,False,status_unknown,degree_display_rounding,"{""status"": ""unknown"", ""value"": null}","{""status"": ""present"", ""value"": {""course_deg"": 98.8, ""type"": ""course_deg""}}"
A2,KAGC_R10,leg_2.Q4_course_or_radial,Q4_course_or_radial,2,False,status_not_applicable,exact_status_value,"{""status"": ""not_applicable"", ""value"": null}","{""status"": ""present"", ""value"": {""type"": ""direct""}}"
A2,KAGC_R10,leg_2.Q5_hold_params,Q5_hold_params,2,False,target_not_present_but_pred_present,exact_status_value,"{""status"": ""present"", ""value"": {""inbound_course_deg"": null, ""leg_distance_nm"": null, ""leg_time_min"": 1.0, ""turn"": ""RIGHT""}}","{""status"": ""not_applicable"", ""value"": null}"
A2,KAGC_R10,leg_3.Q4_course_or_radial,Q4_course_or_radial,3,False,missing_leg_or_field,exact_status_value,null,"{""status"": ""not_applicable"", ""value"": null}"
A2,KAGC_R10,leg_4.Q4_course_or_radial,Q4_course_or_radial,4,False,missing_leg_or_field,exact_status_value,null,"{""status"": ""not_applicable"", ""value"": null}"
A2,KAGC_R10,leg_4.Q5_hold_params,Q5_hold_params,4,False,missing_leg_or_field,exact_status_value,null,"{""status"": ""present"", ""value"": {""inbound_course_deg"": 318.0, ""leg_distance_nm"": 4.0, ""leg_time_min"": null, ""turn"": ""RIGHT""}}"
A2,KAGC_R28,leg_1.Q4_course_or_radial,Q4_course_or_radial,1,False,type_mismatch:direct->course_deg,degree_display_rounding,"{""status"": ""present"", ""value"": {""type"": ""direct""}}","{""status"": ""present"", ""value"": {""course_deg"": 279.0, ""type"": ""course_deg""}}"
A2,KAGC_R28,leg_2.Q4_course_or_radial,Q4_course_or_radial,2,False,missing_leg_or_field,exact_status_value,null,"{""status"": ""present"", ""value"": {""type"": ""direct""}}"
A2,KAGC_R28,leg_3.Q4_course_or_radial,Q4_course_or_radial,3,False,missing_leg_or_field,exact_status_value,null,"{""status"": ""not_applicable"", ""value"": null}"
A2,KAGC_R28,leg_4.Q4_course_or_radial,Q4_course_or_radial,4,False,missing_leg_or_field,exact_status_value,null,"{""status"": ""not_applicable"", ""value"": null}"
A2,KAGC_R28,leg_4.Q5_hold_params,Q5_hold_params,4,False,missing_leg_or_field,exact_status_value,null,"{""status"": ""present"", ""value"": {""inbound_course_deg"": 56.0, ""leg_distance_nm"": 4.0, ""leg_time_min"": null, ""turn"": ""RIGHT""}}"
A2,KAGO_R18,leg_1.Q4_course_or_radial,Q4_course_or_radial,1,False,type_mismatch:direct->course_deg,degree_display_rounding,"{""status"": ""present"", ""value"": {""type"": ""direct""}}","{""status"": ""present"", ""value"": {""course_deg"": 180.8, ""type"": ""course_deg""}}"
A2,KAGO_R18,leg_2.Q4_course_or_radial,Q4_course_or_radial,2,False,status_not_applicable,exact_status_value,"{""status"": ""not_applicable"", ""value"": null}","{""status"": ""present"", ""value"": {""type"": ""direct""}}"
A2,KAGO_R18,leg_2.Q5_hold_params,Q5_hold_params,2,False,target_not_present_but_pred_present,exact_status_value,"{""status"": ""present"", ""value"": {""inbound_course_deg"": null, ""leg_distance_nm"": null, ""leg_time_min"": 1.0, ""turn"": ""RIGHT""}}","{""status"": ""not_applicable"", ""value"": null}"
A2,KAGO_R18,leg_3.Q4_course_or_radial,Q4_course_or_radial,3,False,missing_leg_or_field,exact_status_value,null,"{""status"": ""not_applicable"", ""value"": null}"
A2,KAGO_R18,leg_3.Q5_hold_params,Q5_hold_params,3,False,missing_leg_or_field,degree_display_rounding,null,"{""status"": ""present"", ""value"": {""inbound_course_deg"": 0.8, ""leg_distance_nm"": 4.0, ""leg_time_min"": null, ""turn"": ""RIGHT""}}"
A2,KAGO_R36,leg_1.Q4_course_or_radial,Q4_course_or_radial,1,False,status_not_applicable,degree_display_rounding,"{""status"": ""not_applicable"", ""value"": null}","{""status"": ""present"", ""value"": {""course_deg"": 0.8, ""type"": ""course_deg""}}"
A2,KAGO_R36,leg_1.Q5_hold_params,Q5_hold_params,1,False,target_not_present_but_pred_present,exact_status_value,"{""status"": ""present"", ""value"": {""inbound_course_deg"": null, ""leg_distance_nm"": null, ""leg_time_min"": 1.0, ""turn"": ""RIGHT""}}","{""status"": ""not_applicable"", ""value"": null}"
A2,KAGO_R36,leg_2.Q4_course_or_radial,Q4_course_or_radial,2,False,status_not_applicable,exact_status_value,"{""status"": ""not_applicable"", ""value"": null}","{""status"": ""present"", ""value"": {""type"": ""direct""}}"
A2,KAGO_R36,leg_2.Q5_hold_params,Q5_hold_params,2,False,target_not_present_but_pred_present,exact_status_value,"{""status"": ""present"", ""value"": {""inbound_course_deg"": null, ""leg_distance_nm"": 4.0, ""leg_time_min"": null, ""turn"": ""RIGHT""}}","{""status"": ""not_applicable"", ""value"": null}"
A2,KAGO_R36,leg_3.Q4_course_or_radial,Q4_course_or_radial,3,True,correct,exact_status_value,"{""status"": ""not_applicable"", ""value"": null}","{""status"": ""not_applicable"", ""value"": null}"
A2,KAGO_R36,leg_3.Q5_hold_params,Q5_hold_params,3,False,missing_inbound_course_deg,degree_display_rounding,"{""status"": ""present"", ""value"": {""inbound_course_deg"": null, ""leg_distance_nm"": null, ""leg_time_min"": 1.0, ""turn"": ""RIGHT""}}","{""status"": ""present"", ""value"": {""inbound_course_deg"": 180.8, ""leg_distance_nm"": 4.0, ""leg_time_min"": null, ""turn"": ""RIGHT""}}"
A2,KAGZ_R09,leg_1.Q4_course_or_radial,Q4_course_or_radial,1,False,status_not_applicable,degree_display_rounding,"{""status"": ""not_applicable"", ""value"": null}","{""status"": ""present"", ""value"": {""course_deg"": 89.7, ""type"": ""course_deg""}}"
A2,KAGZ_R09,leg_1.Q5_hold_params,Q5_hold_params,1,False,target_not_present_but_pred_present,exact_status_value,"{""status"": ""present"", ""value"": {""inbound_course_deg"": null, ""leg_distance_nm"": 4.0, ""leg_time_min"": null, ""turn"": ""RIGHT""}}","{""status"": ""not_applicable"", ""value"": null}"
A2,KAGZ_R09,leg_2.Q4_course_or_radial,Q4_course_or_radial,2,False,status_not_applicable,exact_status_value,"{""status"": ""not_applicable"", ""value"": null}","{""status"": ""present"", ""value"": {""type"": ""direct""}}"
A2,KAGZ_R09,leg_2.Q5_hold_params,Q5_hold_params,2,False,target_not_present_but_pred_present,exact_status_value,"{""status"": ""present"", ""value"": {""inbound_course_deg"": null, ""leg_distance_nm"": null, ""leg_time_min"": 1.0, ""turn"": ""RIGHT""}}","{""status"": ""not_applicable"", ""value"": null}"
A2,KAGZ_R09,leg_3.Q4_course_or_radial,Q4_course_or_radial,3,False,missing_leg_or_field,exact_status_value,null,"{""status"": ""not_applicable"", ""value"": null}"
A2,KAGZ_R09,leg_3.Q5_hold_params,Q5_hold_params,3,False,missing_leg_or_field,degree_display_rounding,null,"{""status"": ""present"", ""value"": {""inbound_course_deg"": 269.9, ""leg_distance_nm"": 4.0, ""leg_time_min"": null, ""turn"": ""RIGHT""}}"
A2,KAGZ_R27,leg_1.Q4_course_or_radial,Q4_course_or_radial,1,False,missing_leg_or_field,degree_display_rounding,null,"{""status"": ""present"", ""value"": {""course_deg"": 269.8, ""type"": ""course_deg""}}"
A2,KAGZ_R27,leg_2.Q4_course_or_radial,Q4_course_or_radial,2,False,missing_leg_or_field,exact_status_value,null,"{""status"": ""present"", ""value"": {""type"": ""direct""}}"
A2,KAGZ_R27,leg_3.Q4_course_or_radial,Q4_course_or_radial,3,False,missing_leg_or_field,exact_status_value,null,"{""status"": ""not_applicable"", ""value"": null}"
A2,KAGZ_R27,leg_3.Q5_hold_params,Q5_hold_params,3,False,missing_leg_or_field,degree_display_rounding,null,"{""status"": ""present"", ""value"": {""inbound_course_deg"": 89.6, ""leg_distance_nm"": 4.0, ""leg_time_min"": null, ""turn"": ""RIGHT""}}"
A2,KAHN_R02,leg_1.Q4_course_or_radial,Q4_course_or_radial,1,False,status_not_applicable,degree_display_rounding,"{""status"": ""not_applicable"", ""value"": null}","{""status"": ""present"", ""value"": {""course_deg"": 26.8, ""type"": ""course_deg""}}"
A2,KAHN_R02,leg_1.Q5_hold_params,Q5_hold_params,1,False,target_not_present_but_pred_present,exact_status_value,"{""status"": ""present"", ""value"": {""inbound_course_deg"": null, ""leg_distance_nm"": null, ""leg_time_min"": 1.0, ""turn"": ""RIGHT""}}","{""status"": ""not_applicable"", ""value"": null}"
A2,KAHN_R02,leg_2.Q4_course_or_radial,Q4_course_or_radial,2,False,missing_leg_or_field,exact_status_value,null,"{""status"": ""present"", ""value"": {""type"": ""direct""}}"
A2,KAHN_R02,leg_3.Q4_course_or_radial,Q4_course_or_radial,3,False,missing_leg_or_field,exact_status_value,null,"{""status"": ""not_applicable"", ""value"": null}"
A2,KAHN_R02,leg_3.Q5_hold_params,Q5_hold_params,3,False,missing_leg_or_field,degree_display_rounding,null,"{""status"": ""present"", ""value"": {""inbound_course_deg"": 206.8, ""leg_distance_nm"": 4.0, ""leg_time_min"": null, ""turn"": ""RIGHT""}}"
A2,KAHN_R09,leg_1.Q4_course_or_radial,Q4_course_or_radial,1,False,type_mismatch:direct->course_deg,degree_display_rounding,"{""status"": ""present"", ""value"": {""type"": ""direct""}}","{""status"": ""present"", ""value"": {""course_deg"": 94.3, ""type"": ""course_deg""}}"
A2,KAHN_R09,leg_2.Q4_course_or_radial,Q4_course_or_radial,2,False,status_not_applicable,exact_status_value,"{""status"": ""not_applicable"", ""value"": null}","{""status"": ""present"", ""value"": {""type"": ""direct""}}"
A2,KAHN_R09,leg_2.Q5_hold_params,Q5_hold_params,2,False,target_not_present_but_pred_present,exact_status_value,"{""status"": ""present"", ""value"": {""inbound_course_deg"": null, ""leg_distance_nm"": 4.0, ""leg_time_min"": null, ""turn"": ""RIGHT""}}","{""status"": ""not_applicable"", ""value"": null}"
A2,KAHN_R09,leg_3.Q4_course_or_radial,Q4_course_or_radial,3,False,missing_leg_or_field,exact_status_value,null,"{""status"": ""not_applicable"", ""value"": null}"
A2,KAHN_R09,leg_3.Q5_hold_params,Q5_hold_params,3,False,missing_leg_or_field,degree_display_rounding,null,"{""status"": ""present"", ""value"": {""inbound_course_deg"": 274.5, ""leg_distance_nm"": 4.0, ""leg_time_min"": null, ""turn"": ""RIGHT""}}"
A2,KAHN_R20,leg_1.Q4_course_or_radial,Q4_course_or_radial,1,False,missing_leg_or_field,degree_display_rounding,null,"{""status"": ""present"", ""value"": {""course_deg"": 206.8, ""type"": ""course_deg""}}"
A2,KAHN_R20,leg_2.Q4_course_or_radial,Q4_course_or_radial,2,False,missing_leg_or_field,exact_status_value,null,"{""status"": ""present"", ""value"": {""type"": ""direct""}}"
A2,KAHN_R20,leg_3.Q4_course_or_radial,Q4_course_or_radial,3,False,missing_leg_or_field,exact_status_value,null,"{""status"": ""not_applicable"", ""value"": null}"
A2,KAHN_R20,leg_3.Q5_hold_params,Q5_hold_params,3,False,missing_leg_or_field,degree_display_rounding,null,"{""status"": ""present"", ""value"": {""inbound_course_deg"": 206.8, ""leg_distance_nm"": 4.0, ""leg_time_min"": null, ""turn"": ""RIGHT""}}"
A2,KAIA_R08,leg_1.Q4_course_or_radial,Q4_course_or_radial,1,False,status_not_applicable,degree_display_rounding,"{""status"": ""not_applicable"", ""value"": null}","{""status"": ""present"", ""value"": {""course_deg"": 82.2, ""type"": ""course_deg""}}"
A2,KAIA_R08,leg_1.Q5_hold_params,Q5_hold_params,1,False,target_not_present_but_pred_present,exact_status_value,"{""status"": ""present"", ""value"": {""inbound_course_deg"": null, ""leg_distance_nm"": null, ""leg_time_min"": 1.0, ""turn"": ""RIGHT""}}","{""status"": ""not_applicable"", ""value"": null}"
A2,KAIA_R08,leg_2.Q4_course_or_radial,Q4_course_or_radial,2,False,status_not_applicable,exact_status_value,"{""status"": ""not_applicable"", ""value"": null}","{""status"": ""present"", ""value"": {""type"": ""direct""}}"
A2,KAIA_R08,leg_2.Q5_hold_params,Q5_hold_params,2,False,target_not_present_but_pred_present,exact_status_value,"{""status"": ""present"", ""value"": {""inbound_course_deg"": null, ""leg_distance_nm"": null, ""leg_time_min"": 1.0, ""turn"": ""RIGHT""}}","{""status"": ""not_applicable"", ""value"": null}"
A2,KAIA_R08,leg_3.Q4_course_or_radial,Q4_course_or_radial,3,True,correct,exact_status_value,"{""status"": ""not_applicable"", ""value"": null}","{""status"": ""not_applicable"", ""value"": null}"
A2,KAIA_R08,leg_3.Q5_hold_params,Q5_hold_params,3,False,missing_inbound_course_deg,degree_display_rounding,"{""status"": ""present"", ""value"": {""inbound_course_deg"": null, ""leg_distance_nm"": null, ""leg_time_min"": 1.0, ""turn"": ""RIGHT""}}","{""status"": ""present"", ""value"": {""inbound_course_deg"": 262.5, ""leg_distance_nm"": 5.0, ""leg_time_min"": null, ""turn"": ""RIGHT""}}"
A2,KAIA_R12,leg_1.Q4_course_or_radial,Q4_course_or_radial,1,False,status_not_applicable,degree_display_rounding,"{""status"": ""not_applicable"", ""value"": null}","{""status"": ""present"", ""value"": {""course_deg"": 127.2, ""type"": ""course_deg""}}"
A2,KAIA_R12,leg_1.Q5_hold_params,Q5_hold_params,1,False,target_not_present_but_pred_present,exact_status_value,"{""status"": ""present"", ""value"": {""inbound_course_deg"": null, ""leg_distance_nm"": null, ""leg_time_min"": 1.0, ""turn"": ""RIGHT""}}","{""status"": ""not_applicable"", ""value"": null}"
A2,KAIA_R12,leg_2.Q4_course_or_radial,Q4_course_or_radial,2,False,status_not_applicable,exact_status_value,"{""status"": ""not_applicable"", ""value"": null}","{""status"": ""present"", ""value"": {""type"": ""direct""}}"
A2,KAIA_R12,leg_2.Q5_hold_params,Q5_hold_params,2,False,target_not_present_but_pred_present,exact_status_value,"{""status"": ""present"", ""value"": {""inbound_course_deg"": null, ""leg_distance_nm"": null, ""leg_time_min"": 1.0, ""turn"": ""RIGHT""}}","{""status"": ""not_applicable"", ""value"": null}"
A2,KAIA_R12,leg_3.Q4_course_or_radial,Q4_course_or_radial,3,False,missing_leg_or_field,exact_status_value,null,"{""status"": ""not_applicable"", ""value"": null}"
A2,KAIA_R12,leg_3.Q5_hold_params,Q5_hold_params,3,False,missing_leg_or_field,degree_display_rounding,null,"{""status"": ""present"", ""value"": {""inbound_course_deg"": 307.4, ""leg_distance_nm"": 7.0, ""leg_time_min"": null, ""turn"": ""RIGHT""}}"
A2,KAIA_R26,leg_1.Q4_course_or_radial,Q4_course_or_radial,1,False,status_not_applicable,degree_display_rounding,"{""status"": ""not_applicable"", ""value"": null}","{""status"": ""present"", ""value"": {""course_deg"": 262.4, ""type"": ""course_deg""}}"
A2,KAIA_R26,leg_1.Q5_hold_params,Q5_hold_params,1,False,target_not_present_but_pred_present,exact_status_value,"{""status"": ""present"", ""value"": {""inbound_course_deg"": null, ""leg_distance_nm"": null, ""leg_time_min"": 1.0, ""turn"": ""RIGHT""}}","{""status"": ""not_applicable"", ""value"": null}"
A2,KAIA_R26,leg_2.Q4_course_or_radial,Q4_course_or_radial,2,False,status_not_applicable,exact_status_value,"{""status"": ""not_applicable"", ""value"": null}","{""status"": ""present"", ""value"": {""type"": ""direct""}}"
A2,KAIA_R26,leg_2.Q5_hold_params,Q5_hold_params,2,False,target_not_present_but_pred_present,exact_status_value,"{""status"": ""present"", ""value"": {""inbound_course_deg"": null, ""leg_distance_nm"": 5.0, ""leg_time_min"": null, ""turn"": ""RIGHT""}}","{""status"": ""not_applicable"", ""value"": null}"
A2,KAIA_R26,leg_3.Q4_course_or_radial,Q4_course_or_radial,3,False,missing_leg_or_field,exact_status_value,null,"{""status"": ""not_applicable"", ""value"": null}"
A2,KAIA_R26,leg_3.Q5_hold_params,Q5_hold_params,3,False,missing_leg_or_field,degree_display_rounding,null,"{""status"": ""present"", ""value"": {""inbound_course_deg"": 82.1, ""leg_distance_nm"": 5.0, ""leg_time_min"": null, ""turn"": ""RIGHT""}}"
A2,KAIG_R09,leg_1.Q4_course_or_radial,Q4_course_or_radial,1,False,status_unknown,degree_display_rounding,"{""status"": ""unknown"", ""value"": null}","{""status"": ""present"", ""value"": {""course_deg"": 85.0, ""type"": ""course_deg""}}"
A2,KAIG_R09,leg_2.Q4_course_or_radial,Q4_course_or_radial,2,False,status_not_applicable,exact_status_value,"{""status"": ""not_applicable"", ""value"": null}","{""status"": ""present"", ""value"": {""type"": ""direct""}}"
A2,KAIG_R09,leg_2.Q5_hold_params,Q5_hold_params,2,False,target_not_present_but_pred_present,exact_status_value,"{""status"": ""present"", ""value"": {""inbound_course_deg"": null, ""leg_distance_nm"": null, ""leg_time_min"": 1.0, ""turn"": ""RIGHT""}}","{""status"": ""not_applicable"", ""value"": null}"
A2,KAIG_R09,leg_3.Q4_course_or_radial,Q4_course_or_radial,3,True,correct,exact_status_value,"{""status"": ""not_applicable"", ""value"": null}","{""status"": ""not_applicable"", ""value"": null}"
A2,KAIG_R09,leg_3.Q5_hold_params,Q5_hold_params,3,False,missing_inbound_course_deg,degree_display_rounding,"{""status"": ""present"", ""value"": {""inbound_course_deg"": null, ""leg_distance_nm"": null, ""leg_time_min"": 1.0, ""turn"": ""RIGHT""}}","{""status"": ""present"", ""value"": {""inbound_course_deg"": 265.3, ""leg_distance_nm"": 4.0, ""leg_time_min"": null, ""turn"": ""RIGHT""}}"
A2,KAIG_R17,leg_1.Q4_course_or_radial,Q4_course_or_radial,1,False,status_unknown,degree_display_rounding,"{""status"": ""unknown"", ""value"": null}","{""status"": ""present"", ""value"": {""course_deg"": 166.1, ""type"": ""course_deg""}}"
A2,KAIG_R17,leg_2.Q4_course_or_radial,Q4_course_or_radial,2,False,status_not_applicable,exact_status_value,"{""status"": ""not_applicable"", ""value"": null}","{""status"": ""present"", ""value"": {""type"": ""direct""}}"
A2,KAIG_R17,leg_2.Q5_hold_params,Q5_hold_params,2,False,target_not_present_but_pred_present,exact_status_value,"{""status"": ""present"", ""value"": {""inbound_course_deg"": null, ""leg_distance_nm"": 7.0, ""leg_time_min"": null, ""turn"": ""RIGHT""}}","{""status"": ""not_applicable"", ""value"": null}"
A2,KAIG_R17,leg_3.Q4_course_or_radial,Q4_course_or_radial,3,False,missing_leg_or_field,exact_status_value,null,"{""status"": ""not_applicable"", ""value"": null}"
A2,KAIG_R17,leg_3.Q5_hold_params,Q5_hold_params,3,False,missing_leg_or_field,degree_display_rounding,null,"{""status"": ""present"", ""value"": {""inbound_course_deg"": 346.2, ""leg_distance_nm"": 4.0, ""leg_time_min"": null, ""turn"": ""RIGHT""}}"
A2,KAIG_R27,leg_1.Q4_course_or_radial,Q4_course_or_radial,1,False,status_unknown,degree_display_rounding,"{""status"": ""unknown"", ""value"": null}","{""status"": ""present"", ""value"": {""course_deg"": 265.2, ""type"": ""course_deg""}}"
A2,KAIG_R27,leg_2.Q4_course_or_radial,Q4_course_or_radial,2,False,status_not_applicable,exact_status_value,"{""status"": ""not_applicable"", ""value"": null}","{""status"": ""present"", ""value"": {""type"": ""direct""}}"
A2,KAIG_R27,leg_2.Q5_hold_params,Q5_hold_params,2,False,target_not_present_but_pred_present,exact_status_value,"{""status"": ""present"", ""value"": {""inbound_course_deg"": null, ""leg_distance_nm"": null, ""leg_time_min"": 1.0, ""turn"": ""RIGHT""}}","{""status"": ""not_applicable"", ""value"": null}"
A2,KAIG_R27,leg_3.Q4_course_or_radial,Q4_course_or_radial,3,True,correct,exact_status_value,"{""status"": ""not_applicable"", ""value"": null}","{""status"": ""not_applicable"", ""value"": null}"
A2,KAIG_R27,leg_3.Q5_hold_params,Q5_hold_params,3,False,missing_inbound_course_deg,degree_display_rounding,"{""status"": ""present"", ""value"": {""inbound_course_deg"": null, ""leg_distance_nm"": 4.0, ""leg_time_min"": null, ""turn"": ""RIGHT""}}","{""status"": ""present"", ""value"": {""inbound_course_deg"": 84.9, ""leg_distance_nm"": 4.0, ""leg_time_min"": null, ""turn"": ""RIGHT""}}"
A2,KAIK_R07,leg_1.Q4_course_or_radial,Q4_course_or_radial,1,False,missing_leg_or_field,degree_display_rounding,null,"{""status"": ""present"", ""value"": {""course_deg"": 66.3, ""type"": ""course_deg""}}"
A2,KAIK_R07,leg_2.Q4_course_or_radial,Q4_course_or_radial,2,False,missing_leg_or_field,exact_status_value,null,"{""status"": ""present"", ""value"": {""type"": ""direct""}}"
A2,KAIK_R07,leg_3.Q4_course_or_radial,Q4_course_or_radial,3,False,missing_leg_or_field,exact_status_value,null,"{""status"": ""not_applicable"", ""value"": null}"
A2,KAIK_R07,leg_3.Q5_hold_params,Q5_hold_params,3,False,missing_leg_or_field,degree_display_rounding,null,"{""status"": ""present"", ""value"": {""inbound_course_deg"": 246.5, ""leg_distance_nm"": 4.0, ""leg_time_min"": null, ""turn"": ""RIGHT""}}"
A2,KAIK_R25,leg_1.Q4_course_or_radial,Q4_course_or_radial,1,False,type_mismatch:direct->course_deg,degree_display_rounding,"{""status"": ""present"", ""value"": {""type"": ""direct""}}","{""status"": ""present"", ""value"": {""course_deg"": 246.4, ""type"": ""course_deg""}}"
A2,KAIK_R25,leg_2.Q4_course_or_radial,Q4_course_or_radial,2,False,status_not_applicable,exact_status_value,"{""status"": ""not_applicable"", ""value"": null}","{""status"": ""present"", ""value"": {""type"": ""direct""}}"
A2,KAIK_R25,leg_2.Q5_hold_params,Q5_hold_params,2,False,target_not_present_but_pred_present,exact_status_value,"{""status"": ""present"", ""value"": {""inbound_course_deg"": null, ""leg_distance_nm"": null, ""leg_time_min"": 1.0, ""turn"": ""RIGHT""}}","{""status"": ""not_applicable"", ""value"": null}"
A2,KAIK_R25,leg_3.Q4_course_or_radial,Q4_course_or_radial,3,False,missing_leg_or_field,exact_status_value,null,"{""status"": ""not_applicable"", ""value"": null}"
A2,KAIK_R25,leg_3.Q5_hold_params,Q5_hold_params,3,False,missing_leg_or_field,degree_display_rounding,null,"{""status"": ""present"", ""value"": {""inbound_course_deg"": 66.2, ""leg_distance_nm"": 4.0, ""leg_time_min"": null, ""turn"": ""RIGHT""}}"
A2,KAIO_R02,leg_1.Q4_course_or_radial,Q4_course_or_radial,1,False,status_not_applicable,degree_display_rounding,"{""status"": ""not_applicable"", ""value"": null}","{""status"": ""present"", ""value"": {""course_deg"": 17.8, ""type"": ""course_deg""}}"
A2,KAIO_R02,leg_1.Q5_hold_params,Q5_hold_params,1,False,target_not_present_but_pred_present,exact_status_value,"{""status"": ""present"", ""value"": {""inbound_course_deg"": null, ""leg_distance_nm"": null, ""leg_time_min"": 1.0, ""turn"": ""RIGHT""}}","{""status"": ""not_applicable"", ""value"": null}"
A2,KAIO_R02,leg_2.Q4_course_or_radial,Q4_course_or_radial,2,False,missing_leg_or_field,exact_status_value,null,"{""status"": ""present"", ""value"": {""type"": ""direct""}}"
A2,KAIO_R02,leg_3.Q4_course_or_radial,Q4_course_or_radial,3,False,missing_leg_or_field,exact_status_value,null,"{""status"": ""not_applicable"", ""value"": null}"
A2,KAIO_R02,leg_3.Q5_hold_params,Q5_hold_params,3,False,missing_leg_or_field,degree_display_rounding,null,"{""status"": ""present"", ""value"": {""inbound_course_deg"": 197.9, ""leg_distance_nm"": 4.0, ""leg_time_min"": null, ""turn"": ""RIGHT""}}"
A2,KAIO_R20,leg_1.Q4_course_or_radial,Q4_course_or_radial,1,False,type_mismatch:direct->course_deg,degree_display_rounding,"{""status"": ""present"", ""value"": {""type"": ""direct""}}","{""status"": ""present"", ""value"": {""course_deg"": 197.8, ""type"": ""course_deg""}}"
A2,KAIO_R20,leg_2.Q4_course_or_radial,Q4_course_or_radial,2,False,status_not_applicable,exact_status_value,"{""status"": ""not_applicable"", ""value"": null}","{""status"": ""present"", ""value"": {""type"": ""direct""}}"
A2,KAIO_R20,leg_2.Q5_hold_params,Q5_hold_params,2,False,target_not_present_but_pred_present,exact_status_value,"{""status"": ""present"", ""value"": {""inbound_course_deg"": null, ""leg_distance_nm"": null, ""leg_time_min"": 1.0, ""turn"": ""RIGHT""}}","{""status"": ""not_applicable"", ""value"": null}"
A2,KAIO_R20,leg_3.Q4_course_or_radial,Q4_course_or_radial,3,True,correct,exact_status_value,"{""status"": ""not_applicable"", ""value"": null}","{""status"": ""not_applicable"", ""value"": null}"
A2,KAIO_R20,leg_3.Q5_hold_params,Q5_hold_params,3,False,missing_inbound_course_deg,degree_display_rounding,"{""status"": ""present"", ""value"": {""inbound_course_deg"": null, ""leg_distance_nm"": 4.0, ""leg_time_min"": null, ""turn"": ""RIGHT""}}","{""status"": ""present"", ""value"": {""inbound_course_deg"": 17.7, ""leg_distance_nm"": 4.0, ""leg_time_min"": null, ""turn"": ""RIGHT""}}"
A2,KAIT_R16,leg_1.Q4_course_or_radial,Q4_course_or_radial,1,False,type_mismatch:direct->course_deg,degree_display_rounding,"{""status"": ""present"", ""value"": {""type"": ""direct""}}","{""status"": ""present"", ""value"": {""course_deg"": 164.4, ""type"": ""course_deg""}}"
A2,KAIT_R16,leg_2.Q4_course_or_radial,Q4_course_or_radial,2,False,status_not_applicable,exact_status_value,"{""status"": ""not_applicable"", ""value"": null}","{""status"": ""present"", ""value"": {""type"": ""direct""}}"
A2,KAIT_R16,leg_2.Q5_hold_params,Q5_hold_params,2,False,target_not_present_but_pred_present,exact_status_value,"{""status"": ""present"", ""value"": {""inbound_course_deg"": null, ""leg_distance_nm"": null, ""leg_time_min"": 1.0, ""turn"": ""RIGHT""}}","{""status"": ""not_applicable"", ""value"": null}"
A2,KAIT_R16,leg_3.Q4_course_or_radial,Q4_course_or_radial,3,False,missing_leg_or_field,exact_status_value,null,"{""status"": ""not_applicable"", ""value"": null}"
A2,KAIT_R16,leg_3.Q5_hold_params,Q5_hold_params,3,False,missing_leg_or_field,degree_display_rounding,null,"{""status"": ""present"", ""value"": {""inbound_course_deg"": 344.5, ""leg_distance_nm"": 4.0, ""leg_time_min"": null, ""turn"": ""RIGHT""}}"
A2,KAIT_R34,leg_1.Q4_course_or_radial,Q4_course_or_radial,1,False,status_not_applicable,degree_display_rounding,"{""status"": ""not_applicable"", ""value"": null}","{""status"": ""present"", ""value"": {""course_deg"": 344.5, ""type"": ""course_deg""}}"
A2,KAIT_R34,leg_1.Q5_hold_params,Q5_hold_params,1,False,target_not_present_but_pred_present,exact_status_value,"{""status"": ""present"", ""value"": {""inbound_course_deg"": null, ""leg_distance_nm"": null, ""leg_time_min"": 1.0, ""turn"": ""RIGHT""}}","{""status"": ""not_applicable"", ""value"": null}"
A2,KAIT_R34,leg_2.Q4_course_or_radial,Q4_course_or_radial,2,False,status_not_applicable,exact_status_value,"{""status"": ""not_applicable"", ""value"": null}","{""status"": ""present"", ""value"": {""type"": ""direct""}}"
A2,KAIT_R34,leg_2.Q5_hold_params,Q5_hold_params,2,False,target_not_present_but_pred_present,exact_status_value,"{""status"": ""present"", ""value"": {""inbound_course_deg"": null, ""leg_distance_nm"": null, ""leg_time_min"": 1.0, ""turn"": ""RIGHT""}}","{""status"": ""not_applicable"", ""value"": null}"
A2,KAIT_R34,leg_3.Q4_course_or_radial,Q4_course_or_radial,3,False,missing_leg_or_field,exact_status_value,null,"{""status"": ""not_applicable"", ""value"": null}"
A2,KAIT_R34,leg_3.Q5_hold_params,Q5_hold_params,3,False,missing_leg_or_field,degree_display_rounding,null,"{""status"": ""present"", ""value"": {""inbound_course_deg"": 164.4, ""leg_distance_nm"": 4.0, ""leg_time_min"": null, ""turn"": ""LEFT""}}"
A2,KAIV_R06,leg_1.Q4_course_or_radial,Q4_course_or_radial,1,False,missing_leg_or_field,degree_display_rounding,null,"{""status"": ""present"", ""value"": {""course_deg"": 63.6, ""type"": ""course_deg""}}"
A2,KAIV_R06,leg_2.Q4_course_or_radial,Q4_course_or_radial,2,False,missing_leg_or_field,exact_status_value,null,"{""status"": ""present"", ""value"": {""type"": ""direct""}}"
A2,KAIV_R06,leg_3.Q4_course_or_radial,Q4_course_or_radial,3,False,missing_leg_or_field,exact_status_value,null,"{""status"": ""not_applicable"", ""value"": null}"
A2,KAIV_R06,leg_3.Q5_hold_params,Q5_hold_params,3,False,missing_leg_or_field,degree_display_rounding,null,"{""status"": ""present"", ""value"": {""inbound_course_deg"": 243.8, ""leg_distance_nm"": 4.0, ""leg_time_min"": null, ""turn"": ""RIGHT""}}"
A2,KAIV_R24,leg_1.Q4_course_or_radial,Q4_course_or_radial,1,False,status_not_applicable,degree_display_rounding,"{""status"": ""not_applicable"", ""value"": null}","{""status"": ""present"", ""value"": {""course_deg"": 243.7, ""type"": ""course_deg""}}"
A2,KAIV_R24,leg_1.Q5_hold_params,Q5_hold_params,1,False,target_not_present_but_pred_present,exact_status_value,"{""status"": ""present"", ""value"": {""inbound_course_deg"": null, ""leg_distance_nm"": 4.0, ""leg_time_min"": null, ""turn"": ""RIGHT""}}","{""status"": ""not_applicable"", ""value"": null}"
A2,KAIV_R24,leg_2.Q4_course_or_radial,Q4_course_or_radial,2,False,missing_leg_or_field,exact_status_value,null,"{""status"": ""present"", ""value"": {""type"": ""direct""}}"
A2,KAIV_R24,leg_3.Q4_course_or_radial,Q4_course_or_radial,3,False,missing_leg_or_field,exact_status_value,null,"{""status"": ""not_applicable"", ""value"": null}"
A2,KAIV_R24,leg_3.Q5_hold_params,Q5_hold_params,3,False,missing_leg_or_field,degree_display_rounding,null,"{""status"": ""present"", ""value"": {""inbound_course_deg"": 63.5, ""leg_distance_nm"": 4.0, ""leg_time_min"": null, ""turn"": ""RIGHT""}}"
A2,KAIZ_R04,leg_1.Q4_course_or_radial,Q4_course_or_radial,1,False,status_unknown,degree_display_rounding,"{""status"": ""unknown"", ""value"": null}","{""status"": ""present"", ""value"": {""course_deg"": 37.0, ""type"": ""course_deg""}}"
A2,KAIZ_R04,leg_2.Q4_course_or_radial,Q4_course_or_radial,2,False,status_not_applicable,exact_status_value,"{""status"": ""not_applicable"", ""value"": null}","{""status"": ""present"", ""value"": {""type"": ""direct""}}"
A2,KAIZ_R04,leg_2.Q5_hold_params,Q5_hold_params,2,False,target_not_present_but_pred_present,exact_status_value,"{""status"": ""present"", ""value"": {""inbound_course_deg"": null, ""leg_distance_nm"": null, ""leg_time_min"": 1.0, ""turn"": ""RIGHT""}}","{""status"": ""not_applicable"", ""value"": null}"
A2,KAIZ_R04,leg_3.Q4_course_or_radial,Q4_course_or_radial,3,True,correct,exact_status_value,"{""status"": ""not_applicable"", ""value"": null}","{""status"": ""not_applicable"", ""value"": null}"
A2,KAIZ_R04,leg_3.Q5_hold_params,Q5_hold_params,3,False,missing_inbound_course_deg,degree_display_rounding,"{""status"": ""present"", ""value"": {""inbound_course_deg"": null, ""leg_distance_nm"": 4.0, ""leg_time_min"": null, ""turn"": ""RIGHT""}}","{""status"": ""present"", ""value"": {""inbound_course_deg"": 217.2, ""leg_distance_nm"": 4.0, ""leg_time_min"": null, ""turn"": ""RIGHT""}}"
A2,KAIZ_R22,leg_1.Q4_course_or_radial,Q4_course_or_radial,1,False,status_unknown,degree_display_rounding,"{""status"": ""unknown"", ""value"": null}","{""status"": ""present"", ""value"": {""course_deg"": 217.1, ""type"": ""course_deg""}}"
A2,KAIZ_R22,leg_2.Q4_course_or_radial,Q4_course_or_radial,2,False,status_not_applicable,exact_status_value,"{""status"": ""not_applicable"", ""value"": null}","{""status"": ""present"", ""value"": {""type"": ""direct""}}"
A2,KAIZ_R22,leg_2.Q5_hold_params,Q5_hold_params,2,False,target_not_present_but_pred_present,exact_status_value,"{""status"": ""present"", ""value"": {""inbound_course_deg"": null, ""leg_distance_nm"": null, ""leg_time_min"": 1.0, ""turn"": ""RIGHT""}}","{""status"": ""not_applicable"", ""value"": null}"
A2,KAIZ_R22,leg_3.Q4_course_or_radial,Q4_course_or_radial,3,True,correct,exact_status_value,"{""status"": ""not_applicable"", ""value"": null}","{""status"": ""not_applicable"", ""value"": null}"
A2,KAIZ_R22,leg_3.Q5_hold_params,Q5_hold_params,3,False,missing_inbound_course_deg,exact_status_value,"{""status"": ""present"", ""value"": {""inbound_course_deg"": null, ""leg_distance_nm"": 8.0, ""leg_time_min"": null, ""turn"": ""RIGHT""}}","{""status"": ""present"", ""value"": {""inbound_course_deg"": 37.0, ""leg_distance_nm"": 4.0, ""leg_time_min"": null, ""turn"": ""RIGHT""}}"
A2,KAJR_R06,leg_1.Q4_course_or_radial,Q4_course_or_radial,1,False,status_unknown,degree_display_rounding,"{""status"": ""unknown"", ""value"": null}","{""status"": ""present"", ""value"": {""course_deg"": 62.9, ""type"": ""course_deg""}}"
A2,KAJR_R06,leg_2.Q4_course_or_radial,Q4_course_or_radial,2,False,status_not_applicable,exact_status_value,"{""status"": ""not_applicable"", ""value"": null}","{""status"": ""present"", ""value"": {""type"": ""direct""}}"
A2,KAJR_R06,leg_2.Q5_hold_params,Q5_hold_params,2,False,target_not_present_but_pred_present,exact_status_value,"{""status"": ""present"", ""value"": {""inbound_course_deg"": null, ""leg_distance_nm"": null, ""leg_time_min"": 1.0, ""turn"": ""RIGHT""}}","{""status"": ""not_applicable"", ""value"": null}"
A2,KAJR_R06,leg_3.Q4_course_or_radial,Q4_course_or_radial,3,True,correct,exact_status_value,"{""status"": ""not_applicable"", ""value"": null}","{""status"": ""not_applicable"", ""value"": null}"
A2,KAJR_R06,leg_3.Q5_hold_params,Q5_hold_params,3,False,missing_inbound_course_deg,degree_display_rounding,"{""status"": ""present"", ""value"": {""inbound_course_deg"": null, ""leg_distance_nm"": null, ""leg_time_min"": 1.0, ""turn"": ""RIGHT""}}","{""status"": ""present"", ""value"": {""inbound_course_deg"": 62.9, ""leg_distance_nm"": 5.0, ""leg_time_min"": null, ""turn"": ""RIGHT""}}"
A2,KAJR_R24,leg_1.Q4_course_or_radial,Q4_course_or_radial,1,False,status_not_applicable,degree_display_rounding,"{""status"": ""not_applicable"", ""value"": null}","{""status"": ""present"", ""value"": {""course_deg"": 245.8, ""type"": ""course_deg""}}"
A2,KAJR_R24,leg_1.Q5_hold_params,Q5_hold_params,1,False,target_not_present_but_pred_present,exact_status_value,"{""status"": ""present"", ""value"": {""inbound_course_deg"": null, ""leg_distance_nm"": null, ""leg_time_min"": 1.0, ""turn"": ""RIGHT""}}","{""status"": ""not_applicable"", ""value"": null}"
A2,KAJR_R24,leg_2.Q4_course_or_radial,Q4_course_or_radial,2,False,status_unknown,exact_status_value,"{""status"": ""unknown"", ""value"": null}","{""status"": ""present"", ""value"": {""type"": ""direct""}}"
A2,KAJR_R24,leg_3.Q4_course_or_radial,Q4_course_or_radial,3,True,correct,exact_status_value,"{""status"": ""not_applicable"", ""value"": null}","{""status"": ""not_applicable"", ""value"": null}"
A2,KAJR_R24,leg_3.Q5_hold_params,Q5_hold_params,3,False,missing_inbound_course_deg,degree_display_rounding,"{""status"": ""present"", ""value"": {""inbound_course_deg"": null, ""leg_distance_nm"": 5.0, ""leg_time_min"": null, ""turn"": ""RIGHT""}}","{""status"": ""present"", ""value"": {""inbound_course_deg"": 62.9, ""leg_distance_nm"": 5.0, ""leg_time_min"": null, ""turn"": ""RIGHT""}}"
A2,KAKH_R03,leg_1.Q4_course_or_radial,Q4_course_or_radial,1,False,type_mismatch:direct->course_deg,degree_display_rounding,"{""status"": ""present"", ""value"": {""type"": ""direct""}}","{""status"": ""present"", ""value"": {""course_deg"": 34.3, ""type"": ""course_deg""}}"
A2,KAKH_R03,leg_2.Q4_course_or_radial,Q4_course_or_radial,2,False,status_not_applicable,exact_status_value,"{""status"": ""not_applicable"", ""value"": null}","{""status"": ""present"", ""value"": {""type"": ""direct""}}"
A2,KAKH_R03,leg_2.Q5_hold_params,Q5_hold_params,2,False,target_not_present_but_pred_present,exact_status_value,"{""status"": ""present"", ""value"": {""inbound_course_deg"": null, ""leg_distance_nm"": null, ""leg_time_min"": 1.0, ""turn"": ""RIGHT""}}","{""status"": ""not_applicable"", ""value"": null}"
A2,KAKH_R03,leg_3.Q4_course_or_radial,Q4_course_or_radial,3,False,missing_leg_or_field,exact_status_value,null,"{""status"": ""not_applicable"", ""value"": null}"
A2,KAKH_R03,leg_4.Q4_course_or_radial,Q4_course_or_radial,4,False,missing_leg_or_field,exact_status_value,null,"{""status"": ""not_applicable"", ""value"": null}"
A2,KAKH_R03,leg_5.Q4_course_or_radial,Q4_course_or_radial,5,False,missing_leg_or_field,exact_status_value,null,"{""status"": ""not_applicable"", ""value"": null}"
A2,KAKH_R03,leg_5.Q5_hold_params,Q5_hold_params,5,False,missing_leg_or_field,degree_display_rounding,null,"{""status"": ""present"", ""value"": {""inbound_course_deg"": 260.7, ""leg_distance_nm"": 4.0, ""leg_time_min"": null, ""turn"": ""RIGHT""}}"
A2,KAKH_R21,leg_1.Q4_course_or_radial,Q4_course_or_radial,1,False,type_mismatch:direct->course_deg,degree_display_rounding,"{""status"": ""present"", ""value"": {""type"": ""direct""}}","{""status"": ""present"", ""value"": {""course_deg"": 214.4, ""type"": ""course_deg""}}"
A2,KAKH_R21,leg_2.Q4_course_or_radial,Q4_course_or_radial,2,False,status_not_applicable,exact_status_value,"{""status"": ""not_applicable"", ""value"": null}","{""status"": ""present"", ""value"": {""type"": ""direct""}}"
A2,KAKH_R21,leg_2.Q5_hold_params,Q5_hold_params,2,False,target_not_present_but_pred_present,exact_status_value,"{""status"": ""present"", ""value"": {""inbound_course_deg"": null, ""leg_distance_nm"": null, ""leg_time_min"": 1.0, ""turn"": ""RIGHT""}}","{""status"": ""not_applicable"", ""value"": null}"
A2,KAKH_R21,leg_3.Q4_course_or_radial,Q4_course_or_radial,3,False,missing_leg_or_field,exact_status_value,null,"{""status"": ""not_applicable"", ""value"": null}"
A2,KAKH_R21,leg_4.Q4_course_or_radial,Q4_course_or_radial,4,False,missing_leg_or_field,exact_status_value,null,"{""status"": ""not_applicable"", ""value"": null}"
A2,KAKH_R21,leg_4.Q5_hold_params,Q5_hold_params,4,False,missing_leg_or_field,degree_display_rounding,null,"{""status"": ""present"", ""value"": {""inbound_course_deg"": 260.7, ""leg_distance_nm"": 4.0, ""leg_time_min"": null, ""turn"": ""RIGHT""}}"
A2,KAKO_R11,leg_1.Q4_course_or_radial,Q4_course_or_radial,1,False,status_unknown,degree_display_rounding,"{""status"": ""unknown"", ""value"": null}","{""status"": ""present"", ""value"": {""course_deg"": 109.3, ""type"": ""course_deg""}}"
A2,KAKO_R11,leg_2.Q4_course_or_radial,Q4_course_or_radial,2,False,status_not_applicable,exact_status_value,"{""status"": ""not_applicable"", ""value"": null}","{""status"": ""present"", ""value"": {""type"": ""direct""}}"
A2,KAKO_R11,leg_2.Q5_hold_params,Q5_hold_params,2,False,target_not_present_but_pred_present,exact_status_value,"{""status"": ""present"", ""value"": {""inbound_course_deg"": null, ""leg_distance_nm"": null, ""leg_time_min"": 1.0, ""turn"": ""RIGHT""}}","{""status"": ""not_applicable"", ""value"": null}"
A2,KAKO_R11,leg_3.Q4_course_or_radial,Q4_course_or_radial,3,True,correct,exact_status_value,"{""status"": ""not_applicable"", ""value"": null}","{""status"": ""not_applicable"", ""value"": null}"
A2,KAKO_R11,leg_3.Q5_hold_params,Q5_hold_params,3,False,missing_inbound_course_deg,degree_display_rounding,"{""status"": ""present"", ""value"": {""inbound_course_deg"": null, ""leg_distance_nm"": null, ""leg_time_min"": 1.0, ""turn"": ""RIGHT""}}","{""status"": ""present"", ""value"": {""inbound_course_deg"": 289.5, ""leg_distance_nm"": 7.0, ""leg_time_min"": null, ""turn"": ""RIGHT""}}"
A2,KAKO_R29,leg_1.Q4_course_or_radial,Q4_course_or_radial,1,False,status_not_applicable,degree_display_rounding,"{""status"": ""not_applicable"", ""value"": null}","{""status"": ""present"", ""value"": {""course_deg"": 289.4, ""type"": ""course_deg""}}"
A2,KAKO_R29,leg_1.Q5_hold_params,Q5_hold_params,1,False,target_not_present_but_pred_present,exact_status_value,"{""status"": ""present"", ""value"": {""inbound_course_deg"": null, ""leg_distance_nm"": null, ""leg_time_min"": 1.0, ""turn"": ""RIGHT""}}","{""status"": ""not_applicable"", ""value"": null}"
A2,KAKO_R29,leg_2.Q4_course_or_radial,Q4_course_or_radial,2,False,missing_leg_or_field,exact_status_value,null,"{""status"": ""present"", ""value"": {""type"": ""direct""}}"
A2,KAKO_R29,leg_3.Q4_course_or_radial,Q4_course_or_radial,3,False,missing_leg_or_field,exact_status_value,null,"{""status"": ""not_applicable"", ""value"": null}"
A2,KAKO_R29,leg_3.Q5_hold_params,Q5_hold_params,3,False,missing_leg_or_field,degree_display_rounding,null,"{""status"": ""present"", ""value"": {""inbound_course_deg"": 109.2, ""leg_distance_nm"": 7.0, ""leg_time_min"": null, ""turn"": ""RIGHT""}}"
A2,KALB_R10,leg_1.Q4_course_or_radial,Q4_course_or_radial,1,False,type_mismatch:direct->course_deg,degree_display_rounding,"{""status"": ""present"", ""value"": {""type"": ""direct""}}","{""status"": ""present"", ""value"": {""course_deg"": 101.1, ""type"": ""course_deg""}}"
A2,KALB_R10,leg_2.Q4_course_or_radial,Q4_course_or_radial,2,False,status_not_applicable,exact_status_value,"{""status"": ""not_applicable"", ""value"": null}","{""status"": ""present"", ""value"": {""type"": ""direct""}}"
A2,KALB_R10,leg_2.Q5_hold_params,Q5_hold_params,2,False,target_not_present_but_pred_present,exact_status_value,"{""status"": ""present"", ""value"": {""inbound_course_deg"": null, ""leg_distance_nm"": null, ""leg_time_min"": 1.0, ""turn"": ""RIGHT""}}","{""status"": ""not_applicable"", ""value"": null}"
A2,KALB_R10,leg_3.Q4_course_or_radial,Q4_course_or_radial,3,False,missing_leg_or_field,exact_status_value,null,"{""status"": ""not_applicable"", ""value"": null}"
A2,KALB_R10,leg_4.Q4_course_or_radial,Q4_course_or_radial,4,False,missing_leg_or_field,exact_status_value,null,"{""status"": ""not_applicable"", ""value"": null}"
A2,KALB_R10,leg_4.Q5_hold_params,Q5_hold_params,4,False,missing_leg_or_field,exact_status_value,null,"{""status"": ""present"", ""value"": {""inbound_course_deg"": 277.0, ""leg_distance_nm"": 5.0, ""leg_time_min"": null, ""turn"": ""RIGHT""}}"
A2,KALB_R19-Y,leg_1.Q4_course_or_radial,Q4_course_or_radial,1,False,status_unknown,degree_display_rounding,"{""status"": ""unknown"", ""value"": null}","{""status"": ""present"", ""value"": {""course_deg"": 191.2, ""type"": ""course_deg""}}"
A2,KALB_R19-Y,leg_2.Q4_course_or_radial,Q4_course_or_radial,2,False,missing_leg_or_field,exact_status_value,null,"{""status"": ""present"", ""value"": {""type"": ""direct""}}"
A2,KALB_R19-Y,leg_3.Q4_course_or_radial,Q4_course_or_radial,3,False,missing_leg_or_field,exact_status_value,null,"{""status"": ""not_applicable"", ""value"": null}"
A2,KALB_R19-Y,leg_4.Q4_course_or_radial,Q4_course_or_radial,4,False,missing_leg_or_field,exact_status_value,null,"{""status"": ""not_applicable"", ""value"": null}"
A2,KALB_R19-Y,leg_4.Q5_hold_params,Q5_hold_params,4,False,missing_leg_or_field,degree_display_rounding,null,"{""status"": ""present"", ""value"": {""inbound_course_deg"": 13.8, ""leg_distance_nm"": 4.0, ""leg_time_min"": null, ""turn"": ""RIGHT""}}"
A2,KALB_R28,leg_1.Q4_course_or_radial,Q4_course_or_radial,1,False,status_not_applicable,degree_display_rounding,"{""status"": ""not_applicable"", ""value"": null}","{""status"": ""present"", ""value"": {""course_deg"": 281.3, ""type"": ""course_deg""}}"
A2,KALB_R28,leg_1.Q5_hold_params,Q5_hold_params,1,False,target_not_present_but_pred_present,exact_status_value,"{""status"": ""present"", ""value"": {""inbound_course_deg"": null, ""leg_distance_nm"": null, ""leg_time_min"": 1.0, ""turn"": ""RIGHT""}}","{""status"": ""not_applicable"", ""value"": null}"
A2,KALB_R28,leg_2.Q4_course_or_radial,Q4_course_or_radial,2,False,missing_leg_or_field,exact_status_value,null,"{""status"": ""present"", ""value"": {""type"": ""direct""}}"
A2,KALB_R28,leg_3.Q4_course_or_radial,Q4_course_or_radial,3,False,missing_leg_or_field,exact_status_value,null,"{""status"": ""not_applicable"", ""value"": null}"
A2,KALB_R28,leg_4.Q4_course_or_radial,Q4_course_or_radial,4,False,missing_leg_or_field,exact_status_value,null,"{""status"": ""not_applicable"", ""value"": null}"
A2,KALB_R28,leg_4.Q5_hold_params,Q5_hold_params,4,False,missing_leg_or_field,degree_display_rounding,null,"{""status"": ""present"", ""value"": {""inbound_course_deg"": 119.1, ""leg_distance_nm"": 4.0, ""leg_time_min"": null, ""turn"": ""RIGHT""}}"
A2,KALI_R13,leg_1.Q4_course_or_radial,Q4_course_or_radial,1,False,status_unknown,degree_display_rounding,"{""status"": ""unknown"", ""value"": null}","{""status"": ""present"", ""value"": {""course_deg"": 128.5, ""type"": ""course_deg""}}"
A2,KALI_R13,leg_2.Q4_course_or_radial,Q4_course_or_radial,2,False,status_not_applicable,exact_status_value,"{""status"": ""not_applicable"", ""value"": null}","{""status"": ""present"", ""value"": {""type"": ""direct""}}"
A2,KALI_R13,leg_2.Q5_hold_params,Q5_hold_params,2,False,target_not_present_but_pred_present,exact_status_value,"{""status"": ""present"", ""value"": {""inbound_course_deg"": null, ""leg_distance_nm"": 4.0, ""leg_time_min"": null, ""turn"": ""RIGHT""}}","{""status"": ""not_applicable"", ""value"": null}"
A2,KALI_R13,leg_3.Q4_course_or_radial,Q4_course_or_radial,3,False,missing_leg_or_field,exact_status_value,null,"{""status"": ""not_applicable"", ""value"": null}"
A2,KALI_R13,leg_3.Q5_hold_params,Q5_hold_params,3,False,missing_leg_or_field,degree_display_rounding,null,"{""status"": ""present"", ""value"": {""inbound_course_deg"": 308.6, ""leg_distance_nm"": 4.0, ""leg_time_min"": null, ""turn"": ""RIGHT""}}"
A2,KALI_R31,leg_1.Q4_course_or_radial,Q4_course_or_radial,1,False,status_not_applicable,degree_display_rounding,"{""status"": ""not_applicable"", ""value"": null}","{""status"": ""present"", ""value"": {""course_deg"": 308.5, ""type"": ""course_deg""}}"
A2,KALI_R31,leg_1.Q5_hold_params,Q5_hold_params,1,False,target_not_present_but_pred_present,exact_status_value,"{""status"": ""present"", ""value"": {""inbound_course_deg"": null, ""leg_distance_nm"": null, ""leg_time_min"": 1.0, ""turn"": ""RIGHT""}}","{""status"": ""not_applicable"", ""value"": null}"
A2,KALI_R31,leg_2.Q4_course_or_radial,Q4_course_or_radial,2,False,status_not_applicable,exact_status_value,"{""status"": ""not_applicable"", ""value"": null}","{""status"": ""present"", ""value"": {""type"": ""direct""}}"
A2,KALI_R31,leg_2.Q5_hold_params,Q5_hold_params,2,False,target_not_present_but_pred_present,exact_status_value,"{""status"": ""present"", ""value"": {""inbound_course_deg"": null, ""leg_distance_nm"": null, ""leg_time_min"": 1.0, ""turn"": ""RIGHT""}}","{""status"": ""not_applicable"", ""value"": null}"
A2,KALI_R31,leg_3.Q4_course_or_radial,Q4_course_or_radial,3,False,missing_leg_or_field,exact_status_value,null,"{""status"": ""not_applicable"", ""value"": null}"
A2,KALI_R31,leg_3.Q5_hold_params,Q5_hold_params,3,False,missing_leg_or_field,degree_display_rounding,null,"{""status"": ""present"", ""value"": {""inbound_course_deg"": 128.4, ""leg_distance_nm"": 4.0, ""leg_time_min"": null, ""turn"": ""RIGHT""}}"
A2,KALM_R04,leg_1.Q4_course_or_radial,Q4_course_or_radial,1,False,status_unknown,degree_display_rounding,"{""status"": ""unknown"", ""value"": null}","{""status"": ""present"", ""value"": {""course_deg"": 37.5, ""type"": ""course_deg""}}"
A2,KALM_R04,leg_2.Q4_course_or_radial,Q4_course_or_radial,2,False,status_not_applicable,exact_status_value,"{""status"": ""not_applicable"", ""value"": null}","{""status"": ""present"", ""value"": {""type"": ""direct""}}"
A2,KALM_R04,leg_2.Q5_hold_params,Q5_hold_params,2,False,target_not_present_but_pred_present,exact_status_value,"{""status"": ""present"", ""value"": {""inbound_course_deg"": null, ""leg_distance_nm"": null, ""leg_time_min"": 1.0, ""turn"": ""RIGHT""}}","{""status"": ""not_applicable"", ""value"": null}"
A2,KALM_R04,leg_3.Q4_course_or_radial,Q4_course_or_radial,3,True,correct,exact_status_value,"{""status"": ""not_applicable"", ""value"": null}","{""status"": ""not_applicable"", ""value"": null}"
A2,KALM_R04,leg_3.Q5_hold_params,Q5_hold_params,3,False,missing_inbound_course_deg,exact_status_value,"{""status"": ""present"", ""value"": {""inbound_course_deg"": null, ""leg_distance_nm"": null, ""leg_time_min"": 1.0, ""turn"": ""RIGHT""}}","{""status"": ""present"", ""value"": {""inbound_course_deg"": 160.0, ""leg_distance_nm"": 5.0, ""leg_time_min"": null, ""turn"": ""RIGHT""}}"
A2,KALN_L29,leg_1.Q4_course_or_radial,Q4_course_or_radial,1,False,status_unknown,degree_display_rounding,"{""status"": ""unknown"", ""value"": null}","{""status"": ""present"", ""value"": {""course_deg"": 294.4, ""type"": ""course_deg""}}"
A2,KALN_L29,leg_2.Q4_course_or_radial,Q4_course_or_radial,2,False,status_not_applicable,degree_display_rounding,"{""status"": ""not_applicable"", ""value"": null}","{""status"": ""present"", ""value"": {""course_deg"": 310.0, ""type"": ""course_deg""}}"
A2,KALN_L29,leg_2.Q5_hold_params,Q5_hold_params,2,False,target_not_present_but_pred_present,exact_status_value,"{""status"": ""present"", ""value"": {""inbound_course_deg"": null, ""leg_distance_nm"": null, ""leg_time_min"": 1.0, ""turn"": ""RIGHT""}}","{""status"": ""not_applicable"", ""value"": null}"
A2,KALN_L29,leg_3.Q4_course_or_radial,Q4_course_or_radial,3,False,status_unknown,degree_display_rounding,"{""status"": ""unknown"", ""value"": null}","{""status"": ""present"", ""value"": {""direction"": ""inbound"", ""navaid"": ""TOY"", ""radial_deg"": 322.0, ""type"": ""navaid_radial""}}"
A2,KALN_L29,leg_4.Q4_course_or_radial,Q4_course_or_radial,4,False,missing_leg_or_field,exact_status_value,null,"{""status"": ""not_applicable"", ""value"": null}"
A2,KALN_L29,leg_4.Q5_hold_params,Q5_hold_params,4,False,missing_leg_or_field,exact_status_value,null,"{""status"": ""present"", ""value"": {""inbound_course_deg"": 142.0, ""leg_distance_nm"": null, ""leg_time_min"": 1.0, ""turn"": ""LEFT""}}"
A2,KALN_R11,leg_1.Q4_course_or_radial,Q4_course_or_radial,1,False,type_mismatch:direct->course_deg,degree_display_rounding,"{""status"": ""present"", ""value"": {""type"": ""direct""}}","{""status"": ""present"", ""value"": {""course_deg"": 114.3, ""type"": ""course_deg""}}"
A2,KALN_R11,leg_2.Q4_course_or_radial,Q4_course_or_radial,2,False,status_not_applicable,exact_status_value,"{""status"": ""not_applicable"", ""value"": null}","{""status"": ""present"", ""value"": {""type"": ""direct""}}"
A2,KALN_R11,leg_2.Q5_hold_params,Q5_hold_params,2,False,target_not_present_but_pred_present,exact_status_value,"{""status"": ""present"", ""value"": {""inbound_course_deg"": null, ""leg_distance_nm"": null, ""leg_time_min"": 1.0, ""turn"": ""RIGHT""}}","{""status"": ""not_applicable"", ""value"": null}"
A2,KALN_R11,leg_3.Q4_course_or_radial,Q4_course_or_radial,3,True,correct,exact_status_value,"{""status"": ""not_applicable"", ""value"": null}","{""status"": ""not_applicable"", ""value"": null}"
A2,KALN_R11,leg_3.Q5_hold_params,Q5_hold_params,3,False,missing_inbound_course_deg,degree_display_rounding,"{""status"": ""present"", ""value"": {""inbound_course_deg"": null, ""leg_distance_nm"": 8.0, ""leg_time_min"": null, ""turn"": ""RIGHT""}}","{""status"": ""present"", ""value"": {""inbound_course_deg"": 294.5, ""leg_distance_nm"": 4.0, ""leg_time_min"": null, ""turn"": ""RIGHT""}}"
A2,KALN_R17,leg_1.Q4_course_or_radial,Q4_course_or_radial,1,False,type_mismatch:direct->course_deg,degree_display_rounding,"{""status"": ""present"", ""value"": {""type"": ""direct""}}","{""status"": ""present"", ""value"": {""course_deg"": 174.3, ""type"": ""course_deg""}}"
A2,KALN_R17,leg_2.Q4_course_or_radial,Q4_course_or_radial,2,False,status_not_applicable,exact_status_value,"{""status"": ""not_applicable"", ""value"": null}","{""status"": ""present"", ""value"": {""type"": ""direct""}}"
A2,KALN_R17,leg_2.Q5_hold_params,Q5_hold_params,2,False,target_not_present_but_pred_present,exact_status_value,"{""status"": ""present"", ""value"": {""inbound_course_deg"": null, ""leg_distance_nm"": null, ""leg_time_min"": 1.0, ""turn"": ""RIGHT""}}","{""status"": ""not_applicable"", ""value"": null}"
A2,KALN_R17,leg_3.Q4_course_or_radial,Q4_course_or_radial,3,True,correct,exact_status_value,"{""status"": ""not_applicable"", ""value"": null}","{""status"": ""not_applicable"", ""value"": null}"
A2,KALN_R17,leg_3.Q5_hold_params,Q5_hold_params,3,False,target_not_present_but_pred_present,exact_status_value,"{""status"": ""present"", ""value"": {""inbound_course_deg"": null, ""leg_distance_nm"": null, ""leg_time_min"": 1.0, ""turn"": ""RIGHT""}}","{""status"": ""not_applicable"", ""value"": null}"
A2,KALN_R17,leg_4.Q4_course_or_radial,Q4_course_or_radial,4,True,correct,exact_status_value,"{""status"": ""not_applicable"", ""value"": null}","{""status"": ""not_applicable"", ""value"": null}"
A2,KALN_R17,leg_4.Q5_hold_params,Q5_hold_params,4,False,missing_inbound_course_deg,exact_status_value,"{""status"": ""present"", ""value"": {""inbound_course_deg"": null, ""leg_distance_nm"": null, ""leg_time_min"": 1.0, ""turn"": ""RIGHT""}}","{""status"": ""present"", ""value"": {""inbound_course_deg"": 82.0, ""leg_distance_nm"": 4.0, ""leg_time_min"": null, ""turn"": ""RIGHT""}}"
A2,KALO_L12,leg_1.Q4_course_or_radial,Q4_course_or_radial,1,False,status_unknown,degree_display_rounding,"{""status"": ""unknown"", ""value"": null}","{""status"": ""present"", ""value"": {""course_deg"": 127.8, ""type"": ""course_deg""}}"
A2,KALO_L12,leg_2.Q4_course_or_radial,Q4_course_or_radial,2,False,status_not_applicable,degree_display_rounding,"{""status"": ""not_applicable"", ""value"": null}","{""status"": ""present"", ""value"": {""direction"": ""inbound"", ""navaid"": ""ALO"", ""radial_deg"": 96.5, ""type"": ""navaid_radial""}}"
A2,KALO_L12,leg_2.Q5_hold_params,Q5_hold_params,2,False,target_not_present_but_pred_present,exact_status_value,"{""status"": ""present"", ""value"": {""inbound_course_deg"": null, ""leg_distance_nm"": null, ""leg_time_min"": 1.0, ""turn"": ""RIGHT""}}","{""status"": ""not_applicable"", ""value"": null}"
A2,KALO_L12,leg_3.Q4_course_or_radial,Q4_course_or_radial,3,False,missing_leg_or_field,exact_status_value,null,"{""status"": ""not_applicable"", ""value"": null}"
A2,KALO_L12,leg_3.Q5_hold_params,Q5_hold_params,3,False,missing_leg_or_field,degree_display_rounding,null,"{""status"": ""present"", ""value"": {""inbound_course_deg"": 276.5, ""leg_distance_nm"": null, ""leg_time_min"": 1.0, ""turn"": ""RIGHT""}}"
A2,KALO_R12,leg_1.Q4_course_or_radial,Q4_course_or_radial,1,False,status_unknown,degree_display_rounding,"{""status"": ""unknown"", ""value"": null}","{""status"": ""present"", ""value"": {""course_deg"": 127.7, ""type"": ""course_deg""}}"
A2,KALO_R12,leg_2.Q4_course_or_radial,Q4_course_or_radial,2,False,status_not_applicable,exact_status_value,"{""status"": ""not_applicable"", ""value"": null}","{""status"": ""present"", ""value"": {""type"": ""direct""}}"
A2,KALO_R12,leg_2.Q5_hold_params,Q5_hold_params,2,False,target_not_present_but_pred_present,exact_status_value,"{""status"": ""present"", ""value"": {""inbound_course_deg"": null, ""leg_distance_nm"": null, ""leg_time_min"": 1.0, ""turn"": ""RIGHT""}}","{""status"": ""not_applicable"", ""value"": null}"
A2,KALO_R12,leg_3.Q4_course_or_radial,Q4_course_or_radial,3,True,correct,exact_status_value,"{""status"": ""not_applicable"", ""value"": null}","{""status"": ""not_applicable"", ""value"": null}"
A2,KALO_R12,leg_3.Q5_hold_params,Q5_hold_params,3,False,missing_inbound_course_deg,degree_display_rounding,"{""status"": ""present"", ""value"": {""inbound_course_deg"": null, ""leg_distance_nm"": null, ""leg_time_min"": 1.0, ""turn"": ""RIGHT""}}","{""status"": ""present"", ""value"": {""inbound_course_deg"": 307.9, ""leg_distance_nm"": 5.0, ""leg_time_min"": null, ""turn"": ""RIGHT""}}"
A2,KALO_R18,leg_1.Q4_course_or_radial,Q4_course_or_radial,1,False,status_unknown,degree_display_rounding,"{""status"": ""unknown"", ""value"": null}","{""status"": ""present"", ""value"": {""course_deg"": 187.8, ""type"": ""course_deg""}}"
A2,KALO_R18,leg_2.Q4_course_or_radial,Q4_course_or_radial,2,False,status_not_applicable,exact_status_value,"{""status"": ""not_applicable"", ""value"": null}","{""status"": ""present"", ""value"": {""type"": ""direct""}}"
A2,KALO_R18,leg_2.Q5_hold_params,Q5_hold_params,2,False,target_not_present_but_pred_present,exact_status_value,"{""status"": ""present"", ""value"": {""inbound_course_deg"": null, ""leg_distance_nm"": null, ""leg_time_min"": 1.0, ""turn"": ""RIGHT""}}","{""status"": ""not_applicable"", ""value"": null}"
A2,KALO_R18,leg_3.Q4_course_or_radial,Q4_course_or_radial,3,True,correct,exact_status_value,"{""status"": ""not_applicable"", ""value"": null}","{""status"": ""not_applicable"", ""value"": null}"
A2,KALO_R18,leg_3.Q5_hold_params,Q5_hold_params,3,False,missing_inbound_course_deg,degree_display_rounding,"{""status"": ""present"", ""value"": {""inbound_course_deg"": null, ""leg_distance_nm"": null, ""leg_time_min"": 1.0, ""turn"": ""RIGHT""}}","{""status"": ""present"", ""value"": {""inbound_course_deg"": 187.8, ""leg_distance_nm"": 4.0, ""leg_time_min"": null, ""turn"": ""RIGHT""}}"
A2,KALS_I02,leg_1.Q4_course_or_radial,Q4_course_or_radial,1,False,status_unknown,degree_display_rounding,"{""status"": ""unknown"", ""value"": null}","{""status"": ""present"", ""value"": {""course_deg"": 22.8, ""type"": ""course_deg""}}"
A2,KALS_I02,leg_2.Q4_course_or_radial,Q4_course_or_radial,2,False,status_not_applicable,exact_status_value,"{""status"": ""not_applicable"", ""value"": null}","{""status"": ""present"", ""value"": {""type"": ""direct""}}"
A2,KALS_I02,leg_2.Q5_hold_params,Q5_hold_params,2,False,target_not_present_but_pred_present,exact_status_value,"{""status"": ""present"", ""value"": {""inbound_course_deg"": null, ""leg_distance_nm"": null, ""leg_time_min"": 1.0, ""turn"": ""RIGHT""}}","{""status"": ""not_applicable"", ""value"": null}"
A2,KALS_I02,leg_3.Q4_course_or_radial,Q4_course_or_radial,3,True,correct,exact_status_value,"{""status"": ""not_applicable"", ""value"": null}","{""status"": ""not_applicable"", ""value"": null}"
A2,KALS_I02,leg_3.Q5_hold_params,Q5_hold_params,3,False,missing_inbound_course_deg,exact_status_value,"{""status"": ""present"", ""value"": {""inbound_course_deg"": null, ""leg_distance_nm"": null, ""leg_time_min"": 1.0, ""turn"": ""RIGHT""}}","{""status"": ""present"", ""value"": {""inbound_course_deg"": 142.0, ""leg_distance_nm"": null, ""leg_time_min"": 1.0, ""turn"": ""RIGHT""}}"
A2,KALS_R02,leg_1.Q4_course_or_radial,Q4_course_or_radial,1,False,type_mismatch:direct->course_deg,degree_display_rounding,"{""status"": ""present"", ""value"": {""type"": ""direct""}}","{""status"": ""present"", ""value"": {""course_deg"": 22.7, ""type"": ""course_deg""}}"
A2,KALS_R02,leg_2.Q4_course_or_radial,Q4_course_or_radial,2,False,status_not_applicable,exact_status_value,"{""status"": ""not_applicable"", ""value"": null}","{""status"": ""present"", ""value"": {""type"": ""direct""}}"
A2,KALS_R02,leg_2.Q5_hold_params,Q5_hold_params,2,False,target_not_present_but_pred_present,exact_status_value,"{""status"": ""present"", ""value"": {""inbound_course_deg"": null, ""leg_distance_nm"": null, ""leg_time_min"": 1.0, ""turn"": ""RIGHT""}}","{""status"": ""not_applicable"", ""value"": null}"
A2,KALS_R02,leg_3.Q4_course_or_radial,Q4_course_or_radial,3,False,missing_leg_or_field,exact_status_value,null,"{""status"": ""not_applicable"", ""value"": null}"
A2,KALS_R02,leg_4.Q4_course_or_radial,Q4_course_or_radial,4,False,missing_leg_or_field,exact_status_value,null,"{""status"": ""not_applicable"", ""value"": null}"
A2,KALS_R02,leg_4.Q5_hold_params,Q5_hold_params,4,False,missing_leg_or_field,degree_display_rounding,null,"{""status"": ""present"", ""value"": {""inbound_course_deg"": 317.1, ""leg_distance_nm"": 9.0, ""leg_time_min"": null, ""turn"": ""RIGHT""}}"
A2,KALS_R20,leg_1.Q4_course_or_radial,Q4_course_or_radial,1,False,status_unknown,degree_display_rounding,"{""status"": ""unknown"", ""value"": null}","{""status"": ""present"", ""value"": {""course_deg"": 202.8, ""type"": ""course_deg""}}"
A2,KALS_R20,leg_2.Q4_course_or_radial,Q4_course_or_radial,2,False,status_not_applicable,exact_status_value,"{""status"": ""not_applicable"", ""value"": null}","{""status"": ""present"", ""value"": {""type"": ""direct""}}"
A2,KALS_R20,leg_2.Q5_hold_params,Q5_hold_params,2,False,target_not_present_but_pred_present,exact_status_value,"{""status"": ""present"", ""value"": {""inbound_course_deg"": null, ""leg_distance_nm"": null, ""leg_time_min"": 1.0, ""turn"": ""RIGHT""}}","{""status"": ""not_applicable"", ""value"": null}"
A2,KALS_R20,leg_3.Q4_course_or_radial,Q4_course_or_radial,3,True,correct,exact_status_value,"{""status"": ""not_applicable"", ""value"": null}","{""status"": ""not_applicable"", ""value"": null}"
A2,KALS_R20,leg_3.Q5_hold_params,Q5_hold_params,3,False,missing_inbound_course_deg,degree_display_rounding,"{""status"": ""present"", ""value"": {""inbound_course_deg"": null, ""leg_distance_nm"": null, ""leg_time_min"": 1.0, ""turn"": ""RIGHT""}}","{""status"": ""present"", ""value"": {""inbound_course_deg"": 202.7, ""leg_distance_nm"": 7.0, ""leg_time_min"": null, ""turn"": ""LEFT""}}"
A2,KALW_R02,leg_1.Q4_course_or_radial,Q4_course_or_radial,1,False,status_unknown,degree_display_rounding,"{""status"": ""unknown"", ""value"": null}","{""status"": ""present"", ""value"": {""course_deg"": 22.1, ""type"": ""course_deg""}}"
A2,KALW_R02,leg_2.Q4_course_or_radial,Q4_course_or_radial,2,True,correct,exact_status_value,"{""status"": ""present"", ""value"": {""type"": ""direct""}}","{""status"": ""present"", ""value"": {""type"": ""direct""}}"
A2,KALW_R02,leg_3.Q4_course_or_radial,Q4_course_or_radial,3,True,correct,exact_status_value,"{""status"": ""not_applicable"", ""value"": null}","{""status"": ""not_applicable"", ""value"": null}"
A2,KALW_R02,leg_3.Q5_hold_params,Q5_hold_params,3,False,target_not_present_but_pred_present,exact_status_value,"{""status"": ""present"", ""value"": {""inbound_course_deg"": null, ""leg_distance_nm"": null, ""leg_time_min"": 1.0, ""turn"": ""RIGHT""}}","{""status"": ""not_applicable"", ""value"": null}"
A2,KALW_R02,leg_4.Q4_course_or_radial,Q4_course_or_radial,4,True,correct,exact_status_value,"{""status"": ""not_applicable"", ""value"": null}","{""status"": ""not_applicable"", ""value"": null}"
A2,KALW_R02,leg_4.Q5_hold_params,Q5_hold_params,4,False,missing_inbound_course_deg,degree_display_rounding,"{""status"": ""present"", ""value"": {""inbound_course_deg"": null, ""leg_distance_nm"": 4.0, ""leg_time_min"": null, ""turn"": ""RIGHT""}}","{""status"": ""present"", ""value"": {""inbound_course_deg"": 71.3, ""leg_distance_nm"": 4.0, ""leg_time_min"": null, ""turn"": ""RIGHT""}}"
A2,KALW_R20,leg_1.Q4_course_or_radial,Q4_course_or_radial,1,False,status_not_applicable,degree_display_rounding,"{""status"": ""not_applicable"", ""value"": null}","{""status"": ""present"", ""value"": {""course_deg"": 202.3, ""type"": ""course_deg""}}"
A2,KALW_R20,leg_1.Q5_hold_params,Q5_hold_params,1,False,target_not_present_but_pred_present,exact_status_value,"{""status"": ""present"", ""value"": {""inbound_course_deg"": null, ""leg_distance_nm"": null, ""leg_time_min"": 1.0, ""turn"": ""RIGHT""}}","{""status"": ""not_applicable"", ""value"": null}"
A2,KALW_R20,leg_2.Q4_course_or_radial,Q4_course_or_radial,2,False,missing_leg_or_field,exact_status_value,null,"{""status"": ""present"", ""value"": {""type"": ""direct""}}"
A2,KALW_R20,leg_3.Q4_course_or_radial,Q4_course_or_radial,3,False,missing_leg_or_field,exact_status_value,null,"{""status"": ""not_applicable"", ""value"": null}"
A2,KALW_R20,leg_3.Q5_hold_params,Q5_hold_params,3,False,missing_leg_or_field,degree_display_rounding,null,"{""status"": ""present"", ""value"": {""inbound_course_deg"": 22.1, ""leg_distance_nm"": 4.0, ""leg_time_min"": null, ""turn"": ""RIGHT""}}"
A2,KALX_R18,leg_1.Q4_course_or_radial,Q4_course_or_radial,1,False,status_unknown,degree_display_rounding,"{""status"": ""unknown"", ""value"": null}","{""status"": ""present"", ""value"": {""course_deg"": 181.5, ""type"": ""course_deg""}}"
A2,KALX_R18,leg_2.Q4_course_or_radial,Q4_course_or_radial,2,False,status_not_applicable,exact_status_value,"{""status"": ""not_applicable"", ""value"": null}","{""status"": ""present"", ""value"": {""type"": ""direct""}}"
A2,KALX_R18,leg_2.Q5_hold_params,Q5_hold_params,2,False,target_not_present_but_pred_present,exact_status_value,"{""status"": ""present"", ""value"": {""inbound_course_deg"": null, ""leg_distance_nm"": null, ""leg_time_min"": 1.0, ""turn"": ""RIGHT""}}","{""status"": ""not_applicable"", ""value"": null}"
A2,KALX_R18,leg_3.Q4_course_or_radial,Q4_course_or_radial,3,True,correct,exact_status_value,"{""status"": ""not_applicable"", ""value"": null}","{""status"": ""not_applicable"", ""value"": null}"
A2,KALX_R18,leg_3.Q5_hold_params,Q5_hold_params,3,False,missing_inbound_course_deg,degree_display_rounding,"{""status"": ""present"", ""value"": {""inbound_course_deg"": null, ""leg_distance_nm"": 4.0, ""leg_time_min"": null, ""turn"": ""RIGHT""}}","{""status"": ""present"", ""value"": {""inbound_course_deg"": 1.5, ""leg_distance_nm"": 4.0, ""leg_time_min"": null, ""turn"": ""RIGHT""}}"
A2,KALX_R36,leg_1.Q4_course_or_radial,Q4_course_or_radial,1,False,status_unknown,degree_display_rounding,"{""status"": ""unknown"", ""value"": null}","{""status"": ""present"", ""value"": {""course_deg"": 1.5, ""type"": ""course_deg""}}"
A2,KALX_R36,leg_2.Q4_course_or_radial,Q4_course_or_radial,2,False,status_unknown,exact_status_value,"{""status"": ""unknown"", ""value"": null}","{""status"": ""present"", ""value"": {""type"": ""direct""}}"
A2,KALX_R36,leg_3.Q4_course_or_radial,Q4_course_or_radial,3,True,correct,exact_status_value,"{""status"": ""not_applicable"", ""value"": null}","{""status"": ""not_applicable"", ""value"": null}"
A2,KALX_R36,leg_3.Q5_hold_params,Q5_hold_params,3,False,missing_inbound_course_deg,degree_display_rounding,"{""status"": ""present"", ""value"": {""inbound_course_deg"": null, ""leg_distance_nm"": 4.0, ""leg_time_min"": null, ""turn"": ""RIGHT""}}","{""status"": ""present"", ""value"": {""inbound_course_deg"": 1.5, ""leg_distance_nm"": 4.0, ""leg_time_min"": null, ""turn"": ""RIGHT""}}"
A2,KAMA_I04,leg_1.Q4_course_or_radial,Q4_course_or_radial,1,False,status_unknown,degree_display_rounding,"{""status"": ""unknown"", ""value"": null}","{""status"": ""present"", ""value"": {""course_deg"": 38.0, ""type"": ""course_deg""}}"
A2,KAMA_I04,leg_2.Q4_course_or_radial,Q4_course_or_radial,2,False,missing_leg_or_field,degree_display_rounding,null,"{""status"": ""present"", ""value"": {""direction"": ""inbound"", ""navaid"": ""PNH"", ""radial_deg"": 118.3, ""type"": ""navaid_radial""}}"
A2,KAMA_I04,leg_3.Q4_course_or_radial,Q4_course_or_radial,3,False,missing_leg_or_field,exact_status_value,null,"{""status"": ""not_applicable"", ""value"": null}"
A2,KAMA_I04,leg_3.Q5_hold_params,Q5_hold_params,3,False,missing_leg_or_field,degree_display_rounding,null,"{""status"": ""present"", ""value"": {""inbound_course_deg"": 298.3, ""leg_distance_nm"": null, ""leg_time_min"": 1.0, ""turn"": ""RIGHT""}}"
A2,KAMA_R04-Y,leg_1.Q4_course_or_radial,Q4_course_or_radial,1,False,missing_leg_or_field,degree_display_rounding,null,"{""status"": ""present"", ""value"": {""course_deg"": 37.9, ""type"": ""course_deg""}}"
A2,KAMA_R04-Y,leg_2.Q4_course_or_radial,Q4_course_or_radial,2,False,missing_leg_or_field,exact_status_value,null,"{""status"": ""present"", ""value"": {""type"": ""direct""}}"
A2,KAMA_R04-Y,leg_3.Q4_course_or_radial,Q4_course_or_radial,3,False,missing_leg_or_field,exact_status_value,null,"{""status"": ""not_applicable"", ""value"": null}"
A2,KAMA_R04-Y,leg_4.Q4_course_or_radial,Q4_course_or_radial,4,False,missing_leg_or_field,exact_status_value,null,"{""status"": ""not_applicable"", ""value"": null}"
A2,KAMA_R04-Y,leg_4.Q5_hold_params,Q5_hold_params,4,False,missing_leg_or_field,degree_display_rounding,null,"{""status"": ""present"", ""value"": {""inbound_course_deg"": 233.1, ""leg_distance_nm"": 5.0, ""leg_time_min"": null, ""turn"": ""LEFT""}}"
A2,KAMA_R13-Y,leg_1.Q4_course_or_radial,Q4_course_or_radial,1,False,status_not_applicable,degree_display_rounding,"{""status"": ""not_applicable"", ""value"": null}","{""status"": ""present"", ""value"": {""course_deg"": 129.4, ""type"": ""course_deg""}}"
A2,KAMA_R13-Y,leg_1.Q5_hold_params,Q5_hold_params,1,False,target_not_present_but_pred_present,exact_status_value,"{""status"": ""present"", ""value"": {""inbound_course_deg"": null, ""leg_distance_nm"": null, ""leg_time_min"": 1.0, ""turn"": ""RIGHT""}}","{""status"": ""not_applicable"", ""value"": null}"
A2,KAMA_R13-Y,leg_2.Q4_course_or_radial,Q4_course_or_radial,2,False,missing_leg_or_field,exact_status_value,null,"{""status"": ""present"", ""value"": {""type"": ""direct""}}"
A2,KAMA_R13-Y,leg_3.Q4_course_or_radial,Q4_course_or_radial,3,False,missing_leg_or_field,exact_status_value,null,"{""status"": ""not_applicable"", ""value"": null}"
A2,KAMA_R13-Y,leg_4.Q4_course_or_radial,Q4_course_or_radial,4,False,missing_leg_or_field,exact_status_value,null,"{""status"": ""not_applicable"", ""value"": null}"
A2,KAMA_R13-Y,leg_4.Q5_hold_params,Q5_hold_params,4,False,missing_leg_or_field,degree_display_rounding,null,"{""status"": ""present"", ""value"": {""inbound_course_deg"": 298.3, ""leg_distance_nm"": 5.0, ""leg_time_min"": null, ""turn"": ""RIGHT""}}"
A2,KAMG_R16,leg_1.Q4_course_or_radial,Q4_course_or_radial,1,False,status_not_applicable,degree_display_rounding,"{""status"": ""not_applicable"", ""value"": null}","{""status"": ""present"", ""value"": {""course_deg"": 156.9, ""type"": ""course_deg""}}"
A2,KAMG_R16,leg_1.Q5_hold_params,Q5_hold_params,1,False,target_not_present_but_pred_present,exact_status_value,"{""status"": ""present"", ""value"": {""inbound_course_deg"": null, ""leg_distance_nm"": null, ""leg_time_min"": 1.0, ""turn"": ""RIGHT""}}","{""status"": ""not_applicable"", ""value"": null}"
A2,KAMG_R16,leg_2.Q4_course_or_radial,Q4_course_or_radial,2,False,status_not_applicable,exact_status_value,"{""status"": ""not_applicable"", ""value"": null}","{""status"": ""present"", ""value"": {""type"": ""direct""}}"
A2,KAMG_R16,leg_2.Q5_hold_params,Q5_hold_params,2,False,target_not_present_but_pred_present,exact_status_value,"{""status"": ""present"", ""value"": {""inbound_course_deg"": null, ""leg_distance_nm"": null, ""leg_time_min"": 1.0, ""turn"": ""RIGHT""}}","{""status"": ""not_applicable"", ""value"": null}"
A2,KAMG_R16,leg_3.Q4_course_or_radial,Q4_course_or_radial,3,True,correct,exact_status_value,"{""status"": ""not_applicable"", ""value"": null}","{""status"": ""not_applicable"", ""value"": null}"
A2,KAMG_R16,leg_3.Q5_hold_params,Q5_hold_params,3,False,missing_inbound_course_deg,exact_status_value,"{""status"": ""present"", ""value"": {""inbound_course_deg"": null, ""leg_distance_nm"": 21.0, ""leg_time_min"": null, ""turn"": ""RIGHT""}}","{""status"": ""present"", ""value"": {""inbound_course_deg"": 337.0, ""leg_distance_nm"": 4.0, ""leg_time_min"": null, ""turn"": ""RIGHT""}}"
A2,KAMG_R34,leg_1.Q4_course_or_radial,Q4_course_or_radial,1,False,status_not_applicable,degree_display_rounding,"{""status"": ""not_applicable"", ""value"": null}","{""status"": ""present"", ""value"": {""course_deg"": 336.9, ""type"": ""course_deg""}}"
A2,KAMG_R34,leg_1.Q5_hold_params,Q5_hold_params,1,False,target_not_present_but_pred_present,exact_status_value,"{""status"": ""present"", ""value"": {""inbound_course_deg"": null, ""leg_distance_nm"": null, ""leg_time_min"": 1.0, ""turn"": ""RIGHT""}}","{""status"": ""not_applicable"", ""value"": null}"
A2,KAMG_R34,leg_2.Q4_course_or_radial,Q4_course_or_radial,2,False,status_not_applicable,exact_status_value,"{""status"": ""not_applicable"", ""value"": null}","{""status"": ""present"", ""value"": {""type"": ""direct""}}"
A2,KAMG_R34,leg_2.Q5_hold_params,Q5_hold_params,2,False,target_not_present_but_pred_present,exact_status_value,"{""status"": ""present"", ""value"": {""inbound_course_deg"": null, ""leg_distance_nm"": null, ""leg_time_min"": 1.0, ""turn"": ""RIGHT""}}","{""status"": ""not_applicable"", ""value"": null}"
A2,KAMG_R34,leg_3.Q4_course_or_radial,Q4_course_or_radial,3,False,missing_leg_or_field,exact_status_value,null,"{""status"": ""not_applicable"", ""value"": null}"
A2,KAMG_R34,leg_3.Q5_hold_params,Q5_hold_params,3,False,missing_leg_or_field,degree_display_rounding,null,"{""status"": ""present"", ""value"": {""inbound_course_deg"": 156.8, ""leg_distance_nm"": 4.0, ""leg_time_min"": null, ""turn"": ""RIGHT""}}"
A2,KAMN_R09,leg_1.Q4_course_or_radial,Q4_course_or_radial,1,False,status_unknown,degree_display_rounding,"{""status"": ""unknown"", ""value"": null}","{""status"": ""present"", ""value"": {""course_deg"": 95.2, ""type"": ""course_deg""}}"
A2,KAMN_R09,leg_2.Q4_course_or_radial,Q4_course_or_radial,2,False,status_not_applicable,exact_status_value,"{""status"": ""not_applicable"", ""value"": null}","{""status"": ""present"", ""value"": {""type"": ""direct""}}"
A2,KAMN_R09,leg_2.Q5_hold_params,Q5_hold_params,2,False,target_not_present_but_pred_present,exact_status_value,"{""status"": ""present"", ""value"": {""inbound_course_deg"": null, ""leg_distance_nm"": 4.0, ""leg_time_min"": null, ""turn"": ""RIGHT""}}","{""status"": ""not_applicable"", ""value"": null}"
A2,KAMN_R09,leg_3.Q4_course_or_radial,Q4_course_or_radial,3,False,missing_leg_or_field,exact_status_value,null,"{""status"": ""not_applicable"", ""value"": null}"
A2,KAMN_R09,leg_3.Q5_hold_params,Q5_hold_params,3,False,missing_leg_or_field,degree_display_rounding,null,"{""status"": ""present"", ""value"": {""inbound_course_deg"": 275.4, ""leg_distance_nm"": 4.0, ""leg_time_min"": null, ""turn"": ""RIGHT""}}"
A2,KAMN_R18,leg_1.Q4_course_or_radial,Q4_course_or_radial,1,False,type_mismatch:direct->course_deg,degree_display_rounding,"{""status"": ""present"", ""value"": {""type"": ""direct""}}","{""status"": ""present"", ""value"": {""course_deg"": 185.3, ""type"": ""course_deg""}}"
A2,KAMN_R18,leg_2.Q4_course_or_radial,Q4_course_or_radial,2,False,missing_leg_or_field,exact_status_value,null,"{""status"": ""present"", ""value"": {""type"": ""direct""}}"
A2,KAMN_R18,leg_3.Q4_course_or_radial,Q4_course_or_radial,3,False,missing_leg_or_field,exact_status_value,null,"{""status"": ""not_applicable"", ""value"": null}"
A2,KAMN_R18,leg_3.Q5_hold_params,Q5_hold_params,3,False,missing_leg_or_field,degree_display_rounding,null,"{""status"": ""present"", ""value"": {""inbound_course_deg"": 185.3, ""leg_distance_nm"": 4.0, ""leg_time_min"": null, ""turn"": ""RIGHT""}}"
A2,KAMN_R27,leg_1.Q4_course_or_radial,Q4_course_or_radial,1,False,status_unknown,degree_display_rounding,"{""status"": ""unknown"", ""value"": null}","{""status"": ""present"", ""value"": {""course_deg"": 275.3, ""type"": ""course_deg""}}"
A2,KAMN_R27,leg_2.Q4_course_or_radial,Q4_course_or_radial,2,False,status_not_applicable,exact_status_value,"{""status"": ""not_applicable"", ""value"": null}","{""status"": ""present"", ""value"": {""type"": ""direct""}}"
A2,KAMN_R27,leg_2.Q5_hold_params,Q5_hold_params,2,False,target_not_present_but_pred_present,exact_status_value,"{""status"": ""present"", ""value"": {""inbound_course_deg"": null, ""leg_distance_nm"": null, ""leg_time_min"": 1.0, ""turn"": ""RIGHT""}}","{""status"": ""not_applicable"", ""value"": null}"
A2,KAMN_R27,leg_3.Q4_course_or_radial,Q4_course_or_radial,3,True,correct,exact_status_value,"{""status"": ""not_applicable"", ""value"": null}","{""status"": ""not_applicable"", ""value"": null}"
A2,KAMN_R27,leg_3.Q5_hold_params,Q5_hold_params,3,False,missing_inbound_course_deg,degree_display_rounding,"{""status"": ""present"", ""value"": {""inbound_course_deg"": null, ""leg_distance_nm"": null, ""leg_time_min"": 1.0, ""turn"": ""RIGHT""}}","{""status"": ""present"", ""value"": {""inbound_course_deg"": 275.4, ""leg_distance_nm"": 4.0, ""leg_time_min"": null, ""turn"": ""RIGHT""}}"
A2,KAMT_R05,leg_1.Q4_course_or_radial,Q4_course_or_radial,1,False,status_unknown,degree_display_rounding,"{""status"": ""unknown"", ""value"": null}","{""status"": ""present"", ""value"": {""course_deg"": 49.1, ""type"": ""course_deg""}}"
A2,KAMT_R05,leg_2.Q4_course_or_radial,Q4_course_or_radial,2,True,correct,exact_status_value,"{""status"": ""present"", ""value"": {""type"": ""direct""}}","{""status"": ""present"", ""value"": {""type"": ""direct""}}"
A2,KAMT_R05,leg_3.Q4_course_or_radial,Q4_course_or_radial,3,False,missing_leg_or_field,exact_status_value,null,"{""status"": ""not_applicable"", ""value"": null}"
A2,KAMT_R05,leg_3.Q5_hold_params,Q5_hold_params,3,False,missing_leg_or_field,degree_display_rounding,null,"{""status"": ""present"", ""value"": {""inbound_course_deg"": 229.3, ""leg_distance_nm"": 4.0, ""leg_time_min"": null, ""turn"": ""RIGHT""}}"
A2,KAMT_R23,leg_1.Q4_course_or_radial,Q4_course_or_radial,1,False,status_unknown,degree_display_rounding,"{""status"": ""unknown"", ""value"": null}","{""status"": ""present"", ""value"": {""course_deg"": 229.2, ""type"": ""course_deg""}}"
A2,KAMT_R23,leg_2.Q4_course_or_radial,Q4_course_or_radial,2,False,status_not_applicable,exact_status_value,"{""status"": ""not_applicable"", ""value"": null}","{""status"": ""present"", ""value"": {""type"": ""direct""}}"
A2,KAMT_R23,leg_2.Q5_hold_params,Q5_hold_params,2,False,target_not_present_but_pred_present,exact_status_value,"{""status"": ""present"", ""value"": {""inbound_course_deg"": null, ""leg_distance_nm"": null, ""leg_time_min"": 1.0, ""turn"": ""RIGHT""}}","{""status"": ""not_applicable"", ""value"": null}"
A2,KAMT_R23,leg_3.Q4_course_or_radial,Q4_course_or_radial,3,False,missing_leg_or_field,exact_status_value,null,"{""status"": ""not_applicable"", ""value"": null}"
A2,KAMT_R23,leg_3.Q5_hold_params,Q5_hold_params,3,False,missing_leg_or_field,degree_display_rounding,null,"{""status"": ""present"", ""value"": {""inbound_course_deg"": 49.1, ""leg_distance_nm"": 4.0, ""leg_time_min"": null, ""turn"": ""RIGHT""}}"
A2,KAMW_R01,leg_1.Q4_course_or_radial,Q4_course_or_radial,1,False,status_unknown,degree_display_rounding,"{""status"": ""unknown"", ""value"": null}","{""status"": ""present"", ""value"": {""course_deg"": 13.6, ""type"": ""course_deg""}}"
A2,KAMW_R01,leg_2.Q4_course_or_radial,Q4_course_or_radial,2,False,status_not_applicable,exact_status_value,"{""status"": ""not_applicable"", ""value"": null}","{""status"": ""present"", ""value"": {""type"": ""direct""}}"
A2,KAMW_R01,leg_2.Q5_hold_params,Q5_hold_params,2,False,target_not_present_but_pred_present,exact_status_value,"{""status"": ""present"", ""value"": {""inbound_course_deg"": null, ""leg_distance_nm"": null, ""leg_time_min"": 1.0, ""turn"": ""RIGHT""}}","{""status"": ""not_applicable"", ""value"": null}"
A2,KAMW_R01,leg_3.Q4_course_or_radial,Q4_course_or_radial,3,True,correct,exact_status_value,"{""status"": ""not_applicable"", ""value"": null}","{""status"": ""not_applicable"", ""value"": null}"
A2,KAMW_R01,leg_3.Q5_hold_params,Q5_hold_params,3,False,missing_inbound_course_deg,degree_display_rounding,"{""status"": ""present"", ""value"": {""inbound_course_deg"": null, ""leg_distance_nm"": 4.0, ""leg_time_min"": null, ""turn"": ""RIGHT""}}","{""status"": ""present"", ""value"": {""inbound_course_deg"": 193.7, ""leg_distance_nm"": 4.0, ""leg_time_min"": null, ""turn"": ""LEFT""}}"
A2,KAMW_R13,leg_1.Q4_course_or_radial,Q4_course_or_radial,1,False,status_unknown,degree_display_rounding,"{""status"": ""unknown"", ""value"": null}","{""status"": ""present"", ""value"": {""course_deg"": 133.1, ""type"": ""course_deg""}}"
A2,KAMW_R13,leg_2.Q4_course_or_radial,Q4_course_or_radial,2,False,status_not_applicable,exact_status_value,"{""status"": ""not_applicable"", ""value"": null}","{""status"": ""present"", ""value"": {""type"": ""direct""}}"
A2,KAMW_R13,leg_2.Q5_hold_params,Q5_hold_params,2,False,target_not_present_but_pred_present,exact_status_value,"{""status"": ""present"", ""value"": {""inbound_course_deg"": null, ""leg_distance_nm"": null, ""leg_time_min"": 1.0, ""turn"": ""RIGHT""}}","{""status"": ""not_applicable"", ""value"": null}"
A2,KAMW_R13,leg_3.Q4_course_or_radial,Q4_course_or_radial,3,True,correct,exact_status_value,"{""status"": ""not_applicable"", ""value"": null}","{""status"": ""not_applicable"", ""value"": null}"
A2,KAMW_R13,leg_3.Q5_hold_params,Q5_hold_params,3,False,missing_inbound_course_deg,degree_display_rounding,"{""status"": ""present"", ""value"": {""inbound_course_deg"": null, ""leg_distance_nm"": null, ""leg_time_min"": 1.0, ""turn"": ""RIGHT""}}","{""status"": ""present"", ""value"": {""inbound_course_deg"": 313.3, ""leg_distance_nm"": 4.0, ""leg_time_min"": null, ""turn"": ""RIGHT""}}"
A2,KAMW_R19,leg_1.Q4_course_or_radial,Q4_course_or_radial,1,False,status_not_applicable,degree_display_rounding,"{""status"": ""not_applicable"", ""value"": null}","{""status"": ""present"", ""value"": {""course_deg"": 193.6, ""type"": ""course_deg""}}"
A2,KAMW_R19,leg_1.Q5_hold_params,Q5_hold_params,1,False,target_not_present_but_pred_present,exact_status_value,"{""status"": ""present"", ""value"": {""inbound_course_deg"": null, ""leg_distance_nm"": 4.0, ""leg_time_min"": null, ""turn"": ""RIGHT""}}","{""status"": ""not_applicable"", ""value"": null}"
A2,KAMW_R19,leg_2.Q4_course_or_radial,Q4_course_or_radial,2,False,missing_leg_or_field,exact_status_value,null,"{""status"": ""present"", ""value"": {""type"": ""direct""}}"
A2,KAMW_R19,leg_3.Q4_course_or_radial,Q4_course_or_radial,3,False,missing_leg_or_field,exact_status_value,null,"{""status"": ""not_applicable"", ""value"": null}"
A2,KAMW_R19,leg_3.Q5_hold_params,Q5_hold_params,3,False,missing_leg_or_field,degree_display_rounding,null,"{""status"": ""present"", ""value"": {""inbound_course_deg"": 13.5, ""leg_distance_nm"": 4.0, ""leg_time_min"": null, ""turn"": ""RIGHT""}}"
A2,KANB_R05,leg_1.Q4_course_or_radial,Q4_course_or_radial,1,False,type_mismatch:direct->course_deg,degree_display_rounding,"{""status"": ""present"", ""value"": {""type"": ""direct""}}","{""status"": ""present"", ""value"": {""course_deg"": 52.4, ""type"": ""course_deg""}}"
A2,KANB_R05,leg_2.Q4_course_or_radial,Q4_course_or_radial,2,False,status_not_applicable,exact_status_value,"{""status"": ""not_applicable"", ""value"": null}","{""status"": ""present"", ""value"": {""type"": ""direct""}}"
A2,KANB_R05,leg_2.Q5_hold_params,Q5_hold_params,2,False,target_not_present_but_pred_present,exact_status_value,"{""status"": ""present"", ""value"": {""inbound_course_deg"": null, ""leg_distance_nm"": null, ""leg_time_min"": 1.0, ""turn"": ""RIGHT""}}","{""status"": ""not_applicable"", ""value"": null}"
A2,KANB_R05,leg_3.Q4_course_or_radial,Q4_course_or_radial,3,False,status_not_applicable,degree_display_rounding,"{""status"": ""not_applicable"", ""value"": null}","{""status"": ""present"", ""value"": {""course_deg"": 209.8, ""type"": ""course_deg""}}"
A2,KANB_R05,leg_3.Q5_hold_params,Q5_hold_params,3,False,target_not_present_but_pred_present,exact_status_value,"{""status"": ""present"", ""value"": {""inbound_course_deg"": null, ""leg_distance_nm"": null, ""leg_time_min"": 1.0, ""turn"": ""RIGHT""}}","{""status"": ""not_applicable"", ""value"": null}"
A2,KANB_R05,leg_4.Q4_course_or_radial,Q4_course_or_radial,4,False,missing_leg_or_field,degree_display_rounding,null,"{""status"": ""present"", ""value"": {""course_deg"": 299.7, ""type"": ""course_deg""}}"
A2,KANB_R05,leg_5.Q4_course_or_radial,Q4_course_or_radial,5,False,missing_leg_or_field,exact_status_value,null,"{""status"": ""not_applicable"", ""value"": null}"
A2,KANB_R05,leg_5.Q5_hold_params,Q5_hold_params,5,False,missing_leg_or_field,degree_display_rounding,null,"{""status"": ""present"", ""value"": {""inbound_course_deg"": 52.3, ""leg_distance_nm"": 4.0, ""leg_time_min"": null, ""turn"": ""LEFT""}}"
A2,KANB_R23,leg_1.Q4_course_or_radial,Q4_course_or_radial,1,False,missing_leg_or_field,degree_display_rounding,null,"{""status"": ""present"", ""value"": {""course_deg"": 232.5, ""type"": ""course_deg""}}"
A2,KANB_R23,leg_2.Q4_course_or_radial,Q4_course_or_radial,2,False,missing_leg_or_field,exact_status_value,null,"{""status"": ""present"", ""value"": {""type"": ""direct""}}"
A2,KANB_R23,leg_3.Q4_course_or_radial,Q4_course_or_radial,3,False,missing_leg_or_field,exact_status_value,null,"{""status"": ""not_applicable"", ""value"": null}"
A2,KANB_R23,leg_3.Q5_hold_params,Q5_hold_params,3,False,missing_leg_or_field,degree_display_rounding,null,"{""status"": ""present"", ""value"": {""inbound_course_deg"": 52.3, ""leg_distance_nm"": 4.0, ""leg_time_min"": null, ""turn"": ""LEFT""}}"
A2,KANJ_R14,leg_1.Q4_course_or_radial,Q4_course_or_radial,1,False,status_unknown,degree_display_rounding,"{""status"": ""unknown"", ""value"": null}","{""status"": ""present"", ""value"": {""course_deg"": 142.8, ""type"": ""course_deg""}}"
A2,KANJ_R14,leg_2.Q4_course_or_radial,Q4_course_or_radial,2,False,status_not_applicable,exact_status_value,"{""status"": ""not_applicable"", ""value"": null}","{""status"": ""present"", ""value"": {""type"": ""direct""}}"
A2,KANJ_R14,leg_2.Q5_hold_params,Q5_hold_params,2,False,target_not_present_but_pred_present,exact_status_value,"{""status"": ""present"", ""value"": {""inbound_course_deg"": null, ""leg_distance_nm"": null, ""leg_time_min"": 1.0, ""turn"": ""RIGHT""}}","{""status"": ""not_applicable"", ""value"": null}"
A2,KANJ_R14,leg_3.Q4_course_or_radial,Q4_course_or_radial,3,False,missing_leg_or_field,degree_display_rounding,null,"{""status"": ""present"", ""value"": {""course_deg"": 146.7, ""type"": ""course_deg""}}"
A2,KANJ_R14,leg_4.Q4_course_or_radial,Q4_course_or_radial,4,False,missing_leg_or_field,exact_status_value,null,"{""status"": ""not_applicable"", ""value"": null}"
A2,KANJ_R14,leg_4.Q5_hold_params,Q5_hold_params,4,False,missing_leg_or_field,degree_display_rounding,null,"{""status"": ""present"", ""value"": {""inbound_course_deg"": 129.3, ""leg_distance_nm"": 4.0, ""leg_time_min"": null, ""turn"": ""RIGHT""}}"
A2,KANJ_R32,leg_1.Q4_course_or_radial,Q4_course_or_radial,1,False,type_mismatch:direct->course_deg,degree_display_rounding,"{""status"": ""present"", ""value"": {""type"": ""direct""}}","{""status"": ""present"", ""value"": {""course_deg"": 322.9, ""type"": ""course_deg""}}"
A2,KANJ_R32,leg_2.Q4_course_or_radial,Q4_course_or_radial,2,False,status_not_applicable,exact_status_value,"{""status"": ""not_applicable"", ""value"": null}","{""status"": ""present"", ""value"": {""type"": ""direct""}}"
A2,KANJ_R32,leg_2.Q5_hold_params,Q5_hold_params,2,False,target_not_present_but_pred_present,exact_status_value,"{""status"": ""present"", ""value"": {""inbound_course_deg"": null, ""leg_distance_nm"": 4.0, ""leg_time_min"": null, ""turn"": ""RIGHT""}}","{""status"": ""not_applicable"", ""value"": null}"
A2,KANJ_R32,leg_3.Q4_course_or_radial,Q4_course_or_radial,3,False,missing_leg_or_field,exact_status_value,null,"{""status"": ""not_applicable"", ""value"": null}"
A2,KANJ_R32,leg_3.Q5_hold_params,Q5_hold_params,3,False,missing_leg_or_field,degree_display_rounding,null,"{""status"": ""present"", ""value"": {""inbound_course_deg"": 142.7, ""leg_distance_nm"": 4.0, ""leg_time_min"": null, ""turn"": ""RIGHT""}}"
A2,KANP_RNV-A,leg_1.Q4_course_or_radial,Q4_course_or_radial,1,False,status_not_applicable,degree_display_rounding,"{""status"": ""not_applicable"", ""value"": null}","{""status"": ""present"", ""value"": {""course_deg"": 297.6, ""type"": ""course_deg""}}"
A2,KANP_RNV-A,leg_1.Q5_hold_params,Q5_hold_params,1,False,target_not_present_but_pred_present,exact_status_value,"{""status"": ""present"", ""value"": {""inbound_course_deg"": null, ""leg_distance_nm"": null, ""leg_time_min"": 1.0, ""turn"": ""RIGHT""}}","{""status"": ""not_applicable"", ""value"": null}"
A2,KANP_RNV-A,leg_2.Q4_course_or_radial,Q4_course_or_radial,2,False,missing_leg_or_field,exact_status_value,null,"{""status"": ""present"", ""value"": {""type"": ""direct""}}"
A2,KANP_RNV-A,leg_3.Q4_course_or_radial,Q4_course_or_radial,3,False,missing_leg_or_field,exact_status_value,null,"{""status"": ""not_applicable"", ""value"": null}"
A2,KANP_RNV-A,leg_3.Q5_hold_params,Q5_hold_params,3,False,missing_leg_or_field,degree_display_rounding,null,"{""status"": ""present"", ""value"": {""inbound_course_deg"": 297.7, ""leg_distance_nm"": 4.0, ""leg_time_min"": null, ""turn"": ""LEFT""}}"
A2,KANQ_R05,leg_1.Q4_course_or_radial,Q4_course_or_radial,1,False,type_mismatch:direct->course_deg,degree_display_rounding,"{""status"": ""present"", ""value"": {""type"": ""direct""}}","{""status"": ""present"", ""value"": {""course_deg"": 52.0, ""type"": ""course_deg""}}"
A2,KANQ_R05,leg_2.Q4_course_or_radial,Q4_course_or_radial,2,False,status_not_applicable,exact_status_value,"{""status"": ""not_applicable"", ""value"": null}","{""status"": ""present"", ""value"": {""type"": ""direct""}}"
A2,KANQ_R05,leg_2.Q5_hold_params,Q5_hold_params,2,False,target_not_present_but_pred_present,exact_status_value,"{""status"": ""present"", ""value"": {""inbound_course_deg"": null, ""leg_distance_nm"": null, ""leg_time_min"": 1.0, ""turn"": ""RIGHT""}}","{""status"": ""not_applicable"", ""value"": null}"
A2,KANQ_R05,leg_3.Q4_course_or_radial,Q4_course_or_radial,3,False,missing_leg_or_field,exact_status_value,null,"{""status"": ""not_applicable"", ""value"": null}"
A2,KANQ_R05,leg_3.Q5_hold_params,Q5_hold_params,3,False,missing_leg_or_field,degree_display_rounding,null,"{""status"": ""present"", ""value"": {""inbound_course_deg"": 232.2, ""leg_distance_nm"": 4.0, ""leg_time_min"": null, ""turn"": ""RIGHT""}}"
A2,KANQ_R23,leg_1.Q4_course_or_radial,Q4_course_or_radial,1,False,status_unknown,degree_display_rounding,"{""status"": ""unknown"", ""value"": null}","{""status"": ""present"", ""value"": {""course_deg"": 232.1, ""type"": ""course_deg""}}"
A2,KANQ_R23,leg_2.Q4_course_or_radial,Q4_course_or_radial,2,False,status_not_applicable,exact_status_value,"{""status"": ""not_applicable"", ""value"": null}","{""status"": ""present"", ""value"": {""type"": ""direct""}}"
A2,KANQ_R23,leg_2.Q5_hold_params,Q5_hold_params,2,False,target_not_present_but_pred_present,exact_status_value,"{""status"": ""present"", ""value"": {""inbound_course_deg"": null, ""leg_distance_nm"": null, ""leg_time_min"": 1.0, ""turn"": ""RIGHT""}}","{""status"": ""not_applicable"", ""value"": null}"
A2,KANQ_R23,leg_3.Q4_course_or_radial,Q4_course_or_radial,3,True,correct,exact_status_value,"{""status"": ""not_applicable"", ""value"": null}","{""status"": ""not_applicable"", ""value"": null}"
A2,KANQ_R23,leg_3.Q5_hold_params,Q5_hold_params,3,False,missing_inbound_course_deg,degree_display_rounding,"{""status"": ""present"", ""value"": {""inbound_course_deg"": null, ""leg_distance_nm"": 4.0, ""leg_time_min"": null, ""turn"": ""RIGHT""}}","{""status"": ""present"", ""value"": {""inbound_course_deg"": 51.9, ""leg_distance_nm"": 4.0, ""leg_time_min"": null, ""turn"": ""RIGHT""}}"
A2,KANW_R13,leg_1.Q4_course_or_radial,Q4_course_or_radial,1,False,type_mismatch:direct->course_deg,degree_display_rounding,"{""status"": ""present"", ""value"": {""type"": ""direct""}}","{""status"": ""present"", ""value"": {""course_deg"": 128.3, ""type"": ""course_deg""}}"
A2,KANW_R13,leg_2.Q4_course_or_radial,Q4_course_or_radial,2,False,status_not_applicable,exact_status_value,"{""status"": ""not_applicable"", ""value"": null}","{""status"": ""present"", ""value"": {""type"": ""direct""}}"
A2,KANW_R13,leg_2.Q5_hold_params,Q5_hold_params,2,False,target_not_present_but_pred_present,exact_status_value,"{""status"": ""present"", ""value"": {""inbound_course_deg"": null, ""leg_distance_nm"": 2.0, ""leg_time_min"": null, ""turn"": ""RIGHT""}}","{""status"": ""not_applicable"", ""value"": null}"
A2,KANW_R13,leg_3.Q4_course_or_radial,Q4_course_or_radial,3,False,missing_leg_or_field,exact_status_value,null,"{""status"": ""not_applicable"", ""value"": null}"
A2,KANW_R13,leg_3.Q5_hold_params,Q5_hold_params,3,False,missing_leg_or_field,degree_display_rounding,null,"{""status"": ""present"", ""value"": {""inbound_course_deg"": 308.5, ""leg_distance_nm"": 5.0, ""leg_time_min"": null, ""turn"": ""RIGHT""}}"
A2,KANW_R17,leg_1.Q4_course_or_radial,Q4_course_or_radial,1,False,status_unknown,degree_display_rounding,"{""status"": ""unknown"", ""value"": null}","{""status"": ""present"", ""value"": {""course_deg"": 173.3, ""type"": ""course_deg""}}"
A2,KANW_R17,leg_2.Q4_course_or_radial,Q4_course_or_radial,2,False,status_not_applicable,exact_status_value,"{""status"": ""not_applicable"", ""value"": null}","{""status"": ""present"", ""value"": {""type"": ""direct""}}"
A2,KANW_R17,leg_2.Q5_hold_params,Q5_hold_params,2,False,target_not_present_but_pred_present,exact_status_value,"{""status"": ""present"", ""value"": {""inbound_course_deg"": null, ""leg_distance_nm"": null, ""leg_time_min"": 1.0, ""turn"": ""RIGHT""}}","{""status"": ""not_applicable"", ""value"": null}"
A2,KANW_R17,leg_3.Q4_course_or_radial,Q4_course_or_radial,3,True,correct,exact_status_value,"{""status"": ""not_applicable"", ""value"": null}","{""status"": ""not_applicable"", ""value"": null}"
A2,KANW_R17,leg_3.Q5_hold_params,Q5_hold_params,3,False,missing_inbound_course_deg,degree_display_rounding,"{""status"": ""present"", ""value"": {""inbound_course_deg"": null, ""leg_distance_nm"": 5.0, ""leg_time_min"": null, ""turn"": ""RIGHT""}}","{""status"": ""present"", ""value"": {""inbound_course_deg"": 353.3, ""leg_distance_nm"": 5.0, ""leg_time_min"": null, ""turn"": ""RIGHT""}}"
A2,KANW_R31,leg_1.Q4_course_or_radial,Q4_course_or_radial,1,False,status_not_applicable,degree_display_rounding,"{""status"": ""not_applicable"", ""value"": null}","{""status"": ""present"", ""value"": {""course_deg"": 308.4, ""type"": ""course_deg""}}"
A2,KANW_R31,leg_1.Q5_hold_params,Q5_hold_params,1,False,target_not_present_but_pred_present,exact_status_value,"{""status"": ""present"", ""value"": {""inbound_course_deg"": null, ""leg_distance_nm"": null, ""leg_time_min"": 1.0, ""turn"": ""RIGHT""}}","{""status"": ""not_applicable"", ""value"": null}"
A2,KANW_R31,leg_2.Q4_course_or_radial,Q4_course_or_radial,2,False,missing_leg_or_field,exact_status_value,null,"{""status"": ""present"", ""value"": {""type"": ""direct""}}"
A2,KANW_R31,leg_3.Q4_course_or_radial,Q4_course_or_radial,3,False,missing_leg_or_field,exact_status_value,null,"{""status"": ""not_applicable"", ""value"": null}"
A2,KANW_R31,leg_3.Q5_hold_params,Q5_hold_params,3,False,missing_leg_or_field,degree_display_rounding,null,"{""status"": ""present"", ""value"": {""inbound_course_deg"": 128.2, ""leg_distance_nm"": 5.0, ""leg_time_min"": null, ""turn"": ""RIGHT""}}"
A2,KAOO_R03-Z,leg_1.Q4_course_or_radial,Q4_course_or_radial,1,False,status_not_applicable,degree_display_rounding,"{""status"": ""not_applicable"", ""value"": null}","{""status"": ""present"", ""value"": {""course_deg"": 26.0, ""type"": ""course_deg""}}"
A2,KAOO_R03-Z,leg_1.Q5_hold_params,Q5_hold_params,1,False,target_not_present_but_pred_present,exact_status_value,"{""status"": ""present"", ""value"": {""inbound_course_deg"": null, ""leg_distance_nm"": null, ""leg_time_min"": 1.0, ""turn"": ""RIGHT""}}","{""status"": ""not_applicable"", ""value"": null}"
A2,KAOO_R03-Z,leg_2.Q4_course_or_radial,Q4_course_or_radial,2,False,status_not_applicable,exact_status_value,"{""status"": ""not_applicable"", ""value"": null}","{""status"": ""present"", ""value"": {""type"": ""direct""}}"
A2,KAOO_R03-Z,leg_2.Q5_hold_params,Q5_hold_params,2,False,target_not_present_but_pred_present,exact_status_value,"{""status"": ""present"", ""value"": {""inbound_course_deg"": null, ""leg_distance_nm"": 4.0, ""leg_time_min"": null, ""turn"": ""RIGHT""}}","{""status"": ""not_applicable"", ""value"": null}"
A2,KAOO_R03-Z,leg_3.Q4_course_or_radial,Q4_course_or_radial,3,False,missing_leg_or_field,exact_status_value,null,"{""status"": ""not_applicable"", ""value"": null}"
A2,KAOO_R03-Z,leg_4.Q4_course_or_radial,Q4_course_or_radial,4,False,missing_leg_or_field,exact_status_value,null,"{""status"": ""not_applicable"", ""value"": null}"
A2,KAOO_R03-Z,leg_4.Q5_hold_params,Q5_hold_params,4,False,missing_leg_or_field,degree_display_rounding,null,"{""status"": ""present"", ""value"": {""inbound_course_deg"": 220.1, ""leg_distance_nm"": 4.0, ""leg_time_min"": null, ""turn"": ""RIGHT""}}"
A2,KAOO_R21,leg_1.Q4_course_or_radial,Q4_course_or_radial,1,False,status_not_applicable,degree_display_rounding,"{""status"": ""not_applicable"", ""value"": null}","{""status"": ""present"", ""value"": {""course_deg"": 206.0, ""type"": ""course_deg""}}"
A2,KAOO_R21,leg_1.Q5_hold_params,Q5_hold_params,1,False,target_not_present_but_pred_present,exact_status_value,"{""status"": ""present"", ""value"": {""inbound_course_deg"": null, ""leg_distance_nm"": 4.0, ""leg_time_min"": null, ""turn"": ""RIGHT""}}","{""status"": ""not_applicable"", ""value"": null}"
A2,KAOO_R21,leg_2.Q4_course_or_radial,Q4_course_or_radial,2,False,missing_leg_or_field,exact_status_value,null,"{""status"": ""present"", ""value"": {""type"": ""direct""}}"
A2,KAOO_R21,leg_3.Q4_course_or_radial,Q4_course_or_radial,3,False,missing_leg_or_field,exact_status_value,null,"{""status"": ""not_applicable"", ""value"": null}"
A2,KAOO_R21,leg_4.Q4_course_or_radial,Q4_course_or_radial,4,False,missing_leg_or_field,exact_status_value,null,"{""status"": ""not_applicable"", ""value"": null}"
A2,KAOO_R21,leg_4.Q5_hold_params,Q5_hold_params,4,False,missing_leg_or_field,degree_display_rounding,null,"{""status"": ""present"", ""value"": {""inbound_course_deg"": 40.9, ""leg_distance_nm"": 4.0, ""leg_time_min"": null, ""turn"": ""RIGHT""}}"
A2,KAOV_R13,leg_1.Q4_course_or_radial,Q4_course_or_radial,1,False,status_not_applicable,degree_display_rounding,"{""status"": ""not_applicable"", ""value"": null}","{""status"": ""present"", ""value"": {""course_deg"": 135.3, ""type"": ""course_deg""}}"
A2,KAOV_R13,leg_1.Q5_hold_params,Q5_hold_params,1,False,target_not_present_but_pred_present,exact_status_value,"{""status"": ""present"", ""value"": {""inbound_course_deg"": null, ""leg_distance_nm"": null, ""leg_time_min"": 1.0, ""turn"": ""RIGHT""}}","{""status"": ""not_applicable"", ""value"": null}"
A2,KAOV_R13,leg_2.Q4_course_or_radial,Q4_course_or_radial,2,False,status_not_applicable,exact_status_value,"{""status"": ""not_applicable"", ""value"": null}","{""status"": ""present"", ""value"": {""type"": ""direct""}}"
A2,KAOV_R13,leg_2.Q5_hold_params,Q5_hold_params,2,False,target_not_present_but_pred_present,exact_status_value,"{""status"": ""present"", ""value"": {""inbound_course_deg"": null, ""leg_distance_nm"": null, ""leg_time_min"": 1.0, ""turn"": ""RIGHT""}}","{""status"": ""not_applicable"", ""value"": null}"
A2,KAOV_R13,leg_3.Q4_course_or_radial,Q4_course_or_radial,3,False,missing_leg_or_field,exact_status_value,null,"{""status"": ""not_applicable"", ""value"": null}"
A2,KAOV_R13,leg_3.Q5_hold_params,Q5_hold_params,3,False,missing_leg_or_field,degree_display_rounding,null,"{""status"": ""present"", ""value"": {""inbound_course_deg"": 315.4, ""leg_distance_nm"": 5.0, ""leg_time_min"": null, ""turn"": ""RIGHT""}}"
A2,KAOV_R31,leg_1.Q4_course_or_radial,Q4_course_or_radial,1,False,status_not_applicable,degree_display_rounding,"{""status"": ""not_applicable"", ""value"": null}","{""status"": ""present"", ""value"": {""course_deg"": 315.4, ""type"": ""course_deg""}}"
A2,KAOV_R31,leg_1.Q5_hold_params,Q5_hold_params,1,False,target_not_present_but_pred_present,exact_status_value,"{""status"": ""present"", ""value"": {""inbound_course_deg"": null, ""leg_distance_nm"": 5.0, ""leg_time_min"": null, ""turn"": ""RIGHT""}}","{""status"": ""not_applicable"", ""value"": null}"
A2,KAOV_R31,leg_2.Q4_course_or_radial,Q4_course_or_radial,2,False,missing_leg_or_field,exact_status_value,null,"{""status"": ""present"", ""value"": {""type"": ""direct""}}"
A2,KAOV_R31,leg_3.Q4_course_or_radial,Q4_course_or_radial,3,False,missing_leg_or_field,exact_status_value,null,"{""status"": ""not_applicable"", ""value"": null}"
A2,KAOV_R31,leg_3.Q5_hold_params,Q5_hold_params,3,False,missing_leg_or_field,degree_display_rounding,null,"{""status"": ""present"", ""value"": {""inbound_course_deg"": 135.3, ""leg_distance_nm"": 5.0, ""leg_time_min"": null, ""turn"": ""RIGHT""}}"
A2,KAPC_I01L,leg_1.Q4_course_or_radial,Q4_course_or_radial,1,False,status_unknown,degree_display_rounding,"{""status"": ""unknown"", ""value"": null}","{""status"": ""present"", ""value"": {""course_deg"": 5.7, ""type"": ""course_deg""}}"
A2,KAPC_I01L,leg_2.Q4_course_or_radial,Q4_course_or_radial,2,True,correct,exact_status_value,"{""status"": ""present"", ""value"": {""type"": ""direct""}}","{""status"": ""present"", ""value"": {""type"": ""direct""}}"
A2,KAPC_I01L,leg_3.Q4_course_or_radial,Q4_course_or_radial,3,False,status_unknown,exact_status_value,"{""status"": ""unknown"", ""value"": null}","{""status"": ""not_applicable"", ""value"": null}"
A2,KAPC_I01L,leg_4.Q4_course_or_radial,Q4_course_or_radial,4,True,correct,exact_status_value,"{""status"": ""not_applicable"", ""value"": null}","{""status"": ""not_applicable"", ""value"": null}"
A2,KAPC_I01L,leg_4.Q5_hold_params,Q5_hold_params,4,False,missing_inbound_course_deg,exact_status_value,"{""status"": ""present"", ""value"": {""inbound_course_deg"": null, ""leg_distance_nm"": null, ""leg_time_min"": 1.0, ""turn"": ""RIGHT""}}","{""status"": ""present"", ""value"": {""inbound_course_deg"": 230.0, ""leg_distance_nm"": null, ""leg_time_min"": 1.0, ""turn"": ""RIGHT""}}"
A2,KAPC_R01LY,leg_1.Q4_course_or_radial,Q4_course_or_radial,1,False,type_mismatch:direct->course_deg,degree_display_rounding,"{""status"": ""present"", ""value"": {""type"": ""direct""}}","{""status"": ""present"", ""value"": {""course_deg"": 5.7, ""type"": ""course_deg""}}"
A2,KAPC_R01LY,leg_2.Q4_course_or_radial,Q4_course_or_radial,2,False,status_not_applicable,exact_status_value,"{""status"": ""not_applicable"", ""value"": null}","{""status"": ""present"", ""value"": {""type"": ""direct""}}"
A2,KAPC_R01LY,leg_2.Q5_hold_params,Q5_hold_params,2,False,target_not_present_but_pred_present,exact_status_value,"{""status"": ""present"", ""value"": {""inbound_course_deg"": null, ""leg_distance_nm"": null, ""leg_time_min"": 1.0, ""turn"": ""RIGHT""}}","{""status"": ""not_applicable"", ""value"": null}"
A2,KAPC_R01LY,leg_3.Q4_course_or_radial,Q4_course_or_radial,3,False,missing_leg_or_field,exact_status_value,null,"{""status"": ""not_applicable"", ""value"": null}"
A2,KAPC_R01LY,leg_4.Q4_course_or_radial,Q4_course_or_radial,4,False,missing_leg_or_field,exact_status_value,null,"{""status"": ""not_applicable"", ""value"": null}"
A2,KAPC_R01LY,leg_4.Q5_hold_params,Q5_hold_params,4,False,missing_leg_or_field,degree_display_rounding,null,"{""status"": ""present"", ""value"": {""inbound_course_deg"": 330.4, ""leg_distance_nm"": 5.0, ""leg_time_min"": null, ""turn"": ""RIGHT""}}"
A2,KAPC_R01LZ,leg_1.Q4_course_or_radial,Q4_course_or_radial,1,False,type_mismatch:direct->course_deg,degree_display_rounding,"{""status"": ""present"", ""value"": {""type"": ""direct""}}","{""status"": ""present"", ""value"": {""course_deg"": 5.7, ""type"": ""course_deg""}}"
A2,KAPC_R01LZ,leg_2.Q4_course_or_radial,Q4_course_or_radial,2,False,status_not_applicable,exact_status_value,"{""status"": ""not_applicable"", ""value"": null}","{""status"": ""present"", ""value"": {""type"": ""direct""}}"
A2,KAPC_R01LZ,leg_2.Q5_hold_params,Q5_hold_params,2,False,target_not_present_but_pred_present,exact_status_value,"{""status"": ""present"", ""value"": {""inbound_course_deg"": null, ""leg_distance_nm"": null, ""leg_time_min"": 1.0, ""turn"": ""RIGHT""}}","{""status"": ""not_applicable"", ""value"": null}"
A2,KAPC_R01LZ,leg_3.Q4_course_or_radial,Q4_course_or_radial,3,False,missing_leg_or_field,exact_status_value,null,"{""status"": ""not_applicable"", ""value"": null}"
A2,KAPC_R01LZ,leg_4.Q4_course_or_radial,Q4_course_or_radial,4,False,missing_leg_or_field,exact_status_value,null,"{""status"": ""not_applicable"", ""value"": null}"
A2,KAPC_R01LZ,leg_4.Q5_hold_params,Q5_hold_params,4,False,missing_leg_or_field,degree_display_rounding,null,"{""status"": ""present"", ""value"": {""inbound_course_deg"": 330.4, ""leg_distance_nm"": 5.0, ""leg_time_min"": null, ""turn"": ""RIGHT""}}"
A2,KAPF_R05-Y,leg_1.Q4_course_or_radial,Q4_course_or_radial,1,False,status_unknown,degree_display_rounding,"{""status"": ""unknown"", ""value"": null}","{""status"": ""present"", ""value"": {""course_deg"": 47.2, ""type"": ""course_deg""}}"
A2,KAPF_R05-Y,leg_2.Q4_course_or_radial,Q4_course_or_radial,2,True,correct,exact_status_value,"{""status"": ""present"", ""value"": {""type"": ""direct""}}","{""status"": ""present"", ""value"": {""type"": ""direct""}}"
A2,KAPF_R05-Y,leg_3.Q4_course_or_radial,Q4_course_or_radial,3,True,correct,exact_status_value,"{""status"": ""not_applicable"", ""value"": null}","{""status"": ""not_applicable"", ""value"": null}"
A2,KAPF_R05-Y,leg_3.Q5_hold_params,Q5_hold_params,3,False,missing_inbound_course_deg,exact_status_value,"{""status"": ""present"", ""value"": {""inbound_course_deg"": null, ""leg_distance_nm"": null, ""leg_time_min"": 1.0, ""turn"": ""RIGHT""}}","{""status"": ""present"", ""value"": {""inbound_course_deg"": 8.0, ""leg_distance_nm"": 4.0, ""leg_time_min"": null, ""turn"": ""RIGHT""}}"
A2,KAPF_R14,leg_1.Q4_course_or_radial,Q4_course_or_radial,1,False,status_unknown,degree_display_rounding,"{""status"": ""unknown"", ""value"": null}","{""status"": ""present"", ""value"": {""course_deg"": 137.2, ""type"": ""course_deg""}}"
A2,KAPF_R14,leg_2.Q4_course_or_radial,Q4_course_or_radial,2,True,correct,exact_status_value,"{""status"": ""present"", ""value"": {""type"": ""direct""}}","{""status"": ""present"", ""value"": {""type"": ""direct""}}"
A2,KAPF_R14,leg_3.Q4_course_or_radial,Q4_course_or_radial,3,True,correct,exact_status_value,"{""status"": ""not_applicable"", ""value"": null}","{""status"": ""not_applicable"", ""value"": null}"
A2,KAPF_R14,leg_3.Q5_hold_params,Q5_hold_params,3,False,missing_inbound_course_deg,exact_status_value,"{""status"": ""present"", ""value"": {""inbound_course_deg"": null, ""leg_distance_nm"": null, ""leg_time_min"": 1.0, ""turn"": ""RIGHT""}}","{""status"": ""present"", ""value"": {""inbound_course_deg"": 8.0, ""leg_distance_nm"": 4.0, ""leg_time_min"": null, ""turn"": ""RIGHT""}}"
A2,KAPF_R23-Y,leg_1.Q4_course_or_radial,Q4_course_or_radial,1,False,status_unknown,degree_display_rounding,"{""status"": ""unknown"", ""value"": null}","{""status"": ""present"", ""value"": {""course_deg"": 227.3, ""type"": ""course_deg""}}"
A2,KAPF_R23-Y,leg_2.Q4_course_or_radial,Q4_course_or_radial,2,False,status_not_applicable,exact_status_value,"{""status"": ""not_applicable"", ""value"": null}","{""status"": ""present"", ""value"": {""type"": ""direct""}}"
A2,KAPF_R23-Y,leg_2.Q5_hold_params,Q5_hold_params,2,False,target_not_present_but_pred_present,exact_status_value,"{""status"": ""present"", ""value"": {""inbound_course_deg"": null, ""leg_distance_nm"": null, ""leg_time_min"": 1.0, ""turn"": ""RIGHT""}}","{""status"": ""not_applicable"", ""value"": null}"
A2,KAPF_R23-Y,leg_3.Q4_course_or_radial,Q4_course_or_radial,3,True,correct,exact_status_value,"{""status"": ""not_applicable"", ""value"": null}","{""status"": ""not_applicable"", ""value"": null}"
A2,KAPF_R23-Y,leg_3.Q5_hold_params,Q5_hold_params,3,False,missing_inbound_course_deg,degree_display_rounding,"{""status"": ""present"", ""value"": {""inbound_course_deg"": null, ""leg_distance_nm"": 4.0, ""leg_time_min"": null, ""turn"": ""RIGHT""}}","{""status"": ""present"", ""value"": {""inbound_course_deg"": 47.2, ""leg_distance_nm"": 4.0, ""leg_time_min"": null, ""turn"": ""RIGHT""}}"
A2,KAPT_R04,leg_1.Q4_course_or_radial,Q4_course_or_radial,1,False,status_unknown,degree_display_rounding,"{""status"": ""unknown"", ""value"": null}","{""status"": ""present"", ""value"": {""course_deg"": 25.0, ""type"": ""course_deg""}}"
A2,KAPT_R04,leg_2.Q4_course_or_radial,Q4_course_or_radial,2,True,correct,exact_status_value,"{""status"": ""present"", ""value"": {""type"": ""direct""}}","{""status"": ""present"", ""value"": {""type"": ""direct""}}"
A2,KAPT_R04,leg_3.Q4_course_or_radial,Q4_course_or_radial,3,False,target_not_present_but_pred_present,exact_status_value,"{""status"": ""present"", ""value"": {""type"": ""direct""}}","{""status"": ""not_applicable"", ""value"": null}"
A2,KAPT_R04,leg_4.Q4_course_or_radial,Q4_course_or_radial,4,False,status_unknown,exact_status_value,"{""status"": ""unknown"", ""value"": null}","{""status"": ""not_applicable"", ""value"": null}"
A2,KAPT_R04,leg_4.Q5_hold_params,Q5_hold_params,4,False,status_not_applicable,degree_display_rounding,"{""status"": ""not_applicable"", ""value"": null}","{""status"": ""present"", ""value"": {""inbound_course_deg"": 24.3, ""leg_distance_nm"": 5.0, ""leg_time_min"": null, ""turn"": ""RIGHT""}}"
A2,KAQO_R17,leg_1.Q4_course_or_radial,Q4_course_or_radial,1,False,status_not_applicable,degree_display_rounding,"{""status"": ""not_applicable"", ""value"": null}","{""status"": ""present"", ""value"": {""course_deg"": 174.2, ""type"": ""course_deg""}}"
A2,KAQO_R17,leg_1.Q5_hold_params,Q5_hold_params,1,False,target_not_present_but_pred_present,exact_status_value,"{""status"": ""present"", ""value"": {""inbound_course_deg"": null, ""leg_distance_nm"": null, ""leg_time_min"": 1.0, ""turn"": ""RIGHT""}}","{""status"": ""not_applicable"", ""value"": null}"
A2,KAQO_R17,leg_2.Q4_course_or_radial,Q4_course_or_radial,2,False,status_not_applicable,exact_status_value,"{""status"": ""not_applicable"", ""value"": null}","{""status"": ""present"", ""value"": {""type"": ""direct""}}"
A2,KAQO_R17,leg_2.Q5_hold_params,Q5_hold_params,2,False,target_not_present_but_pred_present,exact_status_value,"{""status"": ""present"", ""value"": {""inbound_course_deg"": null, ""leg_distance_nm"": 4.0, ""leg_time_min"": null, ""turn"": ""RIGHT""}}","{""status"": ""not_applicable"", ""value"": null}"
A2,KAQO_R17,leg_3.Q4_course_or_radial,Q4_course_or_radial,3,False,missing_leg_or_field,exact_status_value,null,"{""status"": ""not_applicable"", ""value"": null}"
A2,KAQO_R17,leg_3.Q5_hold_params,Q5_hold_params,3,False,missing_leg_or_field,degree_display_rounding,null,"{""status"": ""present"", ""value"": {""inbound_course_deg"": 354.2, ""leg_distance_nm"": 4.0, ""leg_time_min"": null, ""turn"": ""RIGHT""}}"
A2,KAQO_R35,leg_1.Q4_course_or_radial,Q4_course_or_radial,1,False,missing_leg_or_field,degree_display_rounding,null,"{""status"": ""present"", ""value"": {""course_deg"": 354.2, ""type"": ""course_deg""}}"
A2,KAQO_R35,leg_2.Q4_course_or_radial,Q4_course_or_radial,2,False,missing_leg_or_field,exact_status_value,null,"{""status"": ""present"", ""value"": {""type"": ""direct""}}"
A2,KAQO_R35,leg_3.Q4_course_or_radial,Q4_course_or_radial,3,False,missing_leg_or_field,exact_status_value,null,"{""status"": ""not_applicable"", ""value"": null}"
A2,KAQO_R35,leg_3.Q5_hold_params,Q5_hold_params,3,False,missing_leg_or_field,degree_display_rounding,null,"{""status"": ""present"", ""value"": {""inbound_course_deg"": 174.2, ""leg_distance_nm"": 4.0, ""leg_time_min"": null, ""turn"": ""RIGHT""}}"
A2,KAQW_RNV-A,leg_1.Q4_course_or_radial,Q4_course_or_radial,1,False,status_not_applicable,degree_display_rounding,"{""status"": ""not_applicable"", ""value"": null}","{""status"": ""present"", ""value"": {""course_deg"": 65.7, ""type"": ""course_deg""}}"
A2,KAQW_RNV-A,leg_1.Q5_hold_params,Q5_hold_params,1,False,target_not_present_but_pred_present,exact_status_value,"{""status"": ""present"", ""value"": {""inbound_course_deg"": null, ""leg_distance_nm"": null, ""leg_time_min"": 1.0, ""turn"": ""RIGHT""}}","{""status"": ""not_applicable"", ""value"": null}"
A2,KAQW_RNV-A,leg_2.Q4_course_or_radial,Q4_course_or_radial,2,False,status_not_applicable,exact_status_value,"{""status"": ""not_applicable"", ""value"": null}","{""status"": ""present"", ""value"": {""type"": ""direct""}}"
A2,KAQW_RNV-A,leg_2.Q5_hold_params,Q5_hold_params,2,False,target_not_present_but_pred_present,exact_status_value,"{""status"": ""present"", ""value"": {""inbound_course_deg"": null, ""leg_distance_nm"": null, ""leg_time_min"": 1.0, ""turn"": ""RIGHT""}}","{""status"": ""not_applicable"", ""value"": null}"
A2,KAQW_RNV-A,leg_3.Q4_course_or_radial,Q4_course_or_radial,3,True,correct,exact_status_value,"{""status"": ""not_applicable"", ""value"": null}","{""status"": ""not_applicable"", ""value"": null}"
A2,KAQW_RNV-A,leg_3.Q5_hold_params,Q5_hold_params,3,False,missing_inbound_course_deg,exact_status_value,"{""status"": ""present"", ""value"": {""inbound_course_deg"": null, ""leg_distance_nm"": null, ""leg_time_min"": 1.0, ""turn"": ""RIGHT""}}","{""status"": ""present"", ""value"": {""inbound_course_deg"": 97.0, ""leg_distance_nm"": 5.0, ""leg_time_min"": null, ""turn"": ""LEFT""}}"
A2,KAQW_RNV-B,leg_1.Q4_course_or_radial,Q4_course_or_radial,1,False,status_not_applicable,degree_display_rounding,"{""status"": ""not_applicable"", ""value"": null}","{""status"": ""present"", ""value"": {""course_deg"": 298.6, ""type"": ""course_deg""}}"
A2,KAQW_RNV-B,leg_1.Q5_hold_params,Q5_hold_params,1,False,target_not_present_but_pred_present,exact_status_value,"{""status"": ""present"", ""value"": {""inbound_course_deg"": null, ""leg_distance_nm"": null, ""leg_time_min"": 1.0, ""turn"": ""RIGHT""}}","{""status"": ""not_applicable"", ""value"": null}"
A2,KAQW_RNV-B,leg_2.Q4_course_or_radial,Q4_course_or_radial,2,False,status_not_applicable,exact_status_value,"{""status"": ""not_applicable"", ""value"": null}","{""status"": ""present"", ""value"": {""type"": ""direct""}}"
A2,KAQW_RNV-B,leg_2.Q5_hold_params,Q5_hold_params,2,False,target_not_present_but_pred_present,exact_status_value,"{""status"": ""present"", ""value"": {""inbound_course_deg"": null, ""leg_distance_nm"": 4.0, ""leg_time_min"": null, ""turn"": ""RIGHT""}}","{""status"": ""not_applicable"", ""value"": null}"
A2,KAQW_RNV-B,leg_3.Q4_course_or_radial,Q4_course_or_radial,3,False,missing_leg_or_field,exact_status_value,null,"{""status"": ""not_applicable"", ""value"": null}"
A2,KAQW_RNV-B,leg_3.Q5_hold_params,Q5_hold_params,3,False,missing_leg_or_field,degree_display_rounding,null,"{""status"": ""present"", ""value"": {""inbound_course_deg"": 65.6, ""leg_distance_nm"": 5.0, ""leg_time_min"": null, ""turn"": ""RIGHT""}}"
A2,KAQX_R17,leg_1.Q4_course_or_radial,Q4_course_or_radial,1,False,status_unknown,degree_display_rounding,"{""status"": ""unknown"", ""value"": null}","{""status"": ""present"", ""value"": {""course_deg"": 168.1, ""type"": ""course_deg""}}"
A2,KAQX_R17,leg_2.Q4_course_or_radial,Q4_course_or_radial,2,False,status_not_applicable,exact_status_value,"{""status"": ""not_applicable"", ""value"": null}","{""status"": ""present"", ""value"": {""type"": ""direct""}}"
A2,KAQX_R17,leg_2.Q5_hold_params,Q5_hold_params,2,False,target_not_present_but_pred_present,exact_status_value,"{""status"": ""present"", ""value"": {""inbound_course_deg"": null, ""leg_distance_nm"": null, ""leg_time_min"": 1.0, ""turn"": ""RIGHT""}}","{""status"": ""not_applicable"", ""value"": null}"
A2,KAQX_R17,leg_3.Q4_course_or_radial,Q4_course_or_radial,3,False,missing_leg_or_field,exact_status_value,null,"{""status"": ""not_applicable"", ""value"": null}"
A2,KAQX_R17,leg_3.Q5_hold_params,Q5_hold_params,3,False,missing_leg_or_field,degree_display_rounding,null,"{""status"": ""present"", ""value"": {""inbound_course_deg"": 78.1, ""leg_distance_nm"": 4.0, ""leg_time_min"": null, ""turn"": ""RIGHT""}}"
A2,KAQX_R35,leg_1.Q4_course_or_radial,Q4_course_or_radial,1,False,type_mismatch:direct->course_deg,degree_display_rounding,"{""status"": ""present"", ""value"": {""type"": ""direct""}}","{""status"": ""present"", ""value"": {""course_deg"": 348.2, ""type"": ""course_deg""}}"
A2,KAQX_R35,leg_2.Q4_course_or_radial,Q4_course_or_radial,2,False,status_not_applicable,exact_status_value,"{""status"": ""not_applicable"", ""value"": null}","{""status"": ""present"", ""value"": {""type"": ""direct""}}"
A2,KAQX_R35,leg_2.Q5_hold_params,Q5_hold_params,2,False,target_not_present_but_pred_present,exact_status_value,"{""status"": ""present"", ""value"": {""inbound_course_deg"": null, ""leg_distance_nm"": null, ""leg_time_min"": 1.0, ""turn"": ""RIGHT""}}","{""status"": ""not_applicable"", ""value"": null}"
A2,KAQX_R35,leg_3.Q4_course_or_radial,Q4_course_or_radial,3,True,correct,exact_status_value,"{""status"": ""not_applicable"", ""value"": null}","{""status"": ""not_applicable"", ""value"": null}"
A2,KAQX_R35,leg_3.Q5_hold_params,Q5_hold_params,3,False,missing_inbound_course_deg,degree_display_rounding,"{""status"": ""present"", ""value"": {""inbound_course_deg"": null, ""leg_distance_nm"": null, ""leg_time_min"": 1.0, ""turn"": ""RIGHT""}}","{""status"": ""present"", ""value"": {""inbound_course_deg"": 168.1, ""leg_distance_nm"": 4.0, ""leg_time_min"": null, ""turn"": ""RIGHT""}}"
A2,KARA_R17,leg_1.Q4_course_or_radial,Q4_course_or_radial,1,False,status_unknown,degree_display_rounding,"{""status"": ""unknown"", ""value"": null}","{""status"": ""present"", ""value"": {""course_deg"": 167.5, ""type"": ""course_deg""}}"
A2,KARA_R17,leg_2.Q4_course_or_radial,Q4_course_or_radial,2,False,status_not_applicable,exact_status_value,"{""status"": ""not_applicable"", ""value"": null}","{""status"": ""present"", ""value"": {""type"": ""direct""}}"
A2,KARA_R17,leg_2.Q5_hold_params,Q5_hold_params,2,False,target_not_present_but_pred_present,exact_status_value,"{""status"": ""present"", ""value"": {""inbound_course_deg"": null, ""leg_distance_nm"": null, ""leg_time_min"": 1.0, ""turn"": ""RIGHT""}}","{""status"": ""not_applicable"", ""value"": null}"
A2,KARA_R17,leg_3.Q4_course_or_radial,Q4_course_or_radial,3,False,missing_leg_or_field,exact_status_value,null,"{""status"": ""not_applicable"", ""value"": null}"
A2,KARA_R17,leg_3.Q5_hold_params,Q5_hold_params,3,False,missing_leg_or_field,degree_display_rounding,null,"{""status"": ""present"", ""value"": {""inbound_course_deg"": 294.3, ""leg_distance_nm"": 4.0, ""leg_time_min"": null, ""turn"": ""RIGHT""}}"
A2,KARA_R35,leg_1.Q4_course_or_radial,Q4_course_or_radial,1,False,status_not_applicable,degree_display_rounding,"{""status"": ""not_applicable"", ""value"": null}","{""status"": ""present"", ""value"": {""course_deg"": 347.5, ""type"": ""course_deg""}}"
A2,KARA_R35,leg_1.Q5_hold_params,Q5_hold_params,1,False,target_not_present_but_pred_present,exact_status_value,"{""status"": ""present"", ""value"": {""inbound_course_deg"": null, ""leg_distance_nm"": null, ""leg_time_min"": 1.0, ""turn"": ""RIGHT""}}","{""status"": ""not_applicable"", ""value"": null}"
A2,KARA_R35,leg_2.Q4_course_or_radial,Q4_course_or_radial,2,False,missing_leg_or_field,exact_status_value,null,"{""status"": ""present"", ""value"": {""type"": ""direct""}}"
A2,KARA_R35,leg_3.Q4_course_or_radial,Q4_course_or_radial,3,False,missing_leg_or_field,exact_status_value,null,"{""status"": ""not_applicable"", ""value"": null}"
A2,KARA_R35,leg_3.Q5_hold_params,Q5_hold_params,3,False,missing_leg_or_field,degree_display_rounding,null,"{""status"": ""present"", ""value"": {""inbound_course_deg"": 271.8, ""leg_distance_nm"": 4.0, ""leg_time_min"": null, ""turn"": ""LEFT""}}"
A2,KARB_R06,leg_1.Q4_course_or_radial,Q4_course_or_radial,1,False,status_unknown,degree_display_rounding,"{""status"": ""unknown"", ""value"": null}","{""status"": ""present"", ""value"": {""course_deg"": 59.5, ""type"": ""course_deg""}}"
A2,KARB_R06,leg_2.Q4_course_or_radial,Q4_course_or_radial,2,True,correct,exact_status_value,"{""status"": ""present"", ""value"": {""type"": ""direct""}}","{""status"": ""present"", ""value"": {""type"": ""direct""}}"
A2,KARB_R06,leg_3.Q4_course_or_radial,Q4_course_or_radial,3,True,correct,exact_status_value,"{""status"": ""not_applicable"", ""value"": null}","{""status"": ""not_applicable"", ""value"": null}"
A2,KARB_R06,leg_3.Q5_hold_params,Q5_hold_params,3,False,missing_inbound_course_deg,degree_display_rounding,"{""status"": ""present"", ""value"": {""inbound_course_deg"": null, ""leg_distance_nm"": null, ""leg_time_min"": 1.0, ""turn"": ""RIGHT""}}","{""status"": ""present"", ""value"": {""inbound_course_deg"": 239.7, ""leg_distance_nm"": 5.0, ""leg_time_min"": null, ""turn"": ""RIGHT""}}"
A2,KARB_R24,leg_1.Q4_course_or_radial,Q4_course_or_radial,1,False,status_unknown,degree_display_rounding,"{""status"": ""unknown"", ""value"": null}","{""status"": ""present"", ""value"": {""course_deg"": 239.6, ""type"": ""course_deg""}}"
A2,KARB_R24,leg_2.Q4_course_or_radial,Q4_course_or_radial,2,True,correct,exact_status_value,"{""status"": ""present"", ""value"": {""type"": ""direct""}}","{""status"": ""present"", ""value"": {""type"": ""direct""}}"
A2,KARB_R24,leg_3.Q4_course_or_radial,Q4_course_or_radial,3,False,missing_leg_or_field,exact_status_value,null,"{""status"": ""not_applicable"", ""value"": null}"
A2,KARB_R24,leg_3.Q5_hold_params,Q5_hold_params,3,False,missing_leg_or_field,degree_display_rounding,null,"{""status"": ""present"", ""value"": {""inbound_course_deg"": 59.4, ""leg_distance_nm"": 5.0, ""leg_time_min"": null, ""turn"": ""RIGHT""}}"
A2,KARG_R04,leg_1.Q4_course_or_radial,Q4_course_or_radial,1,False,status_unknown,degree_display_rounding,"{""status"": ""unknown"", ""value"": null}","{""status"": ""present"", ""value"": {""course_deg"": 44.0, ""type"": ""course_deg""}}"
A2,KARG_R04,leg_2.Q4_course_or_radial,Q4_course_or_radial,2,False,status_not_applicable,exact_status_value,"{""status"": ""not_applicable"", ""value"": null}","{""status"": ""present"", ""value"": {""type"": ""direct""}}"
A2,KARG_R04,leg_2.Q5_hold_params,Q5_hold_params,2,False,target_not_present_but_pred_present,exact_status_value,"{""status"": ""present"", ""value"": {""inbound_course_deg"": null, ""leg_distance_nm"": null, ""leg_time_min"": 1.0, ""turn"": ""RIGHT""}}","{""status"": ""not_applicable"", ""value"": null}"
A2,KARG_R04,leg_3.Q4_course_or_radial,Q4_course_or_radial,3,True,correct,exact_status_value,"{""status"": ""not_applicable"", ""value"": null}","{""status"": ""not_applicable"", ""value"": null}"
A2,KARG_R04,leg_3.Q5_hold_params,Q5_hold_params,3,False,missing_inbound_course_deg,degree_display_rounding,"{""status"": ""present"", ""value"": {""inbound_course_deg"": null, ""leg_distance_nm"": 4.0, ""leg_time_min"": null, ""turn"": ""RIGHT""}}","{""status"": ""present"", ""value"": {""inbound_course_deg"": 224.2, ""leg_distance_nm"": 4.0, ""leg_time_min"": null, ""turn"": ""RIGHT""}}"
A2,KARG_R18,leg_1.Q4_course_or_radial,Q4_course_or_radial,1,False,status_not_applicable,degree_display_rounding,"{""status"": ""not_applicable"", ""value"": null}","{""status"": ""present"", ""value"": {""course_deg"": 179.0, ""type"": ""course_deg""}}"
A2,KARG_R18,leg_1.Q5_hold_params,Q5_hold_params,1,False,target_not_present_but_pred_present,exact_status_value,"{""status"": ""present"", ""value"": {""inbound_course_deg"": null, ""leg_distance_nm"": null, ""leg_time_min"": 1.0, ""turn"": ""RIGHT""}}","{""status"": ""not_applicable"", ""value"": null}"
A2,KARG_R18,leg_2.Q4_course_or_radial,Q4_course_or_radial,2,False,status_not_applicable,exact_status_value,"{""status"": ""not_applicable"", ""value"": null}","{""status"": ""present"", ""value"": {""type"": ""direct""}}"
A2,KARG_R18,leg_2.Q5_hold_params,Q5_hold_params,2,False,target_not_present_but_pred_present,exact_status_value,"{""status"": ""present"", ""value"": {""inbound_course_deg"": null, ""leg_distance_nm"": 4.0, ""leg_time_min"": null, ""turn"": ""RIGHT""}}","{""status"": ""not_applicable"", ""value"": null}"
A2,KARG_R18,leg_3.Q4_course_or_radial,Q4_course_or_radial,3,False,missing_leg_or_field,exact_status_value,null,"{""status"": ""not_applicable"", ""value"": null}"
A2,KARG_R18,leg_3.Q5_hold_params,Q5_hold_params,3,False,missing_leg_or_field,exact_status_value,null,"{""status"": ""present"", ""value"": {""inbound_course_deg"": 359.0, ""leg_distance_nm"": 4.0, ""leg_time_min"": null, ""turn"": ""RIGHT""}}"
A2,KARG_R22,leg_1.Q4_course_or_radial,Q4_course_or_radial,1,False,status_not_applicable,degree_display_rounding,"{""status"": ""not_applicable"", ""value"": null}","{""status"": ""present"", ""value"": {""course_deg"": 224.1, ""type"": ""course_deg""}}"
A2,KARG_R22,leg_1.Q5_hold_params,Q5_hold_params,1,False,target_not_present_but_pred_present,exact_status_value,"{""status"": ""present"", ""value"": {""inbound_course_deg"": null, ""leg_distance_nm"": null, ""leg_time_min"": 1.0, ""turn"": ""RIGHT""}}","{""status"": ""not_applicable"", ""value"": null}"
A2,KARG_R22,leg_2.Q4_course_or_radial,Q4_course_or_radial,2,False,status_not_applicable,exact_status_value,"{""status"": ""not_applicable"", ""value"": null}","{""status"": ""present"", ""value"": {""type"": ""direct""}}"
A2,KARG_R22,leg_2.Q5_hold_params,Q5_hold_params,2,False,target_not_present_but_pred_present,exact_status_value,"{""status"": ""present"", ""value"": {""inbound_course_deg"": null, ""leg_distance_nm"": 4.0, ""leg_time_min"": null, ""turn"": ""RIGHT""}}","{""status"": ""not_applicable"", ""value"": null}"
A2,KARG_R22,leg_3.Q4_course_or_radial,Q4_course_or_radial,3,False,missing_leg_or_field,exact_status_value,null,"{""status"": ""not_applicable"", ""value"": null}"
A2,KARG_R22,leg_3.Q5_hold_params,Q5_hold_params,3,False,missing_leg_or_field,exact_status_value,null,"{""status"": ""present"", ""value"": {""inbound_course_deg"": 44.0, ""leg_distance_nm"": 4.0, ""leg_time_min"": null, ""turn"": ""RIGHT""}}"
A2,KARV_R18,leg_1.Q4_course_or_radial,Q4_course_or_radial,1,False,status_unknown,degree_display_rounding,"{""status"": ""unknown"", ""value"": null}","{""status"": ""present"", ""value"": {""course_deg"": 180.9, ""type"": ""course_deg""}}"
A2,KARV_R18,leg_2.Q4_course_or_radial,Q4_course_or_radial,2,False,status_not_applicable,exact_status_value,"{""status"": ""not_applicable"", ""value"": null}","{""status"": ""present"", ""value"": {""type"": ""direct""}}"
A2,KARV_R18,leg_2.Q5_hold_params,Q5_hold_params,2,False,target_not_present_but_pred_present,exact_status_value,"{""status"": ""present"", ""value"": {""inbound_course_deg"": null, ""leg_distance_nm"": null, ""leg_time_min"": 1.0, ""turn"": ""RIGHT""}}","{""status"": ""not_applicable"", ""value"": null}"
A2,KARV_R18,leg_3.Q4_course_or_radial,Q4_course_or_radial,3,False,status_not_applicable,degree_display_rounding,"{""status"": ""not_applicable"", ""value"": null}","{""status"": ""present"", ""value"": {""course_deg"": 283.3, ""type"": ""course_deg""}}"
A2,KARV_R18,leg_3.Q5_hold_params,Q5_hold_params,3,False,target_not_present_but_pred_present,exact_status_value,"{""status"": ""present"", ""value"": {""inbound_course_deg"": null, ""leg_distance_nm"": null, ""leg_time_min"": 1.0, ""turn"": ""RIGHT""}}","{""status"": ""not_applicable"", ""value"": null}"
A2,KARV_R18,leg_4.Q4_course_or_radial,Q4_course_or_radial,4,True,correct,exact_status_value,"{""status"": ""not_applicable"", ""value"": null}","{""status"": ""not_applicable"", ""value"": null}"
A2,KARV_R18,leg_4.Q5_hold_params,Q5_hold_params,4,False,missing_inbound_course_deg,degree_display_rounding,"{""status"": ""present"", ""value"": {""inbound_course_deg"": null, ""leg_distance_nm"": 4.0, ""leg_time_min"": null, ""turn"": ""RIGHT""}}","{""status"": ""present"", ""value"": {""inbound_course_deg"": 122.5, ""leg_distance_nm"": 5.0, ""leg_time_min"": null, ""turn"": ""RIGHT""}}"
A2,KARV_R28,leg_1.Q4_course_or_radial,Q4_course_or_radial,1,False,status_unknown,degree_display_rounding,"{""status"": ""unknown"", ""value"": null}","{""status"": ""present"", ""value"": {""course_deg"": 282.6, ""type"": ""course_deg""}}"
A2,KARV_R28,leg_2.Q4_course_or_radial,Q4_course_or_radial,2,True,correct,exact_status_value,"{""status"": ""present"", ""value"": {""type"": ""direct""}}","{""status"": ""present"", ""value"": {""type"": ""direct""}}"
A2,KARV_R28,leg_3.Q4_course_or_radial,Q4_course_or_radial,3,False,missing_leg_or_field,degree_display_rounding,null,"{""status"": ""present"", ""value"": {""course_deg"": 248.7, ""type"": ""course_deg""}}"
A2,KARV_R28,leg_4.Q4_course_or_radial,Q4_course_or_radial,4,False,missing_leg_or_field,exact_status_value,null,"{""status"": ""not_applicable"", ""value"": null}"
A2,KARV_R28,leg_4.Q5_hold_params,Q5_hold_params,4,False,missing_leg_or_field,degree_display_rounding,null,"{""status"": ""present"", ""value"": {""inbound_course_deg"": 122.5, ""leg_distance_nm"": 5.0, ""leg_time_min"": null, ""turn"": ""RIGHT""}}"
A2,KAST_R26,leg_1.Q4_course_or_radial,Q4_course_or_radial,1,False,missing_leg_or_field,degree_display_rounding,null,"{""status"": ""present"", ""value"": {""course_deg"": 260.7, ""type"": ""course_deg""}}"
A2,KAST_R26,leg_2.Q4_course_or_radial,Q4_course_or_radial,2,False,missing_leg_or_field,exact_status_value,null,"{""status"": ""present"", ""value"": {""type"": ""direct""}}"
A2,KAST_R26,leg_3.Q4_course_or_radial,Q4_course_or_radial,3,False,missing_leg_or_field,exact_status_value,null,"{""status"": ""not_applicable"", ""value"": null}"
A2,KAST_R26,leg_4.Q4_course_or_radial,Q4_course_or_radial,4,False,missing_leg_or_field,exact_status_value,null,"{""status"": ""not_applicable"", ""value"": null}"
A2,KAST_R26,leg_5.Q4_course_or_radial,Q4_course_or_radial,5,False,missing_leg_or_field,exact_status_value,null,"{""status"": ""not_applicable"", ""value"": null}"
A2,KAST_R26,leg_5.Q5_hold_params,Q5_hold_params,5,False,missing_leg_or_field,degree_display_rounding,null,"{""status"": ""present"", ""value"": {""inbound_course_deg"": 349.6, ""leg_distance_nm"": 5.0, ""leg_time_min"": null, ""turn"": ""LEFT""}}"
A2,KATL_I09R,leg_1.Q4_course_or_radial,Q4_course_or_radial,1,True,correct,degree_display_rounding,"{""status"": ""present"", ""value"": {""course_deg"": 100.0, ""type"": ""course_deg""}}","{""status"": ""present"", ""value"": {""course_deg"": 100.0, ""type"": ""course_deg""}}"
A2,KATL_I09R,leg_2.Q4_course_or_radial,Q4_course_or_radial,2,False,status_unknown,degree_display_rounding,"{""status"": ""unknown"", ""value"": null}","{""status"": ""present"", ""value"": {""direction"": ""inbound"", ""navaid"": ""AHN"", ""radial_deg"": 234.6, ""type"": ""navaid_radial""}}"
A2,KATL_I09R,leg_3.Q4_course_or_radial,Q4_course_or_radial,3,False,target_not_present_but_pred_present,exact_status_value,"{""status"": ""present"", ""value"": {""direction"": ""outbound"", ""navaid"": ""FUN"", ""radial_deg"": 235.0, ""type"": ""navaid_radial""}}","{""status"": ""not_applicable"", ""value"": null}"
A2,KATL_I09R,leg_3.Q5_hold_params,Q5_hold_params,3,False,status_not_applicable,degree_display_rounding,"{""status"": ""not_applicable"", ""value"": null}","{""status"": ""present"", ""value"": {""inbound_course_deg"": 54.6, ""leg_distance_nm"": null, ""leg_time_min"": 1.0, ""turn"": ""RIGHT""}}"
A2,KAUS_I18L,leg_1.Q4_course_or_radial,Q4_course_or_radial,1,False,missing_leg_or_field,degree_display_rounding,null,"{""status"": ""present"", ""value"": {""course_deg"": 174.7, ""type"": ""course_deg""}}"
A2,KAUS_I18L,leg_2.Q4_course_or_radial,Q4_course_or_radial,2,False,missing_leg_or_field,degree_display_rounding,null,"{""status"": ""present"", ""value"": {""course_deg"": 40.0, ""type"": ""course_deg""}}"
A2,KAUS_I18L,leg_3.Q4_course_or_radial,Q4_course_or_radial,3,False,missing_leg_or_field,degree_display_rounding,null,"{""status"": ""present"", ""value"": {""direction"": ""inbound"", ""navaid"": ""CWK"", ""radial_deg"": 87.7, ""type"": ""navaid_radial""}}"
A2,KAUS_I18L,leg_4.Q4_course_or_radial,Q4_course_or_radial,4,False,missing_leg_or_field,exact_status_value,null,"{""status"": ""not_applicable"", ""value"": null}"
A2,KAUS_I18L,leg_4.Q5_hold_params,Q5_hold_params,4,False,missing_leg_or_field,degree_display_rounding,null,"{""status"": ""present"", ""value"": {""inbound_course_deg"": 267.7, ""leg_distance_nm"": null, ""leg_time_min"": 1.0, ""turn"": ""RIGHT""}}"
A2,KAVQ_R12,leg_1.Q4_course_or_radial,Q4_course_or_radial,1,False,status_unknown,degree_display_rounding,"{""status"": ""unknown"", ""value"": null}","{""status"": ""present"", ""value"": {""course_deg"": 138.4, ""type"": ""course_deg""}}"
A2,KAVQ_R12,leg_2.Q4_course_or_radial,Q4_course_or_radial,2,False,status_not_applicable,exact_status_value,"{""status"": ""not_applicable"", ""value"": null}","{""status"": ""present"", ""value"": {""type"": ""direct""}}"
A2,KAVQ_R12,leg_2.Q5_hold_params,Q5_hold_params,2,False,target_not_present_but_pred_present,exact_status_value,"{""status"": ""present"", ""value"": {""inbound_course_deg"": null, ""leg_distance_nm"": null, ""leg_time_min"": 1.0, ""turn"": ""RIGHT""}}","{""status"": ""not_applicable"", ""value"": null}"
A2,KAVQ_R12,leg_3.Q4_course_or_radial,Q4_course_or_radial,3,False,missing_leg_or_field,exact_status_value,null,"{""status"": ""not_applicable"", ""value"": null}"
A2,KAVQ_R12,leg_3.Q5_hold_params,Q5_hold_params,3,False,missing_leg_or_field,degree_display_rounding,null,"{""status"": ""present"", ""value"": {""inbound_course_deg"": 128.1, ""leg_distance_nm"": 6.0, ""leg_time_min"": null, ""turn"": ""RIGHT""}}"
A2,KAVQ_R21,leg_1.Q4_course_or_radial,Q4_course_or_radial,1,False,status_not_applicable,degree_display_rounding,"{""status"": ""not_applicable"", ""value"": null}","{""status"": ""present"", ""value"": {""course_deg"": 198.6, ""type"": ""course_deg""}}"
A2,KAVQ_R21,leg_1.Q5_hold_params,Q5_hold_params,1,False,target_not_present_but_pred_present,exact_status_value,"{""status"": ""present"", ""value"": {""inbound_course_deg"": null, ""leg_distance_nm"": null, ""leg_time_min"": 1.0, ""turn"": ""RIGHT""}}","{""status"": ""not_applicable"", ""value"": null}"
A2,KAVQ_R21,leg_2.Q4_course_or_radial,Q4_course_or_radial,2,False,missing_leg_or_field,exact_status_value,null,"{""status"": ""present"", ""value"": {""type"": ""direct""}}"
A2,KAVQ_R21,leg_3.Q4_course_or_radial,Q4_course_or_radial,3,False,missing_leg_or_field,exact_status_value,null,"{""status"": ""not_applicable"", ""value"": null}"
A2,KAVQ_R21,leg_4.Q4_course_or_radial,Q4_course_or_radial,4,False,missing_leg_or_field,exact_status_value,null,"{""status"": ""not_applicable"", ""value"": null}"
A2,KAVQ_R21,leg_4.Q5_hold_params,Q5_hold_params,4,False,missing_leg_or_field,exact_status_value,null,"{""status"": ""present"", ""value"": {""inbound_course_deg"": 111.0, ""leg_distance_nm"": 6.0, ""leg_time_min"": null, ""turn"": ""LEFT""}}"
A2,KAWG_R36,leg_1.Q4_course_or_radial,Q4_course_or_radial,1,False,status_unknown,degree_display_rounding,"{""status"": ""unknown"", ""value"": null}","{""status"": ""present"", ""value"": {""course_deg"": 4.1, ""type"": ""course_deg""}}"
A2,KAWG_R36,leg_2.Q4_course_or_radial,Q4_course_or_radial,2,False,missing_leg_or_field,exact_status_value,null,"{""status"": ""present"", ""value"": {""type"": ""direct""}}"
A2,KAWG_R36,leg_3.Q4_course_or_radial,Q4_course_or_radial,3,False,missing_leg_or_field,exact_status_value,null,"{""status"": ""not_applicable"", ""value"": null}"
A2,KAWG_R36,leg_3.Q5_hold_params,Q5_hold_params,3,False,missing_leg_or_field,degree_display_rounding,null,"{""status"": ""present"", ""value"": {""inbound_course_deg"": 184.1, ""leg_distance_nm"": 4.0, ""leg_time_min"": null, ""turn"": ""RIGHT""}}"
A2,KAWM_L17,leg_1.Q4_course_or_radial,Q4_course_or_radial,1,False,status_unknown,degree_display_rounding,"{""status"": ""unknown"", ""value"": null}","{""status"": ""present"", ""value"": {""course_deg"": 179.6, ""type"": ""course_deg""}}"
A2,KAWM_L17,leg_2.Q4_course_or_radial,Q4_course_or_radial,2,False,round_equivalent_but_other_mismatch,degree_display_rounding,"{""status"": ""present"", ""value"": {""direction"": ""outbound"", ""navaid"": ""OME"", ""radial_deg"": 147.0, ""type"": ""navaid_radial""}}","{""status"": ""present"", ""value"": {""direction"": ""inbound"", ""navaid"": ""GQE"", ""radial_deg"": 147.0, ""type"": ""navaid_radial""}}"
A2,KAWM_L17,leg_3.Q4_course_or_radial,Q4_course_or_radial,3,False,missing_leg_or_field,exact_status_value,null,"{""status"": ""not_applicable"", ""value"": null}"
A2,KAWM_L17,leg_3.Q5_hold_params,Q5_hold_params,3,False,missing_leg_or_field,exact_status_value,null,"{""status"": ""present"", ""value"": {""inbound_course_deg"": 122.0, ""leg_distance_nm"": null, ""leg_time_min"": 1.0, ""turn"": ""RIGHT""}}"
A2,KAXH_L09,leg_1.Q4_course_or_radial,Q4_course_or_radial,1,False,type_mismatch:direct->course_deg,degree_display_rounding,"{""status"": ""present"", ""value"": {""type"": ""direct""}}","{""status"": ""present"", ""value"": {""course_deg"": 89.2, ""type"": ""course_deg""}}"
A2,KAXH_L09,leg_2.Q4_course_or_radial,Q4_course_or_radial,2,False,missing_leg_or_field,exact_status_value,null,"{""status"": ""present"", ""value"": {""type"": ""direct""}}"
A2,KAXH_R27,leg_1.Q4_course_or_radial,Q4_course_or_radial,1,False,missing_leg_or_field,degree_display_rounding,null,"{""status"": ""present"", ""value"": {""course_deg"": 269.3, ""type"": ""course_deg""}}"
A2,KAXH_R27,leg_2.Q4_course_or_radial,Q4_course_or_radial,2,False,missing_leg_or_field,exact_status_value,null,"{""status"": ""present"", ""value"": {""type"": ""direct""}}"
A2,KAXH_R27,leg_3.Q4_course_or_radial,Q4_course_or_radial,3,False,missing_leg_or_field,degree_display_rounding,null,"{""status"": ""present"", ""value"": {""course_deg"": 200.4, ""type"": ""course_deg""}}"
A2,KAXV_R26,leg_1.Q4_course_or_radial,Q4_course_or_radial,1,False,status_unknown,degree_display_rounding,"{""status"": ""unknown"", ""value"": null}","{""status"": ""present"", ""value"": {""course_deg"": 260.7, ""type"": ""course_deg""}}"
A2,KAXV_R26,leg_2.Q4_course_or_radial,Q4_course_or_radial,2,False,status_not_applicable,exact_status_value,"{""status"": ""not_applicable"", ""value"": null}","{""status"": ""present"", ""value"": {""type"": ""direct""}}"
A2,KAXV_R26,leg_2.Q5_hold_params,Q5_hold_params,2,False,target_not_present_but_pred_present,exact_status_value,"{""status"": ""present"", ""value"": {""inbound_course_deg"": null, ""leg_distance_nm"": null, ""leg_time_min"": 1.0, ""turn"": ""RIGHT""}}","{""status"": ""not_applicable"", ""value"": null}"
A2,KAXV_R26,leg_3.Q4_course_or_radial,Q4_course_or_radial,3,False,missing_leg_or_field,exact_status_value,null,"{""status"": ""not_applicable"", ""value"": null}"
A2,KAXV_R26,leg_3.Q5_hold_params,Q5_hold_params,3,False,missing_leg_or_field,degree_display_rounding,null,"{""status"": ""present"", ""value"": {""inbound_course_deg"": 80.4, ""leg_distance_nm"": 4.0, ""leg_time_min"": null, ""turn"": ""RIGHT""}}"
A2,KBDL_L33,leg_1.Q4_course_or_radial,Q4_course_or_radial,1,False,status_not_applicable,degree_display_rounding,"{""status"": ""not_applicable"", ""value"": null}","{""status"": ""present"", ""value"": {""course_deg"": 328.4, ""type"": ""course_deg""}}"
A2,KBDL_L33,leg_1.Q5_hold_params,Q5_hold_params,1,False,target_not_present_but_pred_present,exact_status_value,"{""status"": ""present"", ""value"": {""inbound_course_deg"": null, ""leg_distance_nm"": null, ""leg_time_min"": 1.0, ""turn"": ""RIGHT""}}","{""status"": ""not_applicable"", ""value"": null}"
A2,KBDL_L33,leg_2.Q4_course_or_radial,Q4_course_or_radial,2,False,status_unknown,exact_status_value,"{""status"": ""unknown"", ""value"": null}","{""status"": ""present"", ""value"": {""type"": ""direct""}}"
A2,KBDL_L33,leg_3.Q4_course_or_radial,Q4_course_or_radial,3,True,correct,exact_status_value,"{""status"": ""not_applicable"", ""value"": null}","{""status"": ""not_applicable"", ""value"": null}"
A2,KBDL_L33,leg_3.Q5_hold_params,Q5_hold_params,3,False,missing_inbound_course_deg,degree_display_rounding,"{""status"": ""present"", ""value"": {""inbound_course_deg"": null, ""leg_distance_nm"": null, ""leg_time_min"": 1.0, ""turn"": ""RIGHT""}}","{""status"": ""present"", ""value"": {""inbound_course_deg"": 274.8, ""leg_distance_nm"": null, ""leg_time_min"": 1.0, ""turn"": ""LEFT""}}"
A2,KBDN_R34,leg_1.Q4_course_or_radial,Q4_course_or_radial,1,False,status_unknown,degree_display_rounding,"{""status"": ""unknown"", ""value"": null}","{""status"": ""present"", ""value"": {""course_deg"": 331.1, ""type"": ""course_deg""}}"
A2,KBDN_R34,leg_2.Q4_course_or_radial,Q4_course_or_radial,2,False,status_not_applicable,exact_status_value,"{""status"": ""not_applicable"", ""value"": null}","{""status"": ""present"", ""value"": {""type"": ""direct""}}"
A2,KBDN_R34,leg_2.Q5_hold_params,Q5_hold_params,2,False,target_not_present_but_pred_present,exact_status_value,"{""status"": ""present"", ""value"": {""inbound_course_deg"": null, ""leg_distance_nm"": null, ""leg_time_min"": 1.0, ""turn"": ""RIGHT""}}","{""status"": ""not_applicable"", ""value"": null}"
A2,KBDN_R34,leg_3.Q4_course_or_radial,Q4_course_or_radial,3,False,status_unknown,exact_status_value,"{""status"": ""unknown"", ""value"": null}","{""status"": ""not_applicable"", ""value"": null}"
A2,KBDN_R34,leg_4.Q4_course_or_radial,Q4_course_or_radial,4,False,missing_leg_or_field,exact_status_value,null,"{""status"": ""not_applicable"", ""value"": null}"
A2,KBDN_R34,leg_4.Q5_hold_params,Q5_hold_params,4,False,missing_leg_or_field,exact_status_value,null,"{""status"": ""present"", ""value"": {""inbound_course_deg"": 129.0, ""leg_distance_nm"": 5.0, ""leg_time_min"": null, ""turn"": ""LEFT""}}"
A2,KBFD_R14,leg_1.Q4_course_or_radial,Q4_course_or_radial,1,False,missing_leg_or_field,degree_display_rounding,null,"{""status"": ""present"", ""value"": {""course_deg"": 144.8, ""type"": ""course_deg""}}"
A2,KBFD_R14,leg_2.Q4_course_or_radial,Q4_course_or_radial,2,False,missing_leg_or_field,exact_status_value,null,"{""status"": ""present"", ""value"": {""type"": ""direct""}}"
A2,KBFD_R14,leg_3.Q4_course_or_radial,Q4_course_or_radial,3,False,missing_leg_or_field,exact_status_value,null,"{""status"": ""not_applicable"", ""value"": null}"
A2,KBFD_R14,leg_3.Q5_hold_params,Q5_hold_params,3,False,missing_leg_or_field,exact_status_value,null,"{""status"": ""present"", ""value"": {""inbound_course_deg"": 325.0, ""leg_distance_nm"": 5.0, ""leg_time_min"": null, ""turn"": ""RIGHT""}}"
A2,KBFF_L12,leg_1.Q4_course_or_radial,Q4_course_or_radial,1,False,status_unknown,degree_display_rounding,"{""status"": ""unknown"", ""value"": null}","{""status"": ""present"", ""value"": {""course_deg"": 125.6, ""type"": ""course_deg""}}"
A2,KBFF_L12,leg_2.Q4_course_or_radial,Q4_course_or_radial,2,False,status_not_applicable,exact_status_value,"{""status"": ""not_applicable"", ""value"": null}","{""status"": ""present"", ""value"": {""type"": ""direct""}}"
A2,KBFF_L12,leg_2.Q5_hold_params,Q5_hold_params,2,False,target_not_present_but_pred_present,exact_status_value,"{""status"": ""present"", ""value"": {""inbound_course_deg"": null, ""leg_distance_nm"": null, ""leg_time_min"": 1.0, ""turn"": ""RIGHT""}}","{""status"": ""not_applicable"", ""value"": null}"
A2,KBFF_L12,leg_3.Q4_course_or_radial,Q4_course_or_radial,3,False,missing_leg_or_field,exact_status_value,null,"{""status"": ""not_applicable"", ""value"": null}"
A2,KBFF_L12,leg_3.Q5_hold_params,Q5_hold_params,3,False,missing_leg_or_field,exact_status_value,null,"{""status"": ""present"", ""value"": {""inbound_course_deg"": 245.0, ""leg_distance_nm"": null, ""leg_time_min"": 1.0, ""turn"": ""RIGHT""}}"
A2,KBJC_R12L,leg_1.Q4_course_or_radial,Q4_course_or_radial,1,False,status_unknown,degree_display_rounding,"{""status"": ""unknown"", ""value"": null}","{""status"": ""present"", ""value"": {""course_deg"": 135.3, ""type"": ""course_deg""}}"
A2,KBJC_R12L,leg_2.Q4_course_or_radial,Q4_course_or_radial,2,False,status_not_applicable,exact_status_value,"{""status"": ""not_applicable"", ""value"": null}","{""status"": ""present"", ""value"": {""type"": ""direct""}}"
A2,KBJC_R12L,leg_2.Q5_hold_params,Q5_hold_params,2,False,target_not_present_but_pred_present,exact_status_value,"{""status"": ""present"", ""value"": {""inbound_course_deg"": null, ""leg_distance_nm"": null, ""leg_time_min"": 1.0, ""turn"": ""RIGHT""}}","{""status"": ""not_applicable"", ""value"": null}"
A2,KBJC_R12L,leg_3.Q4_course_or_radial,Q4_course_or_radial,3,False,status_unknown,exact_status_value,"{""status"": ""unknown"", ""value"": null}","{""status"": ""not_applicable"", ""value"": null}"
A2,KBJC_R12L,leg_3.Q5_hold_params,Q5_hold_params,3,False,status_not_applicable,degree_display_rounding,"{""status"": ""not_applicable"", ""value"": null}","{""status"": ""present"", ""value"": {""inbound_course_deg"": 338.3, ""leg_distance_nm"": 7.0, ""leg_time_min"": null, ""turn"": ""LEFT""}}"
A2,KBKX_R30,leg_1.Q4_course_or_radial,Q4_course_or_radial,1,False,status_not_applicable,degree_display_rounding,"{""status"": ""not_applicable"", ""value"": null}","{""status"": ""present"", ""value"": {""course_deg"": 295.6, ""type"": ""course_deg""}}"
A2,KBKX_R30,leg_1.Q5_hold_params,Q5_hold_params,1,False,target_not_present_but_pred_present,exact_status_value,"{""status"": ""present"", ""value"": {""inbound_course_deg"": null, ""leg_distance_nm"": null, ""leg_time_min"": 1.0, ""turn"": ""RIGHT""}}","{""status"": ""not_applicable"", ""value"": null}"
A2,KBKX_R30,leg_2.Q4_course_or_radial,Q4_course_or_radial,2,False,missing_leg_or_field,exact_status_value,null,"{""status"": ""present"", ""value"": {""type"": ""direct""}}"
A2,KBKX_R30,leg_3.Q4_course_or_radial,Q4_course_or_radial,3,False,missing_leg_or_field,exact_status_value,null,"{""status"": ""not_applicable"", ""value"": null}"
A2,KBKX_R30,leg_3.Q5_hold_params,Q5_hold_params,3,False,missing_leg_or_field,degree_display_rounding,null,"{""status"": ""present"", ""value"": {""inbound_course_deg"": 115.4, ""leg_distance_nm"": 4.0, ""leg_time_min"": null, ""turn"": ""RIGHT""}}"
A2,KBLF_R05,leg_1.Q4_course_or_radial,Q4_course_or_radial,1,False,status_unknown,degree_display_rounding,"{""status"": ""unknown"", ""value"": null}","{""status"": ""present"", ""value"": {""course_deg"": 63.8, ""type"": ""course_deg""}}"
A2,KBLF_R05,leg_2.Q4_course_or_radial,Q4_course_or_radial,2,False,missing_leg_or_field,exact_status_value,null,"{""status"": ""present"", ""value"": {""type"": ""direct""}}"
A2,KBLF_R05,leg_3.Q4_course_or_radial,Q4_course_or_radial,3,False,missing_leg_or_field,exact_status_value,null,"{""status"": ""not_applicable"", ""value"": null}"
A2,KBLF_R05,leg_3.Q5_hold_params,Q5_hold_params,3,False,missing_leg_or_field,degree_display_rounding,null,"{""status"": ""present"", ""value"": {""inbound_course_deg"": 100.6, ""leg_distance_nm"": 5.0, ""leg_time_min"": null, ""turn"": ""RIGHT""}}"
A2,KBLV_R32RY,leg_1.Q4_course_or_radial,Q4_course_or_radial,1,False,type_mismatch:direct->course_deg,degree_display_rounding,"{""status"": ""present"", ""value"": {""type"": ""direct""}}","{""status"": ""present"", ""value"": {""course_deg"": 318.6, ""type"": ""course_deg""}}"
A2,KBLV_R32RY,leg_2.Q4_course_or_radial,Q4_course_or_radial,2,False,missing_leg_or_field,exact_status_value,null,"{""status"": ""present"", ""value"": {""type"": ""direct""}}"
A2,KBLV_R32RY,leg_3.Q4_course_or_radial,Q4_course_or_radial,3,False,missing_leg_or_field,exact_status_value,null,"{""status"": ""not_applicable"", ""value"": null}"
A2,KBLV_R32RY,leg_3.Q5_hold_params,Q5_hold_params,3,False,missing_leg_or_field,degree_display_rounding,null,"{""status"": ""present"", ""value"": {""inbound_course_deg"": 283.5, ""leg_distance_nm"": 4.0, ""leg_time_min"": null, ""turn"": ""RIGHT""}}"
A2,KBMQ_R01,leg_1.Q4_course_or_radial,Q4_course_or_radial,1,False,status_unknown,degree_display_rounding,"{""status"": ""unknown"", ""value"": null}","{""status"": ""present"", ""value"": {""course_deg"": 13.1, ""type"": ""course_deg""}}"
A2,KBMQ_R01,leg_2.Q4_course_or_radial,Q4_course_or_radial,2,True,correct,exact_status_value,"{""status"": ""present"", ""value"": {""type"": ""direct""}}","{""status"": ""present"", ""value"": {""type"": ""direct""}}"
A2,KBMQ_R01,leg_3.Q4_course_or_radial,Q4_course_or_radial,3,False,missing_leg_or_field,exact_status_value,null,"{""status"": ""not_applicable"", ""value"": null}"
A2,KBMQ_R01,leg_3.Q5_hold_params,Q5_hold_params,3,False,missing_leg_or_field,degree_display_rounding,null,"{""status"": ""present"", ""value"": {""inbound_course_deg"": 193.2, ""leg_distance_nm"": 4.0, ""leg_time_min"": null, ""turn"": ""RIGHT""}}"
A2,KBOS_L15R,leg_1.Q4_course_or_radial,Q4_course_or_radial,1,False,missing_leg_or_field,degree_display_rounding,null,"{""status"": ""present"", ""value"": {""direction"": ""inbound"", ""navaid"": ""BOS"", ""radial_deg"": 154.0, ""type"": ""navaid_radial""}}"
A2,KBOS_L15R,leg_2.Q4_course_or_radial,Q4_course_or_radial,2,False,missing_leg_or_field,exact_status_value,null,"{""status"": ""not_applicable"", ""value"": null}"
A2,KBOS_L15R,leg_2.Q5_hold_params,Q5_hold_params,2,False,missing_leg_or_field,exact_status_value,null,"{""status"": ""present"", ""value"": {""inbound_course_deg"": 334.0, ""leg_distance_nm"": null, ""leg_time_min"": 1.0, ""turn"": ""RIGHT""}}"
A2,KBOS_R32,leg_1.Q4_course_or_radial,Q4_course_or_radial,1,False,type_mismatch:direct->course_deg,degree_display_rounding,"{""status"": ""present"", ""value"": {""type"": ""direct""}}","{""status"": ""present"", ""value"": {""course_deg"": 330.7, ""type"": ""course_deg""}}"
A2,KBOS_R32,leg_2.Q4_course_or_radial,Q4_course_or_radial,2,False,status_unknown,exact_status_value,"{""status"": ""unknown"", ""value"": null}","{""status"": ""present"", ""value"": {""type"": ""direct""}}"
A2,KBOS_R32,leg_3.Q4_course_or_radial,Q4_course_or_radial,3,False,missing_leg_or_field,exact_status_value,null,"{""status"": ""not_applicable"", ""value"": null}"
A2,KBOS_R32,leg_4.Q4_course_or_radial,Q4_course_or_radial,4,False,missing_leg_or_field,exact_status_value,null,"{""status"": ""not_applicable"", ""value"": null}"
A2,KBOS_R32,leg_4.Q5_hold_params,Q5_hold_params,4,False,missing_leg_or_field,degree_display_rounding,null,"{""status"": ""present"", ""value"": {""inbound_course_deg"": 284.1, ""leg_distance_nm"": 5.0, ""leg_time_min"": null, ""turn"": ""RIGHT""}}"
A2,KBRD_L34,leg_1.Q4_course_or_radial,Q4_course_or_radial,1,False,status_unknown,degree_display_rounding,"{""status"": ""unknown"", ""value"": null}","{""status"": ""present"", ""value"": {""course_deg"": 339.7, ""type"": ""course_deg""}}"
A2,KBRD_L34,leg_2.Q4_course_or_radial,Q4_course_or_radial,2,False,status_not_applicable,exact_status_value,"{""status"": ""not_applicable"", ""value"": null}","{""status"": ""present"", ""value"": {""type"": ""direct""}}"
A2,KBRD_L34,leg_2.Q5_hold_params,Q5_hold_params,2,False,target_not_present_but_pred_present,exact_status_value,"{""status"": ""present"", ""value"": {""inbound_course_deg"": null, ""leg_distance_nm"": null, ""leg_time_min"": 1.0, ""turn"": ""RIGHT""}}","{""status"": ""not_applicable"", ""value"": null}"
A2,KBRD_L34,leg_3.Q4_course_or_radial,Q4_course_or_radial,3,True,correct,exact_status_value,"{""status"": ""not_applicable"", ""value"": null}","{""status"": ""not_applicable"", ""value"": null}"
A2,KBRD_L34,leg_3.Q5_hold_params,Q5_hold_params,3,False,missing_inbound_course_deg,degree_display_rounding,"{""status"": ""present"", ""value"": {""inbound_course_deg"": null, ""leg_distance_nm"": null, ""leg_time_min"": 1.0, ""turn"": ""RIGHT""}}","{""status"": ""present"", ""value"": {""inbound_course_deg"": 231.3, ""leg_distance_nm"": null, ""leg_time_min"": 1.0, ""turn"": ""RIGHT""}}"
A2,KBTL_L23R,leg_1.Q4_course_or_radial,Q4_course_or_radial,1,False,missing_leg_or_field,degree_display_rounding,null,"{""status"": ""present"", ""value"": {""course_deg"": 226.6, ""type"": ""course_deg""}}"
A2,KBTL_L23R,leg_2.Q4_course_or_radial,Q4_course_or_radial,2,False,missing_leg_or_field,exact_status_value,null,"{""status"": ""present"", ""value"": {""type"": ""direct""}}"
A2,KBTL_L23R,leg_3.Q4_course_or_radial,Q4_course_or_radial,3,False,missing_leg_or_field,exact_status_value,null,"{""status"": ""not_applicable"", ""value"": null}"
A2,KBTL_L23R,leg_3.Q5_hold_params,Q5_hold_params,3,False,missing_leg_or_field,degree_display_rounding,null,"{""status"": ""present"", ""value"": {""inbound_course_deg"": 189.5, ""leg_distance_nm"": 4.0, ""leg_time_min"": null, ""turn"": ""RIGHT""}}"
A2,KBTP_L08,leg_1.Q4_course_or_radial,Q4_course_or_radial,1,False,status_unknown,degree_display_rounding,"{""status"": ""unknown"", ""value"": null}","{""status"": ""present"", ""value"": {""course_deg"": 80.0, ""type"": ""course_deg""}}"
A2,KBTP_L08,leg_2.Q4_course_or_radial,Q4_course_or_radial,2,False,status_unknown,exact_status_value,"{""status"": ""unknown"", ""value"": null}","{""status"": ""present"", ""value"": {""type"": ""direct""}}"
A2,KBTP_L08,leg_3.Q4_course_or_radial,Q4_course_or_radial,3,False,status_unknown,exact_status_value,"{""status"": ""unknown"", ""value"": null}","{""status"": ""not_applicable"", ""value"": null}"
A2,KBTP_L08,leg_3.Q5_hold_params,Q5_hold_params,3,False,status_not_applicable,exact_status_value,"{""status"": ""not_applicable"", ""value"": null}","{""status"": ""present"", ""value"": {""inbound_course_deg"": 100.0, ""leg_distance_nm"": null, ""leg_time_min"": 1.0, ""turn"": ""RIGHT""}}"
A2,KBTR_R04L,leg_1.Q4_course_or_radial,Q4_course_or_radial,1,False,type_mismatch:direct->course_deg,degree_display_rounding,"{""status"": ""present"", ""value"": {""type"": ""direct""}}","{""status"": ""present"", ""value"": {""course_deg"": 43.4, ""type"": ""course_deg""}}"
A2,KBTR_R04L,leg_2.Q4_course_or_radial,Q4_course_or_radial,2,False,status_not_applicable,exact_status_value,"{""status"": ""not_applicable"", ""value"": null}","{""status"": ""present"", ""value"": {""type"": ""direct""}}"
A2,KBTR_R04L,leg_2.Q5_hold_params,Q5_hold_params,2,False,target_not_present_but_pred_present,exact_status_value,"{""status"": ""present"", ""value"": {""inbound_course_deg"": null, ""leg_distance_nm"": null, ""leg_time_min"": 1.0, ""turn"": ""RIGHT""}}","{""status"": ""not_applicable"", ""value"": null}"
A2,KBTR_R04L,leg_3.Q4_course_or_radial,Q4_course_or_radial,3,False,missing_leg_or_field,exact_status_value,null,"{""status"": ""not_applicable"", ""value"": null}"
A2,KBTR_R04L,leg_3.Q5_hold_params,Q5_hold_params,3,False,missing_leg_or_field,degree_display_rounding,null,"{""status"": ""present"", ""value"": {""inbound_course_deg"": 223.6, ""leg_distance_nm"": 4.0, ""leg_time_min"": null, ""turn"": ""RIGHT""}}"
A2,KBUM_R18,leg_1.Q4_course_or_radial,Q4_course_or_radial,1,False,status_not_applicable,degree_display_rounding,"{""status"": ""not_applicable"", ""value"": null}","{""status"": ""present"", ""value"": {""course_deg"": 177.9, ""type"": ""course_deg""}}"
A2,KBUM_R18,leg_1.Q5_hold_params,Q5_hold_params,1,False,target_not_present_but_pred_present,exact_status_value,"{""status"": ""present"", ""value"": {""inbound_course_deg"": null, ""leg_distance_nm"": null, ""leg_time_min"": 1.0, ""turn"": ""RIGHT""}}","{""status"": ""not_applicable"", ""value"": null}"
A2,KBUM_R18,leg_2.Q4_course_or_radial,Q4_course_or_radial,2,False,missing_leg_or_field,exact_status_value,null,"{""status"": ""present"", ""value"": {""type"": ""direct""}}"
A2,KBUM_R18,leg_3.Q4_course_or_radial,Q4_course_or_radial,3,False,missing_leg_or_field,exact_status_value,null,"{""status"": ""not_applicable"", ""value"": null}"
A2,KBUM_R18,leg_3.Q5_hold_params,Q5_hold_params,3,False,missing_leg_or_field,degree_display_rounding,null,"{""status"": ""present"", ""value"": {""inbound_course_deg"": 357.9, ""leg_distance_nm"": 4.0, ""leg_time_min"": null, ""turn"": ""RIGHT""}}"
A2,KBUR_L08-Z,leg_1.Q4_course_or_radial,Q4_course_or_radial,1,False,status_unknown,degree_display_rounding,"{""status"": ""unknown"", ""value"": null}","{""status"": ""present"", ""value"": {""course_deg"": 78.9, ""type"": ""course_deg""}}"
A2,KBUR_L08-Z,leg_2.Q4_course_or_radial,Q4_course_or_radial,2,False,status_not_applicable,degree_display_rounding,"{""status"": ""not_applicable"", ""value"": null}","{""status"": ""present"", ""value"": {""course_deg"": 210.0, ""type"": ""course_deg""}}"
A2,KBUR_L08-Z,leg_2.Q5_hold_params,Q5_hold_params,2,False,target_not_present_but_pred_present,exact_status_value,"{""status"": ""present"", ""value"": {""inbound_course_deg"": null, ""leg_distance_nm"": null, ""leg_time_min"": 1.0, ""turn"": ""RIGHT""}}","{""status"": ""not_applicable"", ""value"": null}"
A2,KBUR_L08-Z,leg_3.Q4_course_or_radial,Q4_course_or_radial,3,False,status_unknown,degree_display_rounding,"{""status"": ""unknown"", ""value"": null}","{""status"": ""present"", ""value"": {""direction"": ""inbound"", ""navaid"": ""VTU"", ""radial_deg"": 86.0, ""type"": ""navaid_radial""}}"
A2,KBUR_L08-Z,leg_4.Q4_course_or_radial,Q4_course_or_radial,4,False,missing_leg_or_field,exact_status_value,null,"{""status"": ""not_applicable"", ""value"": null}"
A2,KBUR_L08-Z,leg_4.Q5_hold_params,Q5_hold_params,4,False,missing_leg_or_field,degree_display_rounding,null,"{""status"": ""present"", ""value"": {""inbound_course_deg"": 130.6, ""leg_distance_nm"": null, ""leg_time_min"": 1.0, ""turn"": ""LEFT""}}"
A2,KBUR_R08-Z,leg_1.Q4_course_or_radial,Q4_course_or_radial,1,False,missing_leg_or_field,degree_display_rounding,null,"{""status"": ""present"", ""value"": {""course_deg"": 78.9, ""type"": ""course_deg""}}"
A2,KBUR_R08-Z,leg_2.Q4_course_or_radial,Q4_course_or_radial,2,False,missing_leg_or_field,exact_status_value,null,"{""status"": ""present"", ""value"": {""type"": ""direct""}}"
A2,KBUR_R08-Z,leg_3.Q4_course_or_radial,Q4_course_or_radial,3,False,missing_leg_or_field,exact_status_value,null,"{""status"": ""not_applicable"", ""value"": null}"
A2,KBUR_R08-Z,leg_4.Q4_course_or_radial,Q4_course_or_radial,4,False,missing_leg_or_field,exact_status_value,null,"{""status"": ""not_applicable"", ""value"": null}"
A2,KBUR_R08-Z,leg_4.Q5_hold_params,Q5_hold_params,4,False,missing_leg_or_field,degree_display_rounding,null,"{""status"": ""present"", ""value"": {""inbound_course_deg"": 130.6, ""leg_distance_nm"": 5.0, ""leg_time_min"": null, ""turn"": ""LEFT""}}"
A2,KBUY_I06-Z,leg_1.Q4_course_or_radial,Q4_course_or_radial,1,False,status_unknown,degree_display_rounding,"{""status"": ""unknown"", ""value"": null}","{""status"": ""present"", ""value"": {""course_deg"": 60.1, ""type"": ""course_deg""}}"
A2,KBUY_I06-Z,leg_2.Q4_course_or_radial,Q4_course_or_radial,2,False,status_not_applicable,exact_status_value,"{""status"": ""not_applicable"", ""value"": null}","{""status"": ""present"", ""value"": {""type"": ""direct""}}"
A2,KBUY_I06-Z,leg_2.Q5_hold_params,Q5_hold_params,2,False,target_not_present_but_pred_present,exact_status_value,"{""status"": ""present"", ""value"": {""inbound_course_deg"": null, ""leg_distance_nm"": null, ""leg_time_min"": 1.0, ""turn"": ""RIGHT""}}","{""status"": ""not_applicable"", ""value"": null}"
A2,KBUY_I06-Z,leg_3.Q4_course_or_radial,Q4_course_or_radial,3,True,correct,exact_status_value,"{""status"": ""not_applicable"", ""value"": null}","{""status"": ""not_applicable"", ""value"": null}"
A2,KBUY_I06-Z,leg_3.Q5_hold_params,Q5_hold_params,3,False,missing_inbound_course_deg,exact_status_value,"{""status"": ""present"", ""value"": {""inbound_course_deg"": null, ""leg_distance_nm"": null, ""leg_time_min"": 1.0, ""turn"": ""RIGHT""}}","{""status"": ""present"", ""value"": {""inbound_course_deg"": 236.0, ""leg_distance_nm"": null, ""leg_time_min"": 1.0, ""turn"": ""RIGHT""}}"
A2,KBWG_I03-Y,leg_1.Q4_course_or_radial,Q4_course_or_radial,1,False,missing_leg_or_field,degree_display_rounding,null,"{""status"": ""present"", ""value"": {""course_deg"": 33.9, ""type"": ""course_deg""}}"
A2,KBWG_I03-Y,leg_2.Q4_course_or_radial,Q4_course_or_radial,2,False,missing_leg_or_field,exact_status_value,null,"{""status"": ""present"", ""value"": {""type"": ""direct""}}"
A2,KBWG_I03-Y,leg_3.Q4_course_or_radial,Q4_course_or_radial,3,False,missing_leg_or_field,exact_status_value,null,"{""status"": ""not_applicable"", ""value"": null}"
A2,KBWG_I03-Y,leg_3.Q5_hold_params,Q5_hold_params,3,False,missing_leg_or_field,degree_display_rounding,null,"{""status"": ""present"", ""value"": {""inbound_course_deg"": 33.9, ""leg_distance_nm"": null, ""leg_time_min"": 1.0, ""turn"": ""RIGHT""}}"
A2,KBWI_L15L,leg_1.Q4_course_or_radial,Q4_course_or_radial,1,False,status_unknown,degree_display_rounding,"{""status"": ""unknown"", ""value"": null}","{""status"": ""present"", ""value"": {""course_deg"": 155.0, ""type"": ""course_deg""}}"
A2,KBWI_L15L,leg_2.Q4_course_or_radial,Q4_course_or_radial,2,False,round_equivalent_but_other_mismatch,degree_display_rounding,"{""status"": ""present"", ""value"": {""direction"": ""outbound"", ""navaid"": ""BAL"", ""radial_deg"": 153.0, ""type"": ""navaid_radial""}}","{""status"": ""present"", ""value"": {""direction"": ""inbound"", ""navaid"": ""BAL"", ""radial_deg"": 152.9, ""type"": ""navaid_radial""}}"
A2,KBWI_L15L,leg_3.Q4_course_or_radial,Q4_course_or_radial,3,True,correct,exact_status_value,"{""status"": ""not_applicable"", ""value"": null}","{""status"": ""not_applicable"", ""value"": null}"
A2,KBWI_L15L,leg_3.Q5_hold_params,Q5_hold_params,3,False,missing_inbound_course_deg,degree_display_rounding,"{""status"": ""present"", ""value"": {""inbound_course_deg"": null, ""leg_distance_nm"": null, ""leg_time_min"": 1.0, ""turn"": ""RIGHT""}}","{""status"": ""present"", ""value"": {""inbound_course_deg"": 332.9, ""leg_distance_nm"": null, ""leg_time_min"": 1.0, ""turn"": ""LEFT""}}"
A2,KBXA_R18,leg_1.Q4_course_or_radial,Q4_course_or_radial,1,False,status_not_applicable,degree_display_rounding,"{""status"": ""not_applicable"", ""value"": null}","{""status"": ""present"", ""value"": {""course_deg"": 182.8, ""type"": ""course_deg""}}"
A2,KBXA_R18,leg_1.Q5_hold_params,Q5_hold_params,1,False,target_not_present_but_pred_present,exact_status_value,"{""status"": ""present"", ""value"": {""inbound_course_deg"": null, ""leg_distance_nm"": null, ""leg_time_min"": 1.0, ""turn"": ""RIGHT""}}","{""status"": ""not_applicable"", ""value"": null}"
A2,KBXA_R18,leg_2.Q4_course_or_radial,Q4_course_or_radial,2,False,status_not_applicable,exact_status_value,"{""status"": ""not_applicable"", ""value"": null}","{""status"": ""present"", ""value"": {""type"": ""direct""}}"
A2,KBXA_R18,leg_2.Q5_hold_params,Q5_hold_params,2,False,target_not_present_but_pred_present,exact_status_value,"{""status"": ""present"", ""value"": {""inbound_course_deg"": null, ""leg_distance_nm"": null, ""leg_time_min"": 1.0, ""turn"": ""RIGHT""}}","{""status"": ""not_applicable"", ""value"": null}"
A2,KBXA_R18,leg_3.Q4_course_or_radial,Q4_course_or_radial,3,True,correct,exact_status_value,"{""status"": ""not_applicable"", ""value"": null}","{""status"": ""not_applicable"", ""value"": null}"
A2,KBXA_R18,leg_3.Q5_hold_params,Q5_hold_params,3,False,missing_inbound_course_deg,degree_display_rounding,"{""status"": ""present"", ""value"": {""inbound_course_deg"": null, ""leg_distance_nm"": 4.0, ""leg_time_min"": null, ""turn"": ""RIGHT""}}","{""status"": ""present"", ""value"": {""inbound_course_deg"": 2.8, ""leg_distance_nm"": 4.0, ""leg_time_min"": null, ""turn"": ""RIGHT""}}"
A2,KBYH_R36,leg_1.Q4_course_or_radial,Q4_course_or_radial,1,False,status_unknown,degree_display_rounding,"{""status"": ""unknown"", ""value"": null}","{""status"": ""present"", ""value"": {""course_deg"": 1.0, ""type"": ""course_deg""}}"
A2,KBYH_R36,leg_2.Q4_course_or_radial,Q4_course_or_radial,2,False,status_not_applicable,exact_status_value,"{""status"": ""not_applicable"", ""value"": null}","{""status"": ""present"", ""value"": {""type"": ""direct""}}"
A2,KBYH_R36,leg_2.Q5_hold_params,Q5_hold_params,2,False,target_not_present_but_pred_present,exact_status_value,"{""status"": ""present"", ""value"": {""inbound_course_deg"": null, ""leg_distance_nm"": null, ""leg_time_min"": 1.0, ""turn"": ""RIGHT""}}","{""status"": ""not_applicable"", ""value"": null}"
A2,KBYH_R36,leg_3.Q4_course_or_radial,Q4_course_or_radial,3,True,correct,exact_status_value,"{""status"": ""not_applicable"", ""value"": null}","{""status"": ""not_applicable"", ""value"": null}"
A2,KBYH_R36,leg_3.Q5_hold_params,Q5_hold_params,3,False,missing_inbound_course_deg,exact_status_value,"{""status"": ""present"", ""value"": {""inbound_course_deg"": null, ""leg_distance_nm"": 6.0, ""leg_time_min"": null, ""turn"": ""RIGHT""}}","{""status"": ""present"", ""value"": {""inbound_course_deg"": 181.0, ""leg_distance_nm"": 6.0, ""leg_time_min"": null, ""turn"": ""RIGHT""}}"
A2,KCAK_L01,leg_1.Q4_course_or_radial,Q4_course_or_radial,1,False,status_not_applicable,degree_display_rounding,"{""status"": ""not_applicable"", ""value"": null}","{""status"": ""present"", ""value"": {""course_deg"": 9.5, ""type"": ""course_deg""}}"
A2,KCAK_L01,leg_1.Q5_hold_params,Q5_hold_params,1,False,target_not_present_but_pred_present,exact_status_value,"{""status"": ""present"", ""value"": {""inbound_course_deg"": null, ""leg_distance_nm"": null, ""leg_time_min"": 1.0, ""turn"": ""RIGHT""}}","{""status"": ""not_applicable"", ""value"": null}"
A2,KCAK_L01,leg_2.Q4_course_or_radial,Q4_course_or_radial,2,False,missing_leg_or_field,exact_status_value,null,"{""status"": ""present"", ""value"": {""type"": ""direct""}}"
A2,KCAK_L01,leg_3.Q4_course_or_radial,Q4_course_or_radial,3,False,missing_leg_or_field,exact_status_value,null,"{""status"": ""not_applicable"", ""value"": null}"
A2,KCAK_L01,leg_3.Q5_hold_params,Q5_hold_params,3,False,missing_leg_or_field,exact_status_value,null,"{""status"": ""present"", ""value"": {""inbound_course_deg"": 272.0, ""leg_distance_nm"": null, ""leg_time_min"": 1.0, ""turn"": ""RIGHT""}}"
A2,KCAO_R02,leg_1.Q4_course_or_radial,Q4_course_or_radial,1,False,status_not_applicable,degree_display_rounding,"{""status"": ""not_applicable"", ""value"": null}","{""status"": ""present"", ""value"": {""course_deg"": 21.2, ""type"": ""course_deg""}}"
A2,KCAO_R02,leg_1.Q5_hold_params,Q5_hold_params,1,False,target_not_present_but_pred_present,exact_status_value,"{""status"": ""present"", ""value"": {""inbound_course_deg"": null, ""leg_distance_nm"": null, ""leg_time_min"": 1.0, ""turn"": ""RIGHT""}}","{""status"": ""not_applicable"", ""value"": null}"
A2,KCAO_R02,leg_2.Q4_course_or_radial,Q4_course_or_radial,2,False,missing_leg_or_field,exact_status_value,null,"{""status"": ""present"", ""value"": {""type"": ""direct""}}"
A2,KCAO_R02,leg_3.Q4_course_or_radial,Q4_course_or_radial,3,False,missing_leg_or_field,exact_status_value,null,"{""status"": ""not_applicable"", ""value"": null}"
A2,KCAO_R02,leg_3.Q5_hold_params,Q5_hold_params,3,False,missing_leg_or_field,degree_display_rounding,null,"{""status"": ""present"", ""value"": {""inbound_course_deg"": 201.3, ""leg_distance_nm"": 7.0, ""leg_time_min"": null, ""turn"": ""RIGHT""}}"
A2,KCBF_L36,leg_1.Q4_course_or_radial,Q4_course_or_radial,1,False,status_unknown,degree_display_rounding,"{""status"": ""unknown"", ""value"": null}","{""status"": ""present"", ""value"": {""course_deg"": 356.5, ""type"": ""course_deg""}}"
A2,KCBF_L36,leg_2.Q4_course_or_radial,Q4_course_or_radial,2,False,status_unknown,exact_status_value,"{""status"": ""unknown"", ""value"": null}","{""status"": ""present"", ""value"": {""type"": ""direct""}}"
A2,KCBF_L36,leg_3.Q4_course_or_radial,Q4_course_or_radial,3,False,missing_leg_or_field,exact_status_value,null,"{""status"": ""not_applicable"", ""value"": null}"
A2,KCBF_L36,leg_3.Q5_hold_params,Q5_hold_params,3,False,missing_leg_or_field,exact_status_value,null,"{""status"": ""present"", ""value"": {""inbound_course_deg"": 284.0, ""leg_distance_nm"": null, ""leg_time_min"": 1.0, ""turn"": ""RIGHT""}}"
A2,KCBF_R36,leg_1.Q4_course_or_radial,Q4_course_or_radial,1,False,status_not_applicable,degree_display_rounding,"{""status"": ""not_applicable"", ""value"": null}","{""status"": ""present"", ""value"": {""course_deg"": 356.5, ""type"": ""course_deg""}}"
A2,KCBF_R36,leg_1.Q5_hold_params,Q5_hold_params,1,False,target_not_present_but_pred_present,exact_status_value,"{""status"": ""present"", ""value"": {""inbound_course_deg"": null, ""leg_distance_nm"": null, ""leg_time_min"": 1.0, ""turn"": ""RIGHT""}}","{""status"": ""not_applicable"", ""value"": null}"
A2,KCBF_R36,leg_2.Q4_course_or_radial,Q4_course_or_radial,2,False,status_not_applicable,exact_status_value,"{""status"": ""not_applicable"", ""value"": null}","{""status"": ""present"", ""value"": {""type"": ""direct""}}"
A2,KCBF_R36,leg_2.Q5_hold_params,Q5_hold_params,2,False,target_not_present_but_pred_present,exact_status_value,"{""status"": ""present"", ""value"": {""inbound_course_deg"": null, ""leg_distance_nm"": null, ""leg_time_min"": 1.0, ""turn"": ""RIGHT""}}","{""status"": ""not_applicable"", ""value"": null}"
A2,KCBF_R36,leg_3.Q4_course_or_radial,Q4_course_or_radial,3,False,missing_leg_or_field,exact_status_value,null,"{""status"": ""not_applicable"", ""value"": null}"
A2,KCBF_R36,leg_3.Q5_hold_params,Q5_hold_params,3,False,missing_leg_or_field,degree_display_rounding,null,"{""status"": ""present"", ""value"": {""inbound_course_deg"": 176.5, ""leg_distance_nm"": 4.0, ""leg_time_min"": null, ""turn"": ""RIGHT""}}"
A2,KCDI_R04,leg_1.Q4_course_or_radial,Q4_course_or_radial,1,False,status_unknown,degree_display_rounding,"{""status"": ""unknown"", ""value"": null}","{""status"": ""present"", ""value"": {""course_deg"": 40.1, ""type"": ""course_deg""}}"
A2,KCDI_R04,leg_2.Q4_course_or_radial,Q4_course_or_radial,2,False,status_not_applicable,exact_status_value,"{""status"": ""not_applicable"", ""value"": null}","{""status"": ""present"", ""value"": {""type"": ""direct""}}"
A2,KCDI_R04,leg_2.Q5_hold_params,Q5_hold_params,2,False,target_not_present_but_pred_present,exact_status_value,"{""status"": ""present"", ""value"": {""inbound_course_deg"": null, ""leg_distance_nm"": 4.0, ""leg_time_min"": null, ""turn"": ""RIGHT""}}","{""status"": ""not_applicable"", ""value"": null}"
A2,KCDI_R04,leg_3.Q4_course_or_radial,Q4_course_or_radial,3,False,missing_leg_or_field,exact_status_value,null,"{""status"": ""not_applicable"", ""value"": null}"
A2,KCDI_R04,leg_3.Q5_hold_params,Q5_hold_params,3,False,missing_leg_or_field,degree_display_rounding,null,"{""status"": ""present"", ""value"": {""inbound_course_deg"": 220.2, ""leg_distance_nm"": 4.0, ""leg_time_min"": null, ""turn"": ""RIGHT""}}"
A2,KCDS_R36,leg_1.Q4_course_or_radial,Q4_course_or_radial,1,False,missing_leg_or_field,degree_display_rounding,null,"{""status"": ""present"", ""value"": {""course_deg"": 355.9, ""type"": ""course_deg""}}"
A2,KCDS_R36,leg_2.Q4_course_or_radial,Q4_course_or_radial,2,False,missing_leg_or_field,exact_status_value,null,"{""status"": ""present"", ""value"": {""type"": ""direct""}}"
A2,KCDS_R36,leg_3.Q4_course_or_radial,Q4_course_or_radial,3,False,missing_leg_or_field,exact_status_value,null,"{""status"": ""not_applicable"", ""value"": null}"
A2,KCDS_R36,leg_3.Q5_hold_params,Q5_hold_params,3,False,missing_leg_or_field,degree_display_rounding,null,"{""status"": ""present"", ""value"": {""inbound_course_deg"": 57.7, ""leg_distance_nm"": 4.0, ""leg_time_min"": null, ""turn"": ""RIGHT""}}"
A2,KCEA_RNV-D,leg_1.Q4_course_or_radial,Q4_course_or_radial,1,False,status_not_applicable,degree_display_rounding,"{""status"": ""not_applicable"", ""value"": null}","{""status"": ""present"", ""value"": {""course_deg"": 279.8, ""type"": ""course_deg""}}"
A2,KCEA_RNV-D,leg_1.Q5_hold_params,Q5_hold_params,1,False,target_not_present_but_pred_present,exact_status_value,"{""status"": ""present"", ""value"": {""inbound_course_deg"": null, ""leg_distance_nm"": null, ""leg_time_min"": 1.0, ""turn"": ""RIGHT""}}","{""status"": ""not_applicable"", ""value"": null}"
A2,KCEA_RNV-D,leg_2.Q4_course_or_radial,Q4_course_or_radial,2,False,status_not_applicable,exact_status_value,"{""status"": ""not_applicable"", ""value"": null}","{""status"": ""present"", ""value"": {""type"": ""direct""}}"
A2,KCEA_RNV-D,leg_2.Q5_hold_params,Q5_hold_params,2,False,target_not_present_but_pred_present,exact_status_value,"{""status"": ""present"", ""value"": {""inbound_course_deg"": null, ""leg_distance_nm"": 5.0, ""leg_time_min"": null, ""turn"": ""RIGHT""}}","{""status"": ""not_applicable"", ""value"": null}"
A2,KCEA_RNV-D,leg_3.Q4_course_or_radial,Q4_course_or_radial,3,False,missing_leg_or_field,exact_status_value,null,"{""status"": ""not_applicable"", ""value"": null}"
A2,KCEA_RNV-D,leg_3.Q5_hold_params,Q5_hold_params,3,False,missing_leg_or_field,degree_display_rounding,null,"{""status"": ""present"", ""value"": {""inbound_course_deg"": 279.9, ""leg_distance_nm"": 5.0, ""leg_time_min"": null, ""turn"": ""RIGHT""}}"
A2,KCEC_L12,leg_1.Q4_course_or_radial,Q4_course_or_radial,1,False,missing_leg_or_field,degree_display_rounding,null,"{""status"": ""present"", ""value"": {""course_deg"": 119.2, ""type"": ""course_deg""}}"
A2,KCEC_L12,leg_2.Q4_course_or_radial,Q4_course_or_radial,2,False,missing_leg_or_field,degree_display_rounding,null,"{""status"": ""present"", ""value"": {""direction"": ""inbound"", ""navaid"": ""CEC"", ""radial_deg"": 165.8, ""type"": ""navaid_radial""}}"
A2,KCEC_L12,leg_3.Q4_course_or_radial,Q4_course_or_radial,3,False,missing_leg_or_field,exact_status_value,null,"{""status"": ""not_applicable"", ""value"": null}"
A2,KCEC_L12,leg_3.Q5_hold_params,Q5_hold_params,3,False,missing_leg_or_field,degree_display_rounding,null,"{""status"": ""present"", ""value"": {""inbound_course_deg"": 345.8, ""leg_distance_nm"": 4.0, ""leg_time_min"": null, ""turn"": ""LEFT""}}"
A2,KCGI_R10,leg_1.Q4_course_or_radial,Q4_course_or_radial,1,False,status_unknown,degree_display_rounding,"{""status"": ""unknown"", ""value"": null}","{""status"": ""present"", ""value"": {""course_deg"": 107.8, ""type"": ""course_deg""}}"
A2,KCGI_R10,leg_2.Q4_course_or_radial,Q4_course_or_radial,2,False,status_not_applicable,exact_status_value,"{""status"": ""not_applicable"", ""value"": null}","{""status"": ""present"", ""value"": {""type"": ""direct""}}"
A2,KCGI_R10,leg_2.Q5_hold_params,Q5_hold_params,2,False,target_not_present_but_pred_present,exact_status_value,"{""status"": ""present"", ""value"": {""inbound_course_deg"": null, ""leg_distance_nm"": null, ""leg_time_min"": 1.0, ""turn"": ""RIGHT""}}","{""status"": ""not_applicable"", ""value"": null}"
A2,KCGI_R10,leg_3.Q4_course_or_radial,Q4_course_or_radial,3,True,correct,exact_status_value,"{""status"": ""not_applicable"", ""value"": null}","{""status"": ""not_applicable"", ""value"": null}"
A2,KCGI_R10,leg_3.Q5_hold_params,Q5_hold_params,3,False,missing_inbound_course_deg,exact_status_value,"{""status"": ""present"", ""value"": {""inbound_course_deg"": null, ""leg_distance_nm"": null, ""leg_time_min"": 1.0, ""turn"": ""RIGHT""}}","{""status"": ""present"", ""value"": {""inbound_course_deg"": 288.0, ""leg_distance_nm"": 4.0, ""leg_time_min"": null, ""turn"": ""RIGHT""}}"
A2,KCHO_R03,leg_1.Q4_course_or_radial,Q4_course_or_radial,1,False,missing_leg_or_field,degree_display_rounding,null,"{""status"": ""present"", ""value"": {""course_deg"": 30.1, ""type"": ""course_deg""}}"
A2,KCHO_R03,leg_2.Q4_course_or_radial,Q4_course_or_radial,2,False,missing_leg_or_field,exact_status_value,null,"{""status"": ""present"", ""value"": {""type"": ""direct""}}"
A2,KCHO_R03,leg_3.Q4_course_or_radial,Q4_course_or_radial,3,False,missing_leg_or_field,exact_status_value,null,"{""status"": ""not_applicable"", ""value"": null}"
A2,KCHO_R03,leg_3.Q5_hold_params,Q5_hold_params,3,False,missing_leg_or_field,exact_status_value,null,"{""status"": ""present"", ""value"": {""inbound_course_deg"": 33.0, ""leg_distance_nm"": 4.0, ""leg_time_min"": null, ""turn"": ""RIGHT""}}"
A2,KCII_R33,leg_1.Q4_course_or_radial,Q4_course_or_radial,1,False,status_not_applicable,degree_display_rounding,"{""status"": ""not_applicable"", ""value"": null}","{""status"": ""present"", ""value"": {""course_deg"": 337.8, ""type"": ""course_deg""}}"
A2,KCII_R33,leg_1.Q5_hold_params,Q5_hold_params,1,False,target_not_present_but_pred_present,exact_status_value,"{""status"": ""present"", ""value"": {""inbound_course_deg"": null, ""leg_distance_nm"": null, ""leg_time_min"": 1.0, ""turn"": ""RIGHT""}}","{""status"": ""not_applicable"", ""value"": null}"
A2,KCII_R33,leg_2.Q4_course_or_radial,Q4_course_or_radial,2,False,status_unknown,exact_status_value,"{""status"": ""unknown"", ""value"": null}","{""status"": ""present"", ""value"": {""type"": ""direct""}}"
A2,KCII_R33,leg_3.Q4_course_or_radial,Q4_course_or_radial,3,True,correct,exact_status_value,"{""status"": ""not_applicable"", ""value"": null}","{""status"": ""not_applicable"", ""value"": null}"
A2,KCII_R33,leg_3.Q5_hold_params,Q5_hold_params,3,False,missing_inbound_course_deg,degree_display_rounding,"{""status"": ""present"", ""value"": {""inbound_course_deg"": null, ""leg_distance_nm"": 7.0, ""leg_time_min"": null, ""turn"": ""RIGHT""}}","{""status"": ""present"", ""value"": {""inbound_course_deg"": 147.7, ""leg_distance_nm"": 7.0, ""leg_time_min"": null, ""turn"": ""RIGHT""}}"
A2,KCJR_L04,leg_1.Q4_course_or_radial,Q4_course_or_radial,1,False,status_unknown,degree_display_rounding,"{""status"": ""unknown"", ""value"": null}","{""status"": ""present"", ""value"": {""course_deg"": 38.2, ""type"": ""course_deg""}}"
A2,KCJR_L04,leg_2.Q4_course_or_radial,Q4_course_or_radial,2,True,correct,degree_display_rounding,"{""status"": ""present"", ""value"": {""course_deg"": 180.0, ""type"": ""course_deg""}}","{""status"": ""present"", ""value"": {""course_deg"": 180.0, ""type"": ""course_deg""}}"
A2,KCJR_L04,leg_3.Q4_course_or_radial,Q4_course_or_radial,3,False,status_unknown,degree_display_rounding,"{""status"": ""unknown"", ""value"": null}","{""status"": ""present"", ""value"": {""direction"": ""inbound"", ""navaid"": ""GVE"", ""radial_deg"": 28.4, ""type"": ""navaid_radial""}}"
A2,KCJR_L04,leg_4.Q4_course_or_radial,Q4_course_or_radial,4,True,correct,exact_status_value,"{""status"": ""not_applicable"", ""value"": null}","{""status"": ""not_applicable"", ""value"": null}"
A2,KCJR_L04,leg_4.Q5_hold_params,Q5_hold_params,4,False,missing_inbound_course_deg,degree_display_rounding,"{""status"": ""present"", ""value"": {""inbound_course_deg"": null, ""leg_distance_nm"": null, ""leg_time_min"": 1.0, ""turn"": ""RIGHT""}}","{""status"": ""present"", ""value"": {""inbound_course_deg"": 28.4, ""leg_distance_nm"": null, ""leg_time_min"": 1.0, ""turn"": ""RIGHT""}}"
A2,KCMH_I10R,leg_1.Q4_course_or_radial,Q4_course_or_radial,1,False,status_unknown,degree_display_rounding,"{""status"": ""unknown"", ""value"": null}","{""status"": ""present"", ""value"": {""course_deg"": 101.2, ""type"": ""course_deg""}}"
A2,KCMH_I10R,leg_2.Q4_course_or_radial,Q4_course_or_radial,2,False,status_not_applicable,exact_status_value,"{""status"": ""not_applicable"", ""value"": null}","{""status"": ""present"", ""value"": {""type"": ""direct""}}"
A2,KCMH_I10R,leg_2.Q5_hold_params,Q5_hold_params,2,False,target_not_present_but_pred_present,exact_status_value,"{""status"": ""present"", ""value"": {""inbound_course_deg"": null, ""leg_distance_nm"": null, ""leg_time_min"": 1.0, ""turn"": ""RIGHT""}}","{""status"": ""not_applicable"", ""value"": null}"
A2,KCMH_I10R,leg_3.Q4_course_or_radial,Q4_course_or_radial,3,True,correct,exact_status_value,"{""status"": ""not_applicable"", ""value"": null}","{""status"": ""not_applicable"", ""value"": null}"
A2,KCMH_I10R,leg_3.Q5_hold_params,Q5_hold_params,3,False,missing_inbound_course_deg,exact_status_value,"{""status"": ""present"", ""value"": {""inbound_course_deg"": null, ""leg_distance_nm"": null, ""leg_time_min"": 1.0, ""turn"": ""RIGHT""}}","{""status"": ""present"", ""value"": {""inbound_course_deg"": 38.0, ""leg_distance_nm"": null, ""leg_time_min"": 1.0, ""turn"": ""LEFT""}}"
A2,KCNC_R10,leg_1.Q4_course_or_radial,Q4_course_or_radial,1,False,missing_leg_or_field,degree_display_rounding,null,"{""status"": ""present"", ""value"": {""course_deg"": 98.6, ""type"": ""course_deg""}}"
A2,KCNC_R10,leg_2.Q4_course_or_radial,Q4_course_or_radial,2,False,missing_leg_or_field,exact_status_value,null,"{""status"": ""present"", ""value"": {""type"": ""direct""}}"
A2,KCNC_R10,leg_3.Q4_course_or_radial,Q4_course_or_radial,3,False,missing_leg_or_field,exact_status_value,null,"{""status"": ""not_applicable"", ""value"": null}"
A2,KCNC_R10,leg_3.Q5_hold_params,Q5_hold_params,3,False,missing_leg_or_field,degree_display_rounding,null,"{""status"": ""present"", ""value"": {""inbound_course_deg"": 278.7, ""leg_distance_nm"": 4.0, ""leg_time_min"": null, ""turn"": ""RIGHT""}}"
A2,KCOI_R11,leg_1.Q4_course_or_radial,Q4_course_or_radial,1,False,status_unknown,degree_display_rounding,"{""status"": ""unknown"", ""value"": null}","{""status"": ""present"", ""value"": {""course_deg"": 114.3, ""type"": ""course_deg""}}"
A2,KCOI_R11,leg_2.Q4_course_or_radial,Q4_course_or_radial,2,True,correct,exact_status_value,"{""status"": ""present"", ""value"": {""type"": ""direct""}}","{""status"": ""present"", ""value"": {""type"": ""direct""}}"
A2,KCOI_R11,leg_3.Q4_course_or_radial,Q4_course_or_radial,3,True,correct,exact_status_value,"{""status"": ""not_applicable"", ""value"": null}","{""status"": ""not_applicable"", ""value"": null}"
A2,KCOI_R11,leg_3.Q5_hold_params,Q5_hold_params,3,False,target_not_present_but_pred_present,exact_status_value,"{""status"": ""present"", ""value"": {""inbound_course_deg"": null, ""leg_distance_nm"": null, ""leg_time_min"": 1.0, ""turn"": ""RIGHT""}}","{""status"": ""not_applicable"", ""value"": null}"
A2,KCOI_R11,leg_4.Q4_course_or_radial,Q4_course_or_radial,4,False,missing_leg_or_field,exact_status_value,null,"{""status"": ""not_applicable"", ""value"": null}"
A2,KCOI_R11,leg_4.Q5_hold_params,Q5_hold_params,4,False,missing_leg_or_field,exact_status_value,null,"{""status"": ""present"", ""value"": {""inbound_course_deg"": 18.0, ""leg_distance_nm"": 4.0, ""leg_time_min"": null, ""turn"": ""LEFT""}}"
A2,KCRS_R32,leg_1.Q4_course_or_radial,Q4_course_or_radial,1,False,status_unknown,degree_display_rounding,"{""status"": ""unknown"", ""value"": null}","{""status"": ""present"", ""value"": {""course_deg"": 319.1, ""type"": ""course_deg""}}"
A2,KCRS_R32,leg_2.Q4_course_or_radial,Q4_course_or_radial,2,False,status_not_applicable,exact_status_value,"{""status"": ""not_applicable"", ""value"": null}","{""status"": ""present"", ""value"": {""type"": ""direct""}}"
A2,KCRS_R32,leg_2.Q5_hold_params,Q5_hold_params,2,False,target_not_present_but_pred_present,exact_status_value,"{""status"": ""present"", ""value"": {""inbound_course_deg"": null, ""leg_distance_nm"": null, ""leg_time_min"": 1.0, ""turn"": ""RIGHT""}}","{""status"": ""not_applicable"", ""value"": null}"
A2,KCRS_R32,leg_3.Q4_course_or_radial,Q4_course_or_radial,3,False,missing_leg_or_field,exact_status_value,null,"{""status"": ""not_applicable"", ""value"": null}"
A2,KCRS_R32,leg_3.Q5_hold_params,Q5_hold_params,3,False,missing_leg_or_field,degree_display_rounding,null,"{""status"": ""present"", ""value"": {""inbound_course_deg"": 162.8, ""leg_distance_nm"": 4.0, ""leg_time_min"": null, ""turn"": ""RIGHT""}}"
A2,KCRW_L05,leg_1.Q4_course_or_radial,Q4_course_or_radial,1,False,status_unknown,degree_display_rounding,"{""status"": ""unknown"", ""value"": null}","{""status"": ""present"", ""value"": {""course_deg"": 51.7, ""type"": ""course_deg""}}"
A2,KCRW_L05,leg_2.Q4_course_or_radial,Q4_course_or_radial,2,False,status_not_applicable,exact_status_value,"{""status"": ""not_applicable"", ""value"": null}","{""status"": ""present"", ""value"": {""type"": ""direct""}}"
A2,KCRW_L05,leg_2.Q5_hold_params,Q5_hold_params,2,False,target_not_present_but_pred_present,exact_status_value,"{""status"": ""present"", ""value"": {""inbound_course_deg"": null, ""leg_distance_nm"": null, ""leg_time_min"": 1.0, ""turn"": ""LEFT""}}","{""status"": ""not_applicable"", ""value"": null}"
A2,KCRW_L05,leg_3.Q4_course_or_radial,Q4_course_or_radial,3,True,correct,exact_status_value,"{""status"": ""not_applicable"", ""value"": null}","{""status"": ""not_applicable"", ""value"": null}"
A2,KCRW_L05,leg_3.Q5_hold_params,Q5_hold_params,3,False,missing_inbound_course_deg,exact_status_value,"{""status"": ""present"", ""value"": {""inbound_course_deg"": null, ""leg_distance_nm"": null, ""leg_time_min"": 1.0, ""turn"": ""RIGHT""}}","{""status"": ""present"", ""value"": {""inbound_course_deg"": 81.0, ""leg_distance_nm"": null, ""leg_time_min"": 1.0, ""turn"": ""RIGHT""}}"
B1_prime_link,KAAA_R03,leg_1.Q4_course_or_radial,Q4_course_or_radial,1,False,status_not_observable,degree_display_rounding,"{""status"": ""not_observable"", ""value"": null}","{""status"": ""present"", ""value"": {""course_deg"": 35.3, ""type"": ""course_deg""}}"
B1_prime_link,KAAA_R03,leg_2.Q4_course_or_radial,Q4_course_or_radial,2,False,status_not_observable,exact_status_value,"{""status"": ""not_observable"", ""value"": null}","{""status"": ""present"", ""value"": {""type"": ""direct""}}"
B1_prime_link,KAAA_R03,leg_2.Q5_hold_params,Q5_hold_params,2,False,target_not_present_but_pred_present,exact_status_value,"{""status"": ""present"", ""value"": {""inbound_course_deg"": 215, ""leg_distance_nm"": null, ""leg_time_min"": null, ""turn"": null}}","{""status"": ""not_applicable"", ""value"": null}"
B1_prime_link,KAAA_R03,leg_3.Q4_course_or_radial,Q4_course_or_radial,3,False,missing_leg_or_field,exact_status_value,null,"{""status"": ""not_applicable"", ""value"": null}"
B1_prime_link,KAAA_R03,leg_3.Q5_hold_params,Q5_hold_params,3,False,missing_leg_or_field,degree_display_rounding,null,"{""status"": ""present"", ""value"": {""inbound_course_deg"": 215.4, ""leg_distance_nm"": 4.0, ""leg_time_min"": null, ""turn"": ""RIGHT""}}"
B1_prime_link,KAAA_R21,leg_1.Q4_course_or_radial,Q4_course_or_radial,1,False,status_not_observable,degree_display_rounding,"{""status"": ""not_observable"", ""value"": null}","{""status"": ""present"", ""value"": {""course_deg"": 215.3, ""type"": ""course_deg""}}"
B1_prime_link,KAAA_R21,leg_2.Q4_course_or_radial,Q4_course_or_radial,2,False,status_not_observable,exact_status_value,"{""status"": ""not_observable"", ""value"": null}","{""status"": ""present"", ""value"": {""type"": ""direct""}}"
B1_prime_link,KAAA_R21,leg_3.Q4_course_or_radial,Q4_course_or_radial,3,False,missing_leg_or_field,exact_status_value,null,"{""status"": ""not_applicable"", ""value"": null}"
B1_prime_link,KAAA_R21,leg_3.Q5_hold_params,Q5_hold_params,3,False,missing_leg_or_field,degree_display_rounding,null,"{""status"": ""present"", ""value"": {""inbound_course_deg"": 215.4, ""leg_distance_nm"": 4.0, ""leg_time_min"": null, ""turn"": ""RIGHT""}}"
B1_prime_link,KAAF_R06,leg_1.Q4_course_or_radial,Q4_course_or_radial,1,False,status_unknown,degree_display_rounding,"{""status"": ""unknown"", ""value"": null}","{""status"": ""present"", ""value"": {""course_deg"": 63.3, ""type"": ""course_deg""}}"
B1_prime_link,KAAF_R06,leg_2.Q4_course_or_radial,Q4_course_or_radial,2,False,status_unknown,exact_status_value,"{""status"": ""unknown"", ""value"": null}","{""status"": ""present"", ""value"": {""type"": ""direct""}}"
B1_prime_link,KAAF_R06,leg_3.Q4_course_or_radial,Q4_course_or_radial,3,False,missing_leg_or_field,exact_status_value,null,"{""status"": ""not_applicable"", ""value"": null}"
B1_prime_link,KAAF_R06,leg_3.Q5_hold_params,Q5_hold_params,3,False,missing_leg_or_field,degree_display_rounding,null,"{""status"": ""present"", ""value"": {""inbound_course_deg"": 243.4, ""leg_distance_nm"": 4.0, ""leg_time_min"": null, ""turn"": ""RIGHT""}}"
B1_prime_link,KAAF_R14,leg_1.Q4_course_or_radial,Q4_course_or_radial,1,False,status_not_observable,degree_display_rounding,"{""status"": ""not_observable"", ""value"": null}","{""status"": ""present"", ""value"": {""course_deg"": 138.3, ""type"": ""course_deg""}}"
B1_prime_link,KAAF_R14,leg_2.Q4_course_or_radial,Q4_course_or_radial,2,False,status_not_observable,exact_status_value,"{""status"": ""not_observable"", ""value"": null}","{""status"": ""present"", ""value"": {""type"": ""direct""}}"
B1_prime_link,KAAF_R14,leg_3.Q4_course_or_radial,Q4_course_or_radial,3,False,missing_leg_or_field,exact_status_value,null,"{""status"": ""not_applicable"", ""value"": null}"
B1_prime_link,KAAF_R14,leg_3.Q5_hold_params,Q5_hold_params,3,False,missing_leg_or_field,degree_display_rounding,null,"{""status"": ""present"", ""value"": {""inbound_course_deg"": 243.4, ""leg_distance_nm"": 4.0, ""leg_time_min"": null, ""turn"": ""RIGHT""}}"
B1_prime_link,KAAF_R24,leg_1.Q4_course_or_radial,Q4_course_or_radial,1,False,status_not_observable,degree_display_rounding,"{""status"": ""not_observable"", ""value"": null}","{""status"": ""present"", ""value"": {""course_deg"": 243.3, ""type"": ""course_deg""}}"
B1_prime_link,KAAF_R24,leg_2.Q4_course_or_radial,Q4_course_or_radial,2,False,status_not_observable,exact_status_value,"{""status"": ""not_observable"", ""value"": null}","{""status"": ""present"", ""value"": {""type"": ""direct""}}"
B1_prime_link,KAAF_R24,leg_3.Q4_course_or_radial,Q4_course_or_radial,3,False,status_not_observable,exact_status_value,"{""status"": ""not_observable"", ""value"": null}","{""status"": ""not_applicable"", ""value"": null}"
B1_prime_link,KAAF_R24,leg_3.Q5_hold_params,Q5_hold_params,3,False,status_unknown,degree_display_rounding,"{""status"": ""unknown"", ""value"": null}","{""status"": ""present"", ""value"": {""inbound_course_deg"": 138.3, ""leg_distance_nm"": 4.0, ""leg_time_min"": null, ""turn"": ""RIGHT""}}"
B1_prime_link,KAAS_R05,leg_1.Q4_course_or_radial,Q4_course_or_radial,1,False,status_unknown,degree_display_rounding,"{""status"": ""unknown"", ""value"": null}","{""status"": ""present"", ""value"": {""course_deg"": 54.9, ""type"": ""course_deg""}}"
B1_prime_link,KAAS_R05,leg_2.Q4_course_or_radial,Q4_course_or_radial,2,False,status_unknown,exact_status_value,"{""status"": ""unknown"", ""value"": null}","{""status"": ""present"", ""value"": {""type"": ""direct""}}"
B1_prime_link,KAAS_R05,leg_3.Q4_course_or_radial,Q4_course_or_radial,3,False,missing_leg_or_field,exact_status_value,null,"{""status"": ""not_applicable"", ""value"": null}"
B1_prime_link,KAAS_R05,leg_3.Q5_hold_params,Q5_hold_params,3,False,missing_leg_or_field,exact_status_value,null,"{""status"": ""present"", ""value"": {""inbound_course_deg"": 235.0, ""leg_distance_nm"": 4.0, ""leg_time_min"": null, ""turn"": ""RIGHT""}}"
B1_prime_link,KAAS_R23,leg_1.Q4_course_or_radial,Q4_course_or_radial,1,False,status_unknown,degree_display_rounding,"{""status"": ""unknown"", ""value"": null}","{""status"": ""present"", ""value"": {""course_deg"": 235.0, ""type"": ""course_deg""}}"
B1_prime_link,KAAS_R23,leg_2.Q4_course_or_radial,Q4_course_or_radial,2,False,status_unknown,exact_status_value,"{""status"": ""unknown"", ""value"": null}","{""status"": ""present"", ""value"": {""type"": ""direct""}}"
B1_prime_link,KAAS_R23,leg_3.Q4_course_or_radial,Q4_course_or_radial,3,False,missing_leg_or_field,exact_status_value,null,"{""status"": ""not_applicable"", ""value"": null}"
B1_prime_link,KAAS_R23,leg_3.Q5_hold_params,Q5_hold_params,3,False,missing_leg_or_field,degree_display_rounding,null,"{""status"": ""present"", ""value"": {""inbound_course_deg"": 54.8, ""leg_distance_nm"": 4.0, ""leg_time_min"": null, ""turn"": ""RIGHT""}}"
B1_prime_link,KABE_I06,leg_1.Q4_course_or_radial,Q4_course_or_radial,1,False,status_unknown,degree_display_rounding,"{""status"": ""unknown"", ""value"": null}","{""status"": ""present"", ""value"": {""course_deg"": 63.3, ""type"": ""course_deg""}}"
B1_prime_link,KABE_I06,leg_2.Q4_course_or_radial,Q4_course_or_radial,2,False,status_unknown,degree_display_rounding,"{""status"": ""unknown"", ""value"": null}","{""status"": ""present"", ""value"": {""direction"": ""inbound"", ""navaid"": ""STW"", ""radial_deg"": 243.1, ""type"": ""navaid_radial""}}"
B1_prime_link,KABE_I06,leg_3.Q4_course_or_radial,Q4_course_or_radial,3,False,missing_leg_or_field,exact_status_value,null,"{""status"": ""not_applicable"", ""value"": null}"
B1_prime_link,KABE_I06,leg_3.Q5_hold_params,Q5_hold_params,3,False,missing_leg_or_field,degree_display_rounding,null,"{""status"": ""present"", ""value"": {""inbound_course_deg"": 243.1, ""leg_distance_nm"": null, ""leg_time_min"": 1.0, ""turn"": ""RIGHT""}}"
B1_prime_link,KABE_R13,leg_1.Q4_course_or_radial,Q4_course_or_radial,1,False,status_not_observable,degree_display_rounding,"{""status"": ""not_observable"", ""value"": null}","{""status"": ""present"", ""value"": {""course_deg"": 134.9, ""type"": ""course_deg""}}"
B1_prime_link,KABE_R13,leg_2.Q4_course_or_radial,Q4_course_or_radial,2,False,status_unknown,exact_status_value,"{""status"": ""unknown"", ""value"": null}","{""status"": ""present"", ""value"": {""type"": ""direct""}}"
B1_prime_link,KABE_R13,leg_3.Q4_course_or_radial,Q4_course_or_radial,3,True,correct,exact_status_value,"{""status"": ""not_applicable"", ""value"": null}","{""status"": ""not_applicable"", ""value"": null}"
B1_prime_link,KABE_R13,leg_3.Q5_hold_params,Q5_hold_params,3,False,target_not_present_but_pred_present,exact_status_value,"{""status"": ""present"", ""value"": {""inbound_course_deg"": null, ""leg_distance_nm"": null, ""leg_time_min"": null, ""turn"": null}}","{""status"": ""not_applicable"", ""value"": null}"
B1_prime_link,KABE_R13,leg_4.Q4_course_or_radial,Q4_course_or_radial,4,False,missing_leg_or_field,exact_status_value,null,"{""status"": ""not_applicable"", ""value"": null}"
B1_prime_link,KABE_R13,leg_4.Q5_hold_params,Q5_hold_params,4,False,missing_leg_or_field,degree_display_rounding,null,"{""status"": ""present"", ""value"": {""inbound_course_deg"": 115.1, ""leg_distance_nm"": 4.0, ""leg_time_min"": null, ""turn"": ""RIGHT""}}"
B1_prime_link,KABI_R17L,leg_1.Q4_course_or_radial,Q4_course_or_radial,1,False,status_unknown,degree_display_rounding,"{""status"": ""unknown"", ""value"": null}","{""status"": ""present"", ""value"": {""course_deg"": 174.8, ""type"": ""course_deg""}}"
B1_prime_link,KABI_R17L,leg_2.Q4_course_or_radial,Q4_course_or_radial,2,False,status_unknown,exact_status_value,"{""status"": ""unknown"", ""value"": null}","{""status"": ""present"", ""value"": {""type"": ""direct""}}"
B1_prime_link,KABI_R17L,leg_3.Q4_course_or_radial,Q4_course_or_radial,3,False,missing_leg_or_field,exact_status_value,null,"{""status"": ""not_applicable"", ""value"": null}"
B1_prime_link,KABI_R17L,leg_3.Q5_hold_params,Q5_hold_params,3,False,missing_leg_or_field,degree_display_rounding,null,"{""status"": ""present"", ""value"": {""inbound_course_deg"": 354.8, ""leg_distance_nm"": 4.0, ""leg_time_min"": null, ""turn"": ""RIGHT""}}"
B1_prime_link,KABI_R35R,leg_1.Q4_course_or_radial,Q4_course_or_radial,1,False,status_unknown,degree_display_rounding,"{""status"": ""unknown"", ""value"": null}","{""status"": ""present"", ""value"": {""course_deg"": 354.8, ""type"": ""course_deg""}}"
B1_prime_link,KABI_R35R,leg_2.Q4_course_or_radial,Q4_course_or_radial,2,False,status_unknown,exact_status_value,"{""status"": ""unknown"", ""value"": null}","{""status"": ""present"", ""value"": {""type"": ""direct""}}"
B1_prime_link,KABI_R35R,leg_3.Q4_course_or_radial,Q4_course_or_radial,3,False,missing_leg_or_field,exact_status_value,null,"{""status"": ""not_applicable"", ""value"": null}"
B1_prime_link,KABI_R35R,leg_3.Q5_hold_params,Q5_hold_params,3,False,missing_leg_or_field,degree_display_rounding,null,"{""status"": ""present"", ""value"": {""inbound_course_deg"": 174.8, ""leg_distance_nm"": 4.0, ""leg_time_min"": null, ""turn"": ""RIGHT""}}"
B1_prime_link,KABR_R13,leg_1.Q4_course_or_radial,Q4_course_or_radial,1,False,status_unknown,degree_display_rounding,"{""status"": ""unknown"", ""value"": null}","{""status"": ""present"", ""value"": {""course_deg"": 128.0, ""type"": ""course_deg""}}"
B1_prime_link,KABR_R13,leg_2.Q4_course_or_radial,Q4_course_or_radial,2,False,status_unknown,exact_status_value,"{""status"": ""unknown"", ""value"": null}","{""status"": ""present"", ""value"": {""type"": ""direct""}}"
B1_prime_link,KABR_R13,leg_3.Q4_course_or_radial,Q4_course_or_radial,3,False,missing_leg_or_field,exact_status_value,null,"{""status"": ""not_applicable"", ""value"": null}"
B1_prime_link,KABR_R13,leg_3.Q5_hold_params,Q5_hold_params,3,False,missing_leg_or_field,degree_display_rounding,null,"{""status"": ""present"", ""value"": {""inbound_course_deg"": 308.2, ""leg_distance_nm"": 4.0, ""leg_time_min"": null, ""turn"": ""RIGHT""}}"
B1_prime_link,KABR_R17,leg_1.Q4_course_or_radial,Q4_course_or_radial,1,False,status_unknown,degree_display_rounding,"{""status"": ""unknown"", ""value"": null}","{""status"": ""present"", ""value"": {""course_deg"": 172.9, ""type"": ""course_deg""}}"
B1_prime_link,KABR_R17,leg_2.Q4_course_or_radial,Q4_course_or_radial,2,False,status_unknown,exact_status_value,"{""status"": ""unknown"", ""value"": null}","{""status"": ""present"", ""value"": {""type"": ""direct""}}"
B1_prime_link,KABR_R17,leg_3.Q4_course_or_radial,Q4_course_or_radial,3,False,missing_leg_or_field,exact_status_value,null,"{""status"": ""not_applicable"", ""value"": null}"
B1_prime_link,KABR_R17,leg_3.Q5_hold_params,Q5_hold_params,3,False,missing_leg_or_field,degree_display_rounding,null,"{""status"": ""present"", ""value"": {""inbound_course_deg"": 352.9, ""leg_distance_nm"": 4.0, ""leg_time_min"": null, ""turn"": ""RIGHT""}}"
B1_prime_link,KABR_R31,leg_1.Q4_course_or_radial,Q4_course_or_radial,1,False,status_unknown,degree_display_rounding,"{""status"": ""unknown"", ""value"": null}","{""status"": ""present"", ""value"": {""course_deg"": 308.1, ""type"": ""course_deg""}}"
B1_prime_link,KABR_R31,leg_2.Q4_course_or_radial,Q4_course_or_radial,2,False,status_unknown,exact_status_value,"{""status"": ""unknown"", ""value"": null}","{""status"": ""present"", ""value"": {""type"": ""direct""}}"
B1_prime_link,KABR_R31,leg_3.Q4_course_or_radial,Q4_course_or_radial,3,False,missing_leg_or_field,exact_status_value,null,"{""status"": ""not_applicable"", ""value"": null}"
B1_prime_link,KABR_R31,leg_3.Q5_hold_params,Q5_hold_params,3,False,missing_leg_or_field,degree_display_rounding,null,"{""status"": ""present"", ""value"": {""inbound_course_deg"": 127.9, ""leg_distance_nm"": 4.0, ""leg_time_min"": null, ""turn"": ""RIGHT""}}"
B1_prime_link,KABY_R05,leg_1.Q4_course_or_radial,Q4_course_or_radial,1,False,status_not_applicable,degree_display_rounding,"{""status"": ""not_applicable"", ""value"": null}","{""status"": ""present"", ""value"": {""course_deg"": 47.1, ""type"": ""course_deg""}}"
B1_prime_link,KABY_R05,leg_2.Q4_course_or_radial,Q4_course_or_radial,2,False,status_unknown,exact_status_value,"{""status"": ""unknown"", ""value"": null}","{""status"": ""present"", ""value"": {""type"": ""direct""}}"
B1_prime_link,KABY_R05,leg_3.Q4_course_or_radial,Q4_course_or_radial,3,False,status_unknown,exact_status_value,"{""status"": ""unknown"", ""value"": null}","{""status"": ""not_applicable"", ""value"": null}"
B1_prime_link,KABY_R05,leg_4.Q4_course_or_radial,Q4_course_or_radial,4,False,missing_leg_or_field,exact_status_value,null,"{""status"": ""not_applicable"", ""value"": null}"
B1_prime_link,KABY_R05,leg_4.Q5_hold_params,Q5_hold_params,4,False,missing_leg_or_field,degree_display_rounding,null,"{""status"": ""present"", ""value"": {""inbound_course_deg"": 60.7, ""leg_distance_nm"": 4.0, ""leg_time_min"": null, ""turn"": ""RIGHT""}}"
B1_prime_link,KACJ_R05,leg_1.Q4_course_or_radial,Q4_course_or_radial,1,False,status_not_observable,degree_display_rounding,"{""status"": ""not_observable"", ""value"": null}","{""status"": ""present"", ""value"": {""course_deg"": 49.8, ""type"": ""course_deg""}}"
B1_prime_link,KACJ_R05,leg_2.Q4_course_or_radial,Q4_course_or_radial,2,False,status_not_observable,exact_status_value,"{""status"": ""not_observable"", ""value"": null}","{""status"": ""present"", ""value"": {""type"": ""direct""}}"
B1_prime_link,KACJ_R05,leg_3.Q4_course_or_radial,Q4_course_or_radial,3,False,missing_leg_or_field,exact_status_value,null,"{""status"": ""not_applicable"", ""value"": null}"
B1_prime_link,KACJ_R05,leg_3.Q5_hold_params,Q5_hold_params,3,False,missing_leg_or_field,degree_display_rounding,null,"{""status"": ""present"", ""value"": {""inbound_course_deg"": 229.9, ""leg_distance_nm"": 4.0, ""leg_time_min"": null, ""turn"": ""RIGHT""}}"
B1_prime_link,KACJ_R23,leg_1.Q4_course_or_radial,Q4_course_or_radial,1,False,status_not_observable,degree_display_rounding,"{""status"": ""not_observable"", ""value"": null}","{""status"": ""present"", ""value"": {""course_deg"": 229.9, ""type"": ""course_deg""}}"
B1_prime_link,KACJ_R23,leg_2.Q4_course_or_radial,Q4_course_or_radial,2,False,status_not_observable,exact_status_value,"{""status"": ""not_observable"", ""value"": null}","{""status"": ""present"", ""value"": {""type"": ""direct""}}"
B1_prime_link,KACJ_R23,leg_2.Q5_hold_params,Q5_hold_params,2,False,target_not_present_but_pred_present,exact_status_value,"{""status"": ""present"", ""value"": {""inbound_course_deg"": null, ""leg_distance_nm"": null, ""leg_time_min"": null, ""turn"": null}}","{""status"": ""not_applicable"", ""value"": null}"
B1_prime_link,KACJ_R23,leg_3.Q4_course_or_radial,Q4_course_or_radial,3,False,missing_leg_or_field,exact_status_value,null,"{""status"": ""not_applicable"", ""value"": null}"
B1_prime_link,KACJ_R23,leg_3.Q5_hold_params,Q5_hold_params,3,False,missing_leg_or_field,degree_display_rounding,null,"{""status"": ""present"", ""value"": {""inbound_course_deg"": 49.8, ""leg_distance_nm"": 4.0, ""leg_time_min"": null, ""turn"": ""RIGHT""}}"
B1_prime_link,KACK_R06,leg_1.Q4_course_or_radial,Q4_course_or_radial,1,False,status_not_observable,degree_display_rounding,"{""status"": ""not_observable"", ""value"": null}","{""status"": ""present"", ""value"": {""course_deg"": 59.0, ""type"": ""course_deg""}}"
B1_prime_link,KACK_R06,leg_2.Q4_course_or_radial,Q4_course_or_radial,2,False,status_not_observable,exact_status_value,"{""status"": ""not_observable"", ""value"": null}","{""status"": ""present"", ""value"": {""type"": ""direct""}}"
B1_prime_link,KACK_R06,leg_3.Q4_course_or_radial,Q4_course_or_radial,3,False,missing_leg_or_field,exact_status_value,null,"{""status"": ""not_applicable"", ""value"": null}"
B1_prime_link,KACK_R06,leg_3.Q5_hold_params,Q5_hold_params,3,False,missing_leg_or_field,degree_display_rounding,null,"{""status"": ""present"", ""value"": {""inbound_course_deg"": 291.6, ""leg_distance_nm"": 4.0, ""leg_time_min"": null, ""turn"": ""RIGHT""}}"
B1_prime_link,KACK_R15,leg_1.Q4_course_or_radial,Q4_course_or_radial,1,False,status_unknown,degree_display_rounding,"{""status"": ""unknown"", ""value"": null}","{""status"": ""present"", ""value"": {""course_deg"": 149.0, ""type"": ""course_deg""}}"
B1_prime_link,KACK_R15,leg_2.Q4_course_or_radial,Q4_course_or_radial,2,False,status_unknown,exact_status_value,"{""status"": ""unknown"", ""value"": null}","{""status"": ""present"", ""value"": {""type"": ""direct""}}"
B1_prime_link,KACK_R15,leg_3.Q4_course_or_radial,Q4_course_or_radial,3,False,missing_leg_or_field,exact_status_value,null,"{""status"": ""not_applicable"", ""value"": null}"
B1_prime_link,KACK_R15,leg_3.Q5_hold_params,Q5_hold_params,3,False,missing_leg_or_field,degree_display_rounding,null,"{""status"": ""present"", ""value"": {""inbound_course_deg"": 329.1, ""leg_distance_nm"": 4.0, ""leg_time_min"": null, ""turn"": ""RIGHT""}}"
B1_prime_link,KACK_R33,leg_1.Q4_course_or_radial,Q4_course_or_radial,1,False,status_not_applicable,degree_display_rounding,"{""status"": ""not_applicable"", ""value"": null}","{""status"": ""present"", ""value"": {""course_deg"": 329.1, ""type"": ""course_deg""}}"
B1_prime_link,KACK_R33,leg_2.Q4_course_or_radial,Q4_course_or_radial,2,False,status_not_applicable,exact_status_value,"{""status"": ""not_applicable"", ""value"": null}","{""status"": ""present"", ""value"": {""type"": ""direct""}}"
B1_prime_link,KACK_R33,leg_3.Q4_course_or_radial,Q4_course_or_radial,3,False,status_unknown,exact_status_value,"{""status"": ""unknown"", ""value"": null}","{""status"": ""not_applicable"", ""value"": null}"
B1_prime_link,KACK_R33,leg_4.Q4_course_or_radial,Q4_course_or_radial,4,False,missing_leg_or_field,exact_status_value,null,"{""status"": ""not_applicable"", ""value"": null}"
B1_prime_link,KACK_R33,leg_4.Q5_hold_params,Q5_hold_params,4,False,missing_leg_or_field,exact_status_value,null,"{""status"": ""present"", ""value"": {""inbound_course_deg"": 90.0, ""leg_distance_nm"": 4.0, ""leg_time_min"": null, ""turn"": ""LEFT""}}"
B1_prime_link,KACP_R18,leg_1.Q4_course_or_radial,Q4_course_or_radial,1,False,status_unknown,degree_display_rounding,"{""status"": ""unknown"", ""value"": null}","{""status"": ""present"", ""value"": {""course_deg"": 177.5, ""type"": ""course_deg""}}"
B1_prime_link,KACP_R18,leg_2.Q4_course_or_radial,Q4_course_or_radial,2,False,status_unknown,exact_status_value,"{""status"": ""unknown"", ""value"": null}","{""status"": ""present"", ""value"": {""type"": ""direct""}}"
B1_prime_link,KACP_R18,leg_3.Q4_course_or_radial,Q4_course_or_radial,3,False,missing_leg_or_field,exact_status_value,null,"{""status"": ""not_applicable"", ""value"": null}"
B1_prime_link,KACP_R18,leg_3.Q5_hold_params,Q5_hold_params,3,False,missing_leg_or_field,degree_display_rounding,null,"{""status"": ""present"", ""value"": {""inbound_course_deg"": 357.5, ""leg_distance_nm"": 4.0, ""leg_time_min"": null, ""turn"": ""RIGHT""}}"
B1_prime_link,KACP_R36,leg_1.Q4_course_or_radial,Q4_course_or_radial,1,False,status_unknown,degree_display_rounding,"{""status"": ""unknown"", ""value"": null}","{""status"": ""present"", ""value"": {""course_deg"": 357.5, ""type"": ""course_deg""}}"
B1_prime_link,KACP_R36,leg_2.Q4_course_or_radial,Q4_course_or_radial,2,False,status_unknown,exact_status_value,"{""status"": ""unknown"", ""value"": null}","{""status"": ""present"", ""value"": {""type"": ""direct""}}"
B1_prime_link,KACP_R36,leg_3.Q4_course_or_radial,Q4_course_or_radial,3,False,missing_leg_or_field,exact_status_value,null,"{""status"": ""not_applicable"", ""value"": null}"
B1_prime_link,KACP_R36,leg_3.Q5_hold_params,Q5_hold_params,3,False,missing_leg_or_field,degree_display_rounding,null,"{""status"": ""present"", ""value"": {""inbound_course_deg"": 177.5, ""leg_distance_nm"": 4.0, ""leg_time_min"": null, ""turn"": ""RIGHT""}}"
B1_prime_link,KACQ_R15,leg_1.Q4_course_or_radial,Q4_course_or_radial,1,False,status_unknown,degree_display_rounding,"{""status"": ""unknown"", ""value"": null}","{""status"": ""present"", ""value"": {""course_deg"": 152.1, ""type"": ""course_deg""}}"
B1_prime_link,KACQ_R15,leg_2.Q4_course_or_radial,Q4_course_or_radial,2,False,status_unknown,exact_status_value,"{""status"": ""unknown"", ""value"": null}","{""status"": ""present"", ""value"": {""type"": ""direct""}}"
B1_prime_link,KACQ_R15,leg_3.Q4_course_or_radial,Q4_course_or_radial,3,False,missing_leg_or_field,exact_status_value,null,"{""status"": ""not_applicable"", ""value"": null}"
B1_prime_link,KACQ_R15,leg_3.Q5_hold_params,Q5_hold_params,3,False,missing_leg_or_field,degree_display_rounding,null,"{""status"": ""present"", ""value"": {""inbound_course_deg"": 332.2, ""leg_distance_nm"": 4.0, ""leg_time_min"": null, ""turn"": ""RIGHT""}}"
B1_prime_link,KACQ_R33,leg_1.Q4_course_or_radial,Q4_course_or_radial,1,False,status_unknown,degree_display_rounding,"{""status"": ""unknown"", ""value"": null}","{""status"": ""present"", ""value"": {""course_deg"": 332.2, ""type"": ""course_deg""}}"
B1_prime_link,KACQ_R33,leg_2.Q4_course_or_radial,Q4_course_or_radial,2,False,status_unknown,exact_status_value,"{""status"": ""unknown"", ""value"": null}","{""status"": ""present"", ""value"": {""type"": ""direct""}}"
B1_prime_link,KACQ_R33,leg_3.Q4_course_or_radial,Q4_course_or_radial,3,False,missing_leg_or_field,exact_status_value,null,"{""status"": ""not_applicable"", ""value"": null}"
B1_prime_link,KACQ_R33,leg_3.Q5_hold_params,Q5_hold_params,3,False,missing_leg_or_field,degree_display_rounding,null,"{""status"": ""present"", ""value"": {""inbound_course_deg"": 152.1, ""leg_distance_nm"": 4.0, ""leg_time_min"": null, ""turn"": ""RIGHT""}}"
B1_prime_link,KACY_R04,leg_1.Q4_course_or_radial,Q4_course_or_radial,1,False,status_not_applicable,degree_display_rounding,"{""status"": ""not_applicable"", ""value"": null}","{""status"": ""present"", ""value"": {""course_deg"": 38.0, ""type"": ""course_deg""}}"
B1_prime_link,KACY_R04,leg_2.Q4_course_or_radial,Q4_course_or_radial,2,False,status_not_applicable,exact_status_value,"{""status"": ""not_applicable"", ""value"": null}","{""status"": ""present"", ""value"": {""type"": ""direct""}}"
B1_prime_link,KACY_R04,leg_3.Q4_course_or_radial,Q4_course_or_radial,3,True,correct,exact_status_value,"{""status"": ""not_applicable"", ""value"": null}","{""status"": ""not_applicable"", ""value"": null}"
B1_prime_link,KACY_R04,leg_3.Q5_hold_params,Q5_hold_params,3,False,status_unknown,exact_status_value,"{""status"": ""unknown"", ""value"": null}","{""status"": ""present"", ""value"": {""inbound_course_deg"": 270.0, ""leg_distance_nm"": 6.0, ""leg_time_min"": null, ""turn"": ""RIGHT""}}"
B1_prime_link,KACY_R31-Y,leg_1.Q4_course_or_radial,Q4_course_or_radial,1,False,status_unknown,degree_display_rounding,"{""status"": ""unknown"", ""value"": null}","{""status"": ""present"", ""value"": {""course_deg"": 308.1, ""type"": ""course_deg""}}"
B1_prime_link,KACY_R31-Y,leg_2.Q4_course_or_radial,Q4_course_or_radial,2,False,status_unknown,exact_status_value,"{""status"": ""unknown"", ""value"": null}","{""status"": ""present"", ""value"": {""type"": ""direct""}}"
B1_prime_link,KACY_R31-Y,leg_3.Q4_course_or_radial,Q4_course_or_radial,3,False,status_unknown,exact_status_value,"{""status"": ""unknown"", ""value"": null}","{""status"": ""not_applicable"", ""value"": null}"
B1_prime_link,KACY_R31-Y,leg_4.Q4_course_or_radial,Q4_course_or_radial,4,False,missing_leg_or_field,exact_status_value,null,"{""status"": ""not_applicable"", ""value"": null}"
B1_prime_link,KACY_R31-Y,leg_4.Q5_hold_params,Q5_hold_params,4,False,missing_leg_or_field,degree_display_rounding,null,"{""status"": ""present"", ""value"": {""inbound_course_deg"": 37.8, ""leg_distance_nm"": 6.0, ""leg_time_min"": null, ""turn"": ""RIGHT""}}"
B1_prime_link,KADC_R16,leg_1.Q4_course_or_radial,Q4_course_or_radial,1,False,status_unknown,degree_display_rounding,"{""status"": ""unknown"", ""value"": null}","{""status"": ""present"", ""value"": {""course_deg"": 159.3, ""type"": ""course_deg""}}"
B1_prime_link,KADC_R16,leg_2.Q4_course_or_radial,Q4_course_or_radial,2,False,status_unknown,exact_status_value,"{""status"": ""unknown"", ""value"": null}","{""status"": ""present"", ""value"": {""type"": ""direct""}}"
B1_prime_link,KADC_R16,leg_3.Q4_course_or_radial,Q4_course_or_radial,3,False,missing_leg_or_field,exact_status_value,null,"{""status"": ""not_applicable"", ""value"": null}"
B1_prime_link,KADC_R16,leg_3.Q5_hold_params,Q5_hold_params,3,False,missing_leg_or_field,degree_display_rounding,null,"{""status"": ""present"", ""value"": {""inbound_course_deg"": 339.4, ""leg_distance_nm"": 4.0, ""leg_time_min"": null, ""turn"": ""RIGHT""}}"
B1_prime_link,KADC_R34,leg_1.Q4_course_or_radial,Q4_course_or_radial,1,False,status_unknown,degree_display_rounding,"{""status"": ""unknown"", ""value"": null}","{""status"": ""present"", ""value"": {""course_deg"": 339.3, ""type"": ""course_deg""}}"
B1_prime_link,KADC_R34,leg_2.Q4_course_or_radial,Q4_course_or_radial,2,False,status_unknown,exact_status_value,"{""status"": ""unknown"", ""value"": null}","{""status"": ""present"", ""value"": {""type"": ""direct""}}"
B1_prime_link,KADC_R34,leg_3.Q4_course_or_radial,Q4_course_or_radial,3,False,missing_leg_or_field,exact_status_value,null,"{""status"": ""not_applicable"", ""value"": null}"
B1_prime_link,KADC_R34,leg_3.Q5_hold_params,Q5_hold_params,3,False,missing_leg_or_field,degree_display_rounding,null,"{""status"": ""present"", ""value"": {""inbound_course_deg"": 159.2, ""leg_distance_nm"": 4.0, ""leg_time_min"": null, ""turn"": ""RIGHT""}}"
B1_prime_link,KADF_R04,leg_1.Q4_course_or_radial,Q4_course_or_radial,1,False,status_not_observable,degree_display_rounding,"{""status"": ""not_observable"", ""value"": null}","{""status"": ""present"", ""value"": {""course_deg"": 40.2, ""type"": ""course_deg""}}"
B1_prime_link,KADF_R04,leg_2.Q4_course_or_radial,Q4_course_or_radial,2,False,status_not_observable,exact_status_value,"{""status"": ""not_observable"", ""value"": null}","{""status"": ""present"", ""value"": {""type"": ""direct""}}"
B1_prime_link,KADF_R04,leg_3.Q4_course_or_radial,Q4_course_or_radial,3,False,missing_leg_or_field,exact_status_value,null,"{""status"": ""not_applicable"", ""value"": null}"
B1_prime_link,KADF_R04,leg_3.Q5_hold_params,Q5_hold_params,3,False,missing_leg_or_field,degree_display_rounding,null,"{""status"": ""present"", ""value"": {""inbound_course_deg"": 220.3, ""leg_distance_nm"": 4.0, ""leg_time_min"": null, ""turn"": ""RIGHT""}}"
B1_prime_link,KADF_R22,leg_1.Q4_course_or_radial,Q4_course_or_radial,1,False,status_unknown,degree_display_rounding,"{""status"": ""unknown"", ""value"": null}","{""status"": ""present"", ""value"": {""course_deg"": 220.3, ""type"": ""course_deg""}}"
B1_prime_link,KADF_R22,leg_2.Q4_course_or_radial,Q4_course_or_radial,2,False,status_unknown,exact_status_value,"{""status"": ""unknown"", ""value"": null}","{""status"": ""present"", ""value"": {""type"": ""direct""}}"
B1_prime_link,KADF_R22,leg_3.Q4_course_or_radial,Q4_course_or_radial,3,False,missing_leg_or_field,exact_status_value,null,"{""status"": ""not_applicable"", ""value"": null}"
B1_prime_link,KADF_R22,leg_3.Q5_hold_params,Q5_hold_params,3,False,missing_leg_or_field,degree_display_rounding,null,"{""status"": ""present"", ""value"": {""inbound_course_deg"": 40.1, ""leg_distance_nm"": 4.0, ""leg_time_min"": null, ""turn"": ""LEFT""}}"
B1_prime_link,KADH_R18,leg_1.Q4_course_or_radial,Q4_course_or_radial,1,False,status_unknown,degree_display_rounding,"{""status"": ""unknown"", ""value"": null}","{""status"": ""present"", ""value"": {""course_deg"": 177.0, ""type"": ""course_deg""}}"
B1_prime_link,KADH_R18,leg_2.Q4_course_or_radial,Q4_course_or_radial,2,False,status_unknown,exact_status_value,"{""status"": ""unknown"", ""value"": null}","{""status"": ""present"", ""value"": {""type"": ""direct""}}"
B1_prime_link,KADH_R18,leg_2.Q5_hold_params,Q5_hold_params,2,False,target_not_present_but_pred_present,exact_status_value,"{""status"": ""present"", ""value"": {""inbound_course_deg"": 177, ""leg_distance_nm"": null, ""leg_time_min"": null, ""turn"": null}}","{""status"": ""not_applicable"", ""value"": null}"
B1_prime_link,KADH_R18,leg_3.Q4_course_or_radial,Q4_course_or_radial,3,False,missing_leg_or_field,exact_status_value,null,"{""status"": ""not_applicable"", ""value"": null}"
B1_prime_link,KADH_R18,leg_3.Q5_hold_params,Q5_hold_params,3,False,missing_leg_or_field,exact_status_value,null,"{""status"": ""present"", ""value"": {""inbound_course_deg"": 357.0, ""leg_distance_nm"": 4.0, ""leg_time_min"": null, ""turn"": ""RIGHT""}}"
B1_prime_link,KADH_R36,leg_1.Q4_course_or_radial,Q4_course_or_radial,1,False,status_not_applicable,degree_display_rounding,"{""status"": ""not_applicable"", ""value"": null}","{""status"": ""present"", ""value"": {""course_deg"": 357.0, ""type"": ""course_deg""}}"
B1_prime_link,KADH_R36,leg_2.Q4_course_or_radial,Q4_course_or_radial,2,False,status_not_applicable,exact_status_value,"{""status"": ""not_applicable"", ""value"": null}","{""status"": ""present"", ""value"": {""type"": ""direct""}}"
B1_prime_link,KADH_R36,leg_3.Q4_course_or_radial,Q4_course_or_radial,3,False,missing_leg_or_field,exact_status_value,null,"{""status"": ""not_applicable"", ""value"": null}"
B1_prime_link,KADH_R36,leg_3.Q5_hold_params,Q5_hold_params,3,False,missing_leg_or_field,exact_status_value,null,"{""status"": ""present"", ""value"": {""inbound_course_deg"": 177.0, ""leg_distance_nm"": 4.0, ""leg_time_min"": null, ""turn"": ""RIGHT""}}"
B1_prime_link,KADM_R13,leg_1.Q4_course_or_radial,Q4_course_or_radial,1,False,status_not_observable,degree_display_rounding,"{""status"": ""not_observable"", ""value"": null}","{""status"": ""present"", ""value"": {""course_deg"": 129.4, ""type"": ""course_deg""}}"
B1_prime_link,KADM_R13,leg_2.Q4_course_or_radial,Q4_course_or_radial,2,False,status_not_observable,exact_status_value,"{""status"": ""not_observable"", ""value"": null}","{""status"": ""present"", ""value"": {""type"": ""direct""}}"
B1_prime_link,KADM_R13,leg_3.Q4_course_or_radial,Q4_course_or_radial,3,False,missing_leg_or_field,exact_status_value,null,"{""status"": ""not_applicable"", ""value"": null}"
B1_prime_link,KADM_R13,leg_3.Q5_hold_params,Q5_hold_params,3,False,missing_leg_or_field,degree_display_rounding,null,"{""status"": ""present"", ""value"": {""inbound_course_deg"": 309.5, ""leg_distance_nm"": 4.0, ""leg_time_min"": null, ""turn"": ""RIGHT""}}"
B1_prime_link,KADM_R31,leg_1.Q4_course_or_radial,Q4_course_or_radial,1,False,status_unknown,degree_display_rounding,"{""status"": ""unknown"", ""value"": null}","{""status"": ""present"", ""value"": {""course_deg"": 309.5, ""type"": ""course_deg""}}"
B1_prime_link,KADM_R31,leg_2.Q4_course_or_radial,Q4_course_or_radial,2,False,status_unknown,exact_status_value,"{""status"": ""unknown"", ""value"": null}","{""status"": ""present"", ""value"": {""type"": ""direct""}}"
B1_prime_link,KADM_R31,leg_3.Q4_course_or_radial,Q4_course_or_radial,3,False,missing_leg_or_field,exact_status_value,null,"{""status"": ""not_applicable"", ""value"": null}"
B1_prime_link,KADM_R31,leg_3.Q5_hold_params,Q5_hold_params,3,False,missing_leg_or_field,degree_display_rounding,null,"{""status"": ""present"", ""value"": {""inbound_course_deg"": 129.3, ""leg_distance_nm"": 4.0, ""leg_time_min"": null, ""turn"": ""RIGHT""}}"
B1_prime_link,KAEG_R04,leg_1.Q4_course_or_radial,Q4_course_or_radial,1,False,status_not_observable,degree_display_rounding,"{""status"": ""not_observable"", ""value"": null}","{""status"": ""present"", ""value"": {""course_deg"": 35.1, ""type"": ""course_deg""}}"
B1_prime_link,KAEG_R04,leg_2.Q4_course_or_radial,Q4_course_or_radial,2,False,status_not_observable,exact_status_value,"{""status"": ""not_observable"", ""value"": null}","{""status"": ""present"", ""value"": {""type"": ""direct""}}"
B1_prime_link,KAEG_R04,leg_3.Q4_course_or_radial,Q4_course_or_radial,3,False,status_not_observable,exact_status_value,"{""status"": ""not_observable"", ""value"": null}","{""status"": ""not_applicable"", ""value"": null}"
B1_prime_link,KAEG_R04,leg_3.Q5_hold_params,Q5_hold_params,3,False,status_not_observable,degree_display_rounding,"{""status"": ""not_observable"", ""value"": null}","{""status"": ""present"", ""value"": {""inbound_course_deg"": 200.8, ""leg_distance_nm"": 7.0, ""leg_time_min"": null, ""turn"": ""RIGHT""}}"
B1_prime_link,KAEG_R22,leg_1.Q4_course_or_radial,Q4_course_or_radial,1,False,status_not_applicable,degree_display_rounding,"{""status"": ""not_applicable"", ""value"": null}","{""status"": ""present"", ""value"": {""course_deg"": 215.2, ""type"": ""course_deg""}}"
B1_prime_link,KAEG_R22,leg_2.Q4_course_or_radial,Q4_course_or_radial,2,False,status_not_applicable,exact_status_value,"{""status"": ""not_applicable"", ""value"": null}","{""status"": ""present"", ""value"": {""type"": ""direct""}}"
B1_prime_link,KAEG_R22,leg_3.Q4_course_or_radial,Q4_course_or_radial,3,False,missing_leg_or_field,exact_status_value,null,"{""status"": ""not_applicable"", ""value"": null}"
B1_prime_link,KAEG_R22,leg_3.Q5_hold_params,Q5_hold_params,3,False,missing_leg_or_field,degree_display_rounding,null,"{""status"": ""present"", ""value"": {""inbound_course_deg"": 35.1, ""leg_distance_nm"": 7.0, ""leg_time_min"": null, ""turn"": ""RIGHT""}}"
B1_prime_link,KAEL_R17,leg_1.Q4_course_or_radial,Q4_course_or_radial,1,False,status_unknown,degree_display_rounding,"{""status"": ""unknown"", ""value"": null}","{""status"": ""present"", ""value"": {""course_deg"": 167.2, ""type"": ""course_deg""}}"
B1_prime_link,KAEL_R17,leg_2.Q4_course_or_radial,Q4_course_or_radial,2,False,status_unknown,exact_status_value,"{""status"": ""unknown"", ""value"": null}","{""status"": ""present"", ""value"": {""type"": ""direct""}}"
B1_prime_link,KAEL_R17,leg_3.Q4_course_or_radial,Q4_course_or_radial,3,False,missing_leg_or_field,exact_status_value,null,"{""status"": ""not_applicable"", ""value"": null}"
B1_prime_link,KAEL_R17,leg_3.Q5_hold_params,Q5_hold_params,3,False,missing_leg_or_field,degree_display_rounding,null,"{""status"": ""present"", ""value"": {""inbound_course_deg"": 347.2, ""leg_distance_nm"": 4.0, ""leg_time_min"": null, ""turn"": ""RIGHT""}}"
B1_prime_link,KAEL_R35,leg_1.Q4_course_or_radial,Q4_course_or_radial,1,False,status_unknown,degree_display_rounding,"{""status"": ""unknown"", ""value"": null}","{""status"": ""present"", ""value"": {""course_deg"": 347.2, ""type"": ""course_deg""}}"
B1_prime_link,KAEL_R35,leg_2.Q4_course_or_radial,Q4_course_or_radial,2,False,status_unknown,exact_status_value,"{""status"": ""unknown"", ""value"": null}","{""status"": ""present"", ""value"": {""type"": ""direct""}}"
B1_prime_link,KAEL_R35,leg_3.Q4_course_or_radial,Q4_course_or_radial,3,False,missing_leg_or_field,exact_status_value,null,"{""status"": ""not_applicable"", ""value"": null}"
B1_prime_link,KAEL_R35,leg_3.Q5_hold_params,Q5_hold_params,3,False,missing_leg_or_field,degree_display_rounding,null,"{""status"": ""present"", ""value"": {""inbound_course_deg"": 167.1, ""leg_distance_nm"": 4.0, ""leg_time_min"": null, ""turn"": ""RIGHT""}}"
B1_prime_link,KAFJ_R09,leg_1.Q4_course_or_radial,Q4_course_or_radial,1,False,status_unknown,degree_display_rounding,"{""status"": ""unknown"", ""value"": null}","{""status"": ""present"", ""value"": {""course_deg"": 93.0, ""type"": ""course_deg""}}"
B1_prime_link,KAFJ_R09,leg_2.Q4_course_or_radial,Q4_course_or_radial,2,False,status_unknown,exact_status_value,"{""status"": ""unknown"", ""value"": null}","{""status"": ""present"", ""value"": {""type"": ""direct""}}"
B1_prime_link,KAFJ_R09,leg_3.Q4_course_or_radial,Q4_course_or_radial,3,False,missing_leg_or_field,exact_status_value,null,"{""status"": ""not_applicable"", ""value"": null}"
B1_prime_link,KAFJ_R09,leg_3.Q5_hold_params,Q5_hold_params,3,False,missing_leg_or_field,degree_display_rounding,null,"{""status"": ""present"", ""value"": {""inbound_course_deg"": 273.2, ""leg_distance_nm"": 4.0, ""leg_time_min"": null, ""turn"": ""RIGHT""}}"
B1_prime_link,KAFJ_R27,leg_1.Q4_course_or_radial,Q4_course_or_radial,1,False,status_not_applicable,degree_display_rounding,"{""status"": ""not_applicable"", ""value"": null}","{""status"": ""present"", ""value"": {""course_deg"": 273.1, ""type"": ""course_deg""}}"
B1_prime_link,KAFJ_R27,leg_2.Q4_course_or_radial,Q4_course_or_radial,2,False,status_not_applicable,exact_status_value,"{""status"": ""not_applicable"", ""value"": null}","{""status"": ""present"", ""value"": {""type"": ""direct""}}"
B1_prime_link,KAFJ_R27,leg_3.Q4_course_or_radial,Q4_course_or_radial,3,False,status_not_observable,exact_status_value,"{""status"": ""not_observable"", ""value"": null}","{""status"": ""not_applicable"", ""value"": null}"
B1_prime_link,KAFJ_R27,leg_3.Q5_hold_params,Q5_hold_params,3,False,status_unknown,exact_status_value,"{""status"": ""unknown"", ""value"": null}","{""status"": ""present"", ""value"": {""inbound_course_deg"": 223.0, ""leg_distance_nm"": 4.0, ""leg_time_min"": null, ""turn"": ""LEFT""}}"
B1_prime_link,KAFN_RNV-B,leg_1.Q4_course_or_radial,Q4_course_or_radial,1,False,status_unknown,degree_display_rounding,"{""status"": ""unknown"", ""value"": null}","{""status"": ""present"", ""value"": {""course_deg"": 22.9, ""type"": ""course_deg""}}"
B1_prime_link,KAFN_RNV-B,leg_2.Q4_course_or_radial,Q4_course_or_radial,2,False,status_unknown,exact_status_value,"{""status"": ""unknown"", ""value"": null}","{""status"": ""present"", ""value"": {""type"": ""direct""}}"
B1_prime_link,KAFN_RNV-B,leg_3.Q4_course_or_radial,Q4_course_or_radial,3,False,missing_leg_or_field,exact_status_value,null,"{""status"": ""not_applicable"", ""value"": null}"
B1_prime_link,KAFN_RNV-B,leg_3.Q5_hold_params,Q5_hold_params,3,False,missing_leg_or_field,exact_status_value,null,"{""status"": ""present"", ""value"": {""inbound_course_deg"": 203.0, ""leg_distance_nm"": 4.0, ""leg_time_min"": null, ""turn"": ""LEFT""}}"
B1_prime_link,KAFN_RNV-C,leg_1.Q4_course_or_radial,Q4_course_or_radial,1,False,status_unknown,degree_display_rounding,"{""status"": ""unknown"", ""value"": null}","{""status"": ""present"", ""value"": {""course_deg"": 203.0, ""type"": ""course_deg""}}"
B1_prime_link,KAFN_RNV-C,leg_2.Q4_course_or_radial,Q4_course_or_radial,2,False,status_unknown,exact_status_value,"{""status"": ""unknown"", ""value"": null}","{""status"": ""present"", ""value"": {""type"": ""direct""}}"
B1_prime_link,KAFN_RNV-C,leg_3.Q4_course_or_radial,Q4_course_or_radial,3,False,missing_leg_or_field,exact_status_value,null,"{""status"": ""not_applicable"", ""value"": null}"
B1_prime_link,KAFN_RNV-C,leg_3.Q5_hold_params,Q5_hold_params,3,False,missing_leg_or_field,degree_display_rounding,null,"{""status"": ""present"", ""value"": {""inbound_course_deg"": 22.9, ""leg_distance_nm"": 4.0, ""leg_time_min"": null, ""turn"": ""LEFT""}}"
B1_prime_link,KAFP_R16,leg_1.Q4_course_or_radial,Q4_course_or_radial,1,False,status_unknown,degree_display_rounding,"{""status"": ""unknown"", ""value"": null}","{""status"": ""present"", ""value"": {""course_deg"": 161.5, ""type"": ""course_deg""}}"
B1_prime_link,KAFP_R16,leg_2.Q4_course_or_radial,Q4_course_or_radial,2,False,status_unknown,exact_status_value,"{""status"": ""unknown"", ""value"": null}","{""status"": ""present"", ""value"": {""type"": ""direct""}}"
B1_prime_link,KAFP_R16,leg_3.Q4_course_or_radial,Q4_course_or_radial,3,False,missing_leg_or_field,exact_status_value,null,"{""status"": ""not_applicable"", ""value"": null}"
B1_prime_link,KAFP_R16,leg_3.Q5_hold_params,Q5_hold_params,3,False,missing_leg_or_field,degree_display_rounding,null,"{""status"": ""present"", ""value"": {""inbound_course_deg"": 341.6, ""leg_distance_nm"": 4.0, ""leg_time_min"": null, ""turn"": ""RIGHT""}}"
B1_prime_link,KAFP_R34,leg_1.Q4_course_or_radial,Q4_course_or_radial,1,False,status_unknown,degree_display_rounding,"{""status"": ""unknown"", ""value"": null}","{""status"": ""present"", ""value"": {""course_deg"": 341.6, ""type"": ""course_deg""}}"
B1_prime_link,KAFP_R34,leg_2.Q4_course_or_radial,Q4_course_or_radial,2,False,status_unknown,exact_status_value,"{""status"": ""unknown"", ""value"": null}","{""status"": ""present"", ""value"": {""type"": ""direct""}}"
B1_prime_link,KAFP_R34,leg_3.Q4_course_or_radial,Q4_course_or_radial,3,False,missing_leg_or_field,exact_status_value,null,"{""status"": ""not_applicable"", ""value"": null}"
B1_prime_link,KAFP_R34,leg_3.Q5_hold_params,Q5_hold_params,3,False,missing_leg_or_field,degree_display_rounding,null,"{""status"": ""present"", ""value"": {""inbound_course_deg"": 161.5, ""leg_distance_nm"": 4.0, ""leg_time_min"": null, ""turn"": ""RIGHT""}}"
B1_prime_link,KAFW_R16L,leg_1.Q4_course_or_radial,Q4_course_or_radial,1,False,status_not_observable,degree_display_rounding,"{""status"": ""not_observable"", ""value"": null}","{""status"": ""present"", ""value"": {""course_deg"": 166.2, ""type"": ""course_deg""}}"
B1_prime_link,KAFW_R16L,leg_2.Q4_course_or_radial,Q4_course_or_radial,2,False,status_not_observable,exact_status_value,"{""status"": ""not_observable"", ""value"": null}","{""status"": ""present"", ""value"": {""type"": ""direct""}}"
B1_prime_link,KAFW_R16L,leg_3.Q4_course_or_radial,Q4_course_or_radial,3,False,status_not_observable,exact_status_value,"{""status"": ""not_observable"", ""value"": null}","{""status"": ""not_applicable"", ""value"": null}"
B1_prime_link,KAFW_R16L,leg_3.Q5_hold_params,Q5_hold_params,3,False,status_not_observable,degree_display_rounding,"{""status"": ""not_observable"", ""value"": null}","{""status"": ""present"", ""value"": {""inbound_course_deg"": 122.1, ""leg_distance_nm"": 9.0, ""leg_time_min"": null, ""turn"": ""RIGHT""}}"
B1_prime_link,KAFW_R16R,leg_1.Q4_course_or_radial,Q4_course_or_radial,1,False,status_not_observable,degree_display_rounding,"{""status"": ""not_observable"", ""value"": null}","{""status"": ""present"", ""value"": {""course_deg"": 166.2, ""type"": ""course_deg""}}"
B1_prime_link,KAFW_R16R,leg_2.Q4_course_or_radial,Q4_course_or_radial,2,False,status_not_observable,exact_status_value,"{""status"": ""not_observable"", ""value"": null}","{""status"": ""present"", ""value"": {""type"": ""direct""}}"
B1_prime_link,KAFW_R16R,leg_3.Q4_course_or_radial,Q4_course_or_radial,3,False,status_not_observable,exact_status_value,"{""status"": ""not_observable"", ""value"": null}","{""status"": ""not_applicable"", ""value"": null}"
B1_prime_link,KAFW_R16R,leg_3.Q5_hold_params,Q5_hold_params,3,False,status_unknown,degree_display_rounding,"{""status"": ""unknown"", ""value"": null}","{""status"": ""present"", ""value"": {""inbound_course_deg"": 122.1, ""leg_distance_nm"": 9.0, ""leg_time_min"": null, ""turn"": ""RIGHT""}}"
B1_prime_link,KAFW_R34R,leg_1.Q4_course_or_radial,Q4_course_or_radial,1,False,status_unknown,degree_display_rounding,"{""status"": ""unknown"", ""value"": null}","{""status"": ""present"", ""value"": {""course_deg"": 346.2, ""type"": ""course_deg""}}"
B1_prime_link,KAFW_R34R,leg_2.Q4_course_or_radial,Q4_course_or_radial,2,False,status_unknown,exact_status_value,"{""status"": ""unknown"", ""value"": null}","{""status"": ""present"", ""value"": {""type"": ""direct""}}"
B1_prime_link,KAFW_R34R,leg_3.Q4_course_or_radial,Q4_course_or_radial,3,True,correct,exact_status_value,"{""status"": ""not_applicable"", ""value"": null}","{""status"": ""not_applicable"", ""value"": null}"
B1_prime_link,KAFW_R34R,leg_4.Q4_course_or_radial,Q4_course_or_radial,4,False,missing_leg_or_field,exact_status_value,null,"{""status"": ""not_applicable"", ""value"": null}"
B1_prime_link,KAFW_R34R,leg_4.Q5_hold_params,Q5_hold_params,4,False,missing_leg_or_field,degree_display_rounding,null,"{""status"": ""present"", ""value"": {""inbound_course_deg"": 122.1, ""leg_distance_nm"": 9.0, ""leg_time_min"": null, ""turn"": ""RIGHT""}}"
B1_prime_link,KAGC_R10,leg_1.Q4_course_or_radial,Q4_course_or_radial,1,False,status_not_applicable,degree_display_rounding,"{""status"": ""not_applicable"", ""value"": null}","{""status"": ""present"", ""value"": {""course_deg"": 98.8, ""type"": ""course_deg""}}"
B1_prime_link,KAGC_R10,leg_2.Q4_course_or_radial,Q4_course_or_radial,2,False,status_unknown,exact_status_value,"{""status"": ""unknown"", ""value"": null}","{""status"": ""present"", ""value"": {""type"": ""direct""}}"
B1_prime_link,KAGC_R10,leg_3.Q4_course_or_radial,Q4_course_or_radial,3,False,status_unknown,exact_status_value,"{""status"": ""unknown"", ""value"": null}","{""status"": ""not_applicable"", ""value"": null}"
B1_prime_link,KAGC_R10,leg_3.Q5_hold_params,Q5_hold_params,3,False,target_not_present_but_pred_present,exact_status_value,"{""status"": ""present"", ""value"": {""inbound_course_deg"": null, ""leg_distance_nm"": null, ""leg_time_min"": null, ""turn"": null}}","{""status"": ""not_applicable"", ""value"": null}"
B1_prime_link,KAGC_R10,leg_4.Q4_course_or_radial,Q4_course_or_radial,4,False,missing_leg_or_field,exact_status_value,null,"{""status"": ""not_applicable"", ""value"": null}"
B1_prime_link,KAGC_R10,leg_4.Q5_hold_params,Q5_hold_params,4,False,missing_leg_or_field,exact_status_value,null,"{""status"": ""present"", ""value"": {""inbound_course_deg"": 318.0, ""leg_distance_nm"": 4.0, ""leg_time_min"": null, ""turn"": ""RIGHT""}}"
B1_prime_link,KAGO_R18,leg_1.Q4_course_or_radial,Q4_course_or_radial,1,False,status_not_observable,degree_display_rounding,"{""status"": ""not_observable"", ""value"": null}","{""status"": ""present"", ""value"": {""course_deg"": 180.8, ""type"": ""course_deg""}}"
B1_prime_link,KAGO_R18,leg_2.Q4_course_or_radial,Q4_course_or_radial,2,False,status_not_observable,exact_status_value,"{""status"": ""not_observable"", ""value"": null}","{""status"": ""present"", ""value"": {""type"": ""direct""}}"
B1_prime_link,KAGO_R18,leg_2.Q5_hold_params,Q5_hold_params,2,False,target_not_present_but_pred_present,exact_status_value,"{""status"": ""present"", ""value"": {""inbound_course_deg"": 1, ""leg_distance_nm"": 4, ""leg_time_min"": null, ""turn"": null}}","{""status"": ""not_applicable"", ""value"": null}"
B1_prime_link,KAGO_R18,leg_3.Q4_course_or_radial,Q4_course_or_radial,3,False,missing_leg_or_field,exact_status_value,null,"{""status"": ""not_applicable"", ""value"": null}"
B1_prime_link,KAGO_R18,leg_3.Q5_hold_params,Q5_hold_params,3,False,missing_leg_or_field,degree_display_rounding,null,"{""status"": ""present"", ""value"": {""inbound_course_deg"": 0.8, ""leg_distance_nm"": 4.0, ""leg_time_min"": null, ""turn"": ""RIGHT""}}"
B1_prime_link,KAGO_R36,leg_1.Q4_course_or_radial,Q4_course_or_radial,1,False,status_unknown,degree_display_rounding,"{""status"": ""unknown"", ""value"": null}","{""status"": ""present"", ""value"": {""course_deg"": 0.8, ""type"": ""course_deg""}}"
B1_prime_link,KAGO_R36,leg_2.Q4_course_or_radial,Q4_course_or_radial,2,False,status_unknown,exact_status_value,"{""status"": ""unknown"", ""value"": null}","{""status"": ""present"", ""value"": {""type"": ""direct""}}"
B1_prime_link,KAGO_R36,leg_3.Q4_course_or_radial,Q4_course_or_radial,3,False,missing_leg_or_field,exact_status_value,null,"{""status"": ""not_applicable"", ""value"": null}"
B1_prime_link,KAGO_R36,leg_3.Q5_hold_params,Q5_hold_params,3,False,missing_leg_or_field,degree_display_rounding,null,"{""status"": ""present"", ""value"": {""inbound_course_deg"": 180.8, ""leg_distance_nm"": 4.0, ""leg_time_min"": null, ""turn"": ""RIGHT""}}"
B1_prime_link,KAGZ_R09,leg_1.Q4_course_or_radial,Q4_course_or_radial,1,False,status_unknown,degree_display_rounding,"{""status"": ""unknown"", ""value"": null}","{""status"": ""present"", ""value"": {""course_deg"": 89.7, ""type"": ""course_deg""}}"
B1_prime_link,KAGZ_R09,leg_2.Q4_course_or_radial,Q4_course_or_radial,2,False,status_unknown,exact_status_value,"{""status"": ""unknown"", ""value"": null}","{""status"": ""present"", ""value"": {""type"": ""direct""}}"
B1_prime_link,KAGZ_R09,leg_3.Q4_course_or_radial,Q4_course_or_radial,3,False,missing_leg_or_field,exact_status_value,null,"{""status"": ""not_applicable"", ""value"": null}"
B1_prime_link,KAGZ_R09,leg_3.Q5_hold_params,Q5_hold_params,3,False,missing_leg_or_field,degree_display_rounding,null,"{""status"": ""present"", ""value"": {""inbound_course_deg"": 269.9, ""leg_distance_nm"": 4.0, ""leg_time_min"": null, ""turn"": ""RIGHT""}}"
B1_prime_link,KAGZ_R27,leg_1.Q4_course_or_radial,Q4_course_or_radial,1,False,status_not_observable,degree_display_rounding,"{""status"": ""not_observable"", ""value"": null}","{""status"": ""present"", ""value"": {""course_deg"": 269.8, ""type"": ""course_deg""}}"
B1_prime_link,KAGZ_R27,leg_2.Q4_course_or_radial,Q4_course_or_radial,2,False,status_not_observable,exact_status_value,"{""status"": ""not_observable"", ""value"": null}","{""status"": ""present"", ""value"": {""type"": ""direct""}}"
B1_prime_link,KAGZ_R27,leg_3.Q4_course_or_radial,Q4_course_or_radial,3,False,missing_leg_or_field,exact_status_value,null,"{""status"": ""not_applicable"", ""value"": null}"
B1_prime_link,KAGZ_R27,leg_3.Q5_hold_params,Q5_hold_params,3,False,missing_leg_or_field,degree_display_rounding,null,"{""status"": ""present"", ""value"": {""inbound_course_deg"": 89.6, ""leg_distance_nm"": 4.0, ""leg_time_min"": null, ""turn"": ""RIGHT""}}"
B1_prime_link,KAHN_R02,leg_1.Q4_course_or_radial,Q4_course_or_radial,1,False,status_not_observable,degree_display_rounding,"{""status"": ""not_observable"", ""value"": null}","{""status"": ""present"", ""value"": {""course_deg"": 26.8, ""type"": ""course_deg""}}"
B1_prime_link,KAHN_R02,leg_2.Q4_course_or_radial,Q4_course_or_radial,2,False,status_not_observable,exact_status_value,"{""status"": ""not_observable"", ""value"": null}","{""status"": ""present"", ""value"": {""type"": ""direct""}}"
B1_prime_link,KAHN_R02,leg_2.Q5_hold_params,Q5_hold_params,2,False,target_not_present_but_pred_present,exact_status_value,"{""status"": ""present"", ""value"": {""inbound_course_deg"": null, ""leg_distance_nm"": null, ""leg_time_min"": null, ""turn"": null}}","{""status"": ""not_applicable"", ""value"": null}"
B1_prime_link,KAHN_R02,leg_3.Q4_course_or_radial,Q4_course_or_radial,3,False,missing_leg_or_field,exact_status_value,null,"{""status"": ""not_applicable"", ""value"": null}"
B1_prime_link,KAHN_R02,leg_3.Q5_hold_params,Q5_hold_params,3,False,missing_leg_or_field,degree_display_rounding,null,"{""status"": ""present"", ""value"": {""inbound_course_deg"": 206.8, ""leg_distance_nm"": 4.0, ""leg_time_min"": null, ""turn"": ""RIGHT""}}"
B1_prime_link,KAHN_R09,leg_1.Q4_course_or_radial,Q4_course_or_radial,1,False,status_not_observable,degree_display_rounding,"{""status"": ""not_observable"", ""value"": null}","{""status"": ""present"", ""value"": {""course_deg"": 94.3, ""type"": ""course_deg""}}"
B1_prime_link,KAHN_R09,leg_2.Q4_course_or_radial,Q4_course_or_radial,2,False,status_not_observable,exact_status_value,"{""status"": ""not_observable"", ""value"": null}","{""status"": ""present"", ""value"": {""type"": ""direct""}}"
B1_prime_link,KAHN_R09,leg_3.Q4_course_or_radial,Q4_course_or_radial,3,False,missing_leg_or_field,exact_status_value,null,"{""status"": ""not_applicable"", ""value"": null}"
B1_prime_link,KAHN_R09,leg_3.Q5_hold_params,Q5_hold_params,3,False,missing_leg_or_field,degree_display_rounding,null,"{""status"": ""present"", ""value"": {""inbound_course_deg"": 274.5, ""leg_distance_nm"": 4.0, ""leg_time_min"": null, ""turn"": ""RIGHT""}}"
B1_prime_link,KAHN_R20,leg_1.Q4_course_or_radial,Q4_course_or_radial,1,False,status_not_applicable,degree_display_rounding,"{""status"": ""not_applicable"", ""value"": null}","{""status"": ""present"", ""value"": {""course_deg"": 206.8, ""type"": ""course_deg""}}"
B1_prime_link,KAHN_R20,leg_2.Q4_course_or_radial,Q4_course_or_radial,2,False,status_not_observable,exact_status_value,"{""status"": ""not_observable"", ""value"": null}","{""status"": ""present"", ""value"": {""type"": ""direct""}}"
B1_prime_link,KAHN_R20,leg_3.Q4_course_or_radial,Q4_course_or_radial,3,False,status_not_observable,exact_status_value,"{""status"": ""not_observable"", ""value"": null}","{""status"": ""not_applicable"", ""value"": null}"
B1_prime_link,KAHN_R20,leg_3.Q5_hold_params,Q5_hold_params,3,False,inbound_degree_numeric_mismatch,degree_display_rounding,"{""status"": ""present"", ""value"": {""inbound_course_deg"": 27, ""leg_distance_nm"": null, ""leg_time_min"": null, ""turn"": null}}","{""status"": ""present"", ""value"": {""inbound_course_deg"": 206.8, ""leg_distance_nm"": 4.0, ""leg_time_min"": null, ""turn"": ""RIGHT""}}"
B1_prime_link,KAIA_R08,leg_1.Q4_course_or_radial,Q4_course_or_radial,1,False,status_unknown,degree_display_rounding,"{""status"": ""unknown"", ""value"": null}","{""status"": ""present"", ""value"": {""course_deg"": 82.2, ""type"": ""course_deg""}}"
B1_prime_link,KAIA_R08,leg_2.Q4_course_or_radial,Q4_course_or_radial,2,False,status_unknown,exact_status_value,"{""status"": ""unknown"", ""value"": null}","{""status"": ""present"", ""value"": {""type"": ""direct""}}"
B1_prime_link,KAIA_R08,leg_3.Q4_course_or_radial,Q4_course_or_radial,3,False,missing_leg_or_field,exact_status_value,null,"{""status"": ""not_applicable"", ""value"": null}"
B1_prime_link,KAIA_R08,leg_3.Q5_hold_params,Q5_hold_params,3,False,missing_leg_or_field,degree_display_rounding,null,"{""status"": ""present"", ""value"": {""inbound_course_deg"": 262.5, ""leg_distance_nm"": 5.0, ""leg_time_min"": null, ""turn"": ""RIGHT""}}"
B1_prime_link,KAIA_R12,leg_1.Q4_course_or_radial,Q4_course_or_radial,1,False,status_unknown,degree_display_rounding,"{""status"": ""unknown"", ""value"": null}","{""status"": ""present"", ""value"": {""course_deg"": 127.2, ""type"": ""course_deg""}}"
B1_prime_link,KAIA_R12,leg_2.Q4_course_or_radial,Q4_course_or_radial,2,False,status_unknown,exact_status_value,"{""status"": ""unknown"", ""value"": null}","{""status"": ""present"", ""value"": {""type"": ""direct""}}"
B1_prime_link,KAIA_R12,leg_3.Q4_course_or_radial,Q4_course_or_radial,3,False,missing_leg_or_field,exact_status_value,null,"{""status"": ""not_applicable"", ""value"": null}"
B1_prime_link,KAIA_R12,leg_3.Q5_hold_params,Q5_hold_params,3,False,missing_leg_or_field,degree_display_rounding,null,"{""status"": ""present"", ""value"": {""inbound_course_deg"": 307.4, ""leg_distance_nm"": 7.0, ""leg_time_min"": null, ""turn"": ""RIGHT""}}"
B1_prime_link,KAIA_R26,leg_1.Q4_course_or_radial,Q4_course_or_radial,1,False,status_unknown,degree_display_rounding,"{""status"": ""unknown"", ""value"": null}","{""status"": ""present"", ""value"": {""course_deg"": 262.4, ""type"": ""course_deg""}}"
B1_prime_link,KAIA_R26,leg_2.Q4_course_or_radial,Q4_course_or_radial,2,False,status_unknown,exact_status_value,"{""status"": ""unknown"", ""value"": null}","{""status"": ""present"", ""value"": {""type"": ""direct""}}"
B1_prime_link,KAIA_R26,leg_3.Q4_course_or_radial,Q4_course_or_radial,3,False,missing_leg_or_field,exact_status_value,null,"{""status"": ""not_applicable"", ""value"": null}"
B1_prime_link,KAIA_R26,leg_3.Q5_hold_params,Q5_hold_params,3,False,missing_leg_or_field,degree_display_rounding,null,"{""status"": ""present"", ""value"": {""inbound_course_deg"": 82.1, ""leg_distance_nm"": 5.0, ""leg_time_min"": null, ""turn"": ""RIGHT""}}"
B1_prime_link,KAIG_R09,leg_1.Q4_course_or_radial,Q4_course_or_radial,1,False,status_unknown,degree_display_rounding,"{""status"": ""unknown"", ""value"": null}","{""status"": ""present"", ""value"": {""course_deg"": 85.0, ""type"": ""course_deg""}}"
B1_prime_link,KAIG_R09,leg_2.Q4_course_or_radial,Q4_course_or_radial,2,False,status_unknown,exact_status_value,"{""status"": ""unknown"", ""value"": null}","{""status"": ""present"", ""value"": {""type"": ""direct""}}"
B1_prime_link,KAIG_R09,leg_3.Q4_course_or_radial,Q4_course_or_radial,3,False,missing_leg_or_field,exact_status_value,null,"{""status"": ""not_applicable"", ""value"": null}"
B1_prime_link,KAIG_R09,leg_3.Q5_hold_params,Q5_hold_params,3,False,missing_leg_or_field,degree_display_rounding,null,"{""status"": ""present"", ""value"": {""inbound_course_deg"": 265.3, ""leg_distance_nm"": 4.0, ""leg_time_min"": null, ""turn"": ""RIGHT""}}"
B1_prime_link,KAIG_R17,leg_1.Q4_course_or_radial,Q4_course_or_radial,1,False,status_unknown,degree_display_rounding,"{""status"": ""unknown"", ""value"": null}","{""status"": ""present"", ""value"": {""course_deg"": 166.1, ""type"": ""course_deg""}}"
B1_prime_link,KAIG_R17,leg_2.Q4_course_or_radial,Q4_course_or_radial,2,False,status_unknown,exact_status_value,"{""status"": ""unknown"", ""value"": null}","{""status"": ""present"", ""value"": {""type"": ""direct""}}"
B1_prime_link,KAIG_R17,leg_3.Q4_course_or_radial,Q4_course_or_radial,3,False,missing_leg_or_field,exact_status_value,null,"{""status"": ""not_applicable"", ""value"": null}"
B1_prime_link,KAIG_R17,leg_3.Q5_hold_params,Q5_hold_params,3,False,missing_leg_or_field,degree_display_rounding,null,"{""status"": ""present"", ""value"": {""inbound_course_deg"": 346.2, ""leg_distance_nm"": 4.0, ""leg_time_min"": null, ""turn"": ""RIGHT""}}"
B1_prime_link,KAIG_R27,leg_1.Q4_course_or_radial,Q4_course_or_radial,1,False,status_not_observable,degree_display_rounding,"{""status"": ""not_observable"", ""value"": null}","{""status"": ""present"", ""value"": {""course_deg"": 265.2, ""type"": ""course_deg""}}"
B1_prime_link,KAIG_R27,leg_2.Q4_course_or_radial,Q4_course_or_radial,2,False,status_not_observable,exact_status_value,"{""status"": ""not_observable"", ""value"": null}","{""status"": ""present"", ""value"": {""type"": ""direct""}}"
B1_prime_link,KAIG_R27,leg_3.Q4_course_or_radial,Q4_course_or_radial,3,False,missing_leg_or_field,exact_status_value,null,"{""status"": ""not_applicable"", ""value"": null}"
B1_prime_link,KAIG_R27,leg_3.Q5_hold_params,Q5_hold_params,3,False,missing_leg_or_field,degree_display_rounding,null,"{""status"": ""present"", ""value"": {""inbound_course_deg"": 84.9, ""leg_distance_nm"": 4.0, ""leg_time_min"": null, ""turn"": ""RIGHT""}}"
B1_prime_link,KAIK_R07,leg_1.Q4_course_or_radial,Q4_course_or_radial,1,False,status_not_observable,degree_display_rounding,"{""status"": ""not_observable"", ""value"": null}","{""status"": ""present"", ""value"": {""course_deg"": 66.3, ""type"": ""course_deg""}}"
B1_prime_link,KAIK_R07,leg_2.Q4_course_or_radial,Q4_course_or_radial,2,False,status_not_observable,exact_status_value,"{""status"": ""not_observable"", ""value"": null}","{""status"": ""present"", ""value"": {""type"": ""direct""}}"
B1_prime_link,KAIK_R07,leg_3.Q4_course_or_radial,Q4_course_or_radial,3,False,missing_leg_or_field,exact_status_value,null,"{""status"": ""not_applicable"", ""value"": null}"
B1_prime_link,KAIK_R07,leg_3.Q5_hold_params,Q5_hold_params,3,False,missing_leg_or_field,degree_display_rounding,null,"{""status"": ""present"", ""value"": {""inbound_course_deg"": 246.5, ""leg_distance_nm"": 4.0, ""leg_time_min"": null, ""turn"": ""RIGHT""}}"
B1_prime_link,KAIK_R25,leg_1.Q4_course_or_radial,Q4_course_or_radial,1,False,status_not_observable,degree_display_rounding,"{""status"": ""not_observable"", ""value"": null}","{""status"": ""present"", ""value"": {""course_deg"": 246.4, ""type"": ""course_deg""}}"
B1_prime_link,KAIK_R25,leg_2.Q4_course_or_radial,Q4_course_or_radial,2,False,status_not_observable,exact_status_value,"{""status"": ""not_observable"", ""value"": null}","{""status"": ""present"", ""value"": {""type"": ""direct""}}"
B1_prime_link,KAIK_R25,leg_2.Q5_hold_params,Q5_hold_params,2,False,target_not_present_but_pred_present,exact_status_value,"{""status"": ""present"", ""value"": {""inbound_course_deg"": null, ""leg_distance_nm"": null, ""leg_time_min"": null, ""turn"": null}}","{""status"": ""not_applicable"", ""value"": null}"
B1_prime_link,KAIK_R25,leg_3.Q4_course_or_radial,Q4_course_or_radial,3,False,missing_leg_or_field,exact_status_value,null,"{""status"": ""not_applicable"", ""value"": null}"
B1_prime_link,KAIK_R25,leg_3.Q5_hold_params,Q5_hold_params,3,False,missing_leg_or_field,degree_display_rounding,null,"{""status"": ""present"", ""value"": {""inbound_course_deg"": 66.2, ""leg_distance_nm"": 4.0, ""leg_time_min"": null, ""turn"": ""RIGHT""}}"
B1_prime_link,KAIO_R02,leg_1.Q4_course_or_radial,Q4_course_or_radial,1,False,status_unknown,degree_display_rounding,"{""status"": ""unknown"", ""value"": null}","{""status"": ""present"", ""value"": {""course_deg"": 17.8, ""type"": ""course_deg""}}"
B1_prime_link,KAIO_R02,leg_2.Q4_course_or_radial,Q4_course_or_radial,2,False,status_unknown,exact_status_value,"{""status"": ""unknown"", ""value"": null}","{""status"": ""present"", ""value"": {""type"": ""direct""}}"
B1_prime_link,KAIO_R02,leg_2.Q5_hold_params,Q5_hold_params,2,False,target_not_present_but_pred_present,exact_status_value,"{""status"": ""present"", ""value"": {""inbound_course_deg"": null, ""leg_distance_nm"": null, ""leg_time_min"": null, ""turn"": null}}","{""status"": ""not_applicable"", ""value"": null}"
B1_prime_link,KAIO_R02,leg_3.Q4_course_or_radial,Q4_course_or_radial,3,False,missing_leg_or_field,exact_status_value,null,"{""status"": ""not_applicable"", ""value"": null}"
B1_prime_link,KAIO_R02,leg_3.Q5_hold_params,Q5_hold_params,3,False,missing_leg_or_field,degree_display_rounding,null,"{""status"": ""present"", ""value"": {""inbound_course_deg"": 197.9, ""leg_distance_nm"": 4.0, ""leg_time_min"": null, ""turn"": ""RIGHT""}}"
B1_prime_link,KAIO_R20,leg_1.Q4_course_or_radial,Q4_course_or_radial,1,False,status_unknown,degree_display_rounding,"{""status"": ""unknown"", ""value"": null}","{""status"": ""present"", ""value"": {""course_deg"": 197.8, ""type"": ""course_deg""}}"
B1_prime_link,KAIO_R20,leg_2.Q4_course_or_radial,Q4_course_or_radial,2,False,status_unknown,exact_status_value,"{""status"": ""unknown"", ""value"": null}","{""status"": ""present"", ""value"": {""type"": ""direct""}}"
B1_prime_link,KAIO_R20,leg_3.Q4_course_or_radial,Q4_course_or_radial,3,False,missing_leg_or_field,exact_status_value,null,"{""status"": ""not_applicable"", ""value"": null}"
B1_prime_link,KAIO_R20,leg_3.Q5_hold_params,Q5_hold_params,3,False,missing_leg_or_field,degree_display_rounding,null,"{""status"": ""present"", ""value"": {""inbound_course_deg"": 17.7, ""leg_distance_nm"": 4.0, ""leg_time_min"": null, ""turn"": ""RIGHT""}}"
B1_prime_link,KAIT_R16,leg_1.Q4_course_or_radial,Q4_course_or_radial,1,False,status_not_observable,degree_display_rounding,"{""status"": ""not_observable"", ""value"": null}","{""status"": ""present"", ""value"": {""course_deg"": 164.4, ""type"": ""course_deg""}}"
B1_prime_link,KAIT_R16,leg_2.Q4_course_or_radial,Q4_course_or_radial,2,False,status_not_observable,exact_status_value,"{""status"": ""not_observable"", ""value"": null}","{""status"": ""present"", ""value"": {""type"": ""direct""}}"
B1_prime_link,KAIT_R16,leg_2.Q5_hold_params,Q5_hold_params,2,False,target_not_present_but_pred_present,exact_status_value,"{""status"": ""present"", ""value"": {""inbound_course_deg"": null, ""leg_distance_nm"": null, ""leg_time_min"": null, ""turn"": null}}","{""status"": ""not_applicable"", ""value"": null}"
B1_prime_link,KAIT_R16,leg_3.Q4_course_or_radial,Q4_course_or_radial,3,False,missing_leg_or_field,exact_status_value,null,"{""status"": ""not_applicable"", ""value"": null}"
B1_prime_link,KAIT_R16,leg_3.Q5_hold_params,Q5_hold_params,3,False,missing_leg_or_field,degree_display_rounding,null,"{""status"": ""present"", ""value"": {""inbound_course_deg"": 344.5, ""leg_distance_nm"": 4.0, ""leg_time_min"": null, ""turn"": ""RIGHT""}}"
B1_prime_link,KAIT_R34,leg_1.Q4_course_or_radial,Q4_course_or_radial,1,False,status_not_observable,degree_display_rounding,"{""status"": ""not_observable"", ""value"": null}","{""status"": ""present"", ""value"": {""course_deg"": 344.5, ""type"": ""course_deg""}}"
B1_prime_link,KAIT_R34,leg_2.Q4_course_or_radial,Q4_course_or_radial,2,False,status_not_observable,exact_status_value,"{""status"": ""not_observable"", ""value"": null}","{""status"": ""present"", ""value"": {""type"": ""direct""}}"
B1_prime_link,KAIT_R34,leg_3.Q4_course_or_radial,Q4_course_or_radial,3,False,missing_leg_or_field,exact_status_value,null,"{""status"": ""not_applicable"", ""value"": null}"
B1_prime_link,KAIT_R34,leg_3.Q5_hold_params,Q5_hold_params,3,False,missing_leg_or_field,degree_display_rounding,null,"{""status"": ""present"", ""value"": {""inbound_course_deg"": 164.4, ""leg_distance_nm"": 4.0, ""leg_time_min"": null, ""turn"": ""LEFT""}}"
B1_prime_link,KAIV_R06,leg_1.Q4_course_or_radial,Q4_course_or_radial,1,False,status_unknown,degree_display_rounding,"{""status"": ""unknown"", ""value"": null}","{""status"": ""present"", ""value"": {""course_deg"": 63.6, ""type"": ""course_deg""}}"
B1_prime_link,KAIV_R06,leg_2.Q4_course_or_radial,Q4_course_or_radial,2,False,status_unknown,exact_status_value,"{""status"": ""unknown"", ""value"": null}","{""status"": ""present"", ""value"": {""type"": ""direct""}}"
B1_prime_link,KAIV_R06,leg_3.Q4_course_or_radial,Q4_course_or_radial,3,False,missing_leg_or_field,exact_status_value,null,"{""status"": ""not_applicable"", ""value"": null}"
B1_prime_link,KAIV_R06,leg_3.Q5_hold_params,Q5_hold_params,3,False,missing_leg_or_field,degree_display_rounding,null,"{""status"": ""present"", ""value"": {""inbound_course_deg"": 243.8, ""leg_distance_nm"": 4.0, ""leg_time_min"": null, ""turn"": ""RIGHT""}}"
B1_prime_link,KAIV_R24,leg_1.Q4_course_or_radial,Q4_course_or_radial,1,False,status_unknown,degree_display_rounding,"{""status"": ""unknown"", ""value"": null}","{""status"": ""present"", ""value"": {""course_deg"": 243.7, ""type"": ""course_deg""}}"
B1_prime_link,KAIV_R24,leg_2.Q4_course_or_radial,Q4_course_or_radial,2,False,status_unknown,exact_status_value,"{""status"": ""unknown"", ""value"": null}","{""status"": ""present"", ""value"": {""type"": ""direct""}}"
B1_prime_link,KAIV_R24,leg_3.Q4_course_or_radial,Q4_course_or_radial,3,False,missing_leg_or_field,exact_status_value,null,"{""status"": ""not_applicable"", ""value"": null}"
B1_prime_link,KAIV_R24,leg_3.Q5_hold_params,Q5_hold_params,3,False,missing_leg_or_field,degree_display_rounding,null,"{""status"": ""present"", ""value"": {""inbound_course_deg"": 63.5, ""leg_distance_nm"": 4.0, ""leg_time_min"": null, ""turn"": ""RIGHT""}}"
B1_prime_link,KAIZ_R04,leg_1.Q4_course_or_radial,Q4_course_or_radial,1,False,status_unknown,degree_display_rounding,"{""status"": ""unknown"", ""value"": null}","{""status"": ""present"", ""value"": {""course_deg"": 37.0, ""type"": ""course_deg""}}"
B1_prime_link,KAIZ_R04,leg_2.Q4_course_or_radial,Q4_course_or_radial,2,False,status_unknown,exact_status_value,"{""status"": ""unknown"", ""value"": null}","{""status"": ""present"", ""value"": {""type"": ""direct""}}"
B1_prime_link,KAIZ_R04,leg_3.Q4_course_or_radial,Q4_course_or_radial,3,False,missing_leg_or_field,exact_status_value,null,"{""status"": ""not_applicable"", ""value"": null}"
B1_prime_link,KAIZ_R04,leg_3.Q5_hold_params,Q5_hold_params,3,False,missing_leg_or_field,degree_display_rounding,null,"{""status"": ""present"", ""value"": {""inbound_course_deg"": 217.2, ""leg_distance_nm"": 4.0, ""leg_time_min"": null, ""turn"": ""RIGHT""}}"
B1_prime_link,KAIZ_R22,leg_1.Q4_course_or_radial,Q4_course_or_radial,1,False,status_not_observable,degree_display_rounding,"{""status"": ""not_observable"", ""value"": null}","{""status"": ""present"", ""value"": {""course_deg"": 217.1, ""type"": ""course_deg""}}"
B1_prime_link,KAIZ_R22,leg_2.Q4_course_or_radial,Q4_course_or_radial,2,False,status_not_observable,exact_status_value,"{""status"": ""not_observable"", ""value"": null}","{""status"": ""present"", ""value"": {""type"": ""direct""}}"
B1_prime_link,KAIZ_R22,leg_3.Q4_course_or_radial,Q4_course_or_radial,3,False,missing_leg_or_field,exact_status_value,null,"{""status"": ""not_applicable"", ""value"": null}"
B1_prime_link,KAIZ_R22,leg_3.Q5_hold_params,Q5_hold_params,3,False,missing_leg_or_field,exact_status_value,null,"{""status"": ""present"", ""value"": {""inbound_course_deg"": 37.0, ""leg_distance_nm"": 4.0, ""leg_time_min"": null, ""turn"": ""RIGHT""}}"
B1_prime_link,KAJR_R06,leg_1.Q4_course_or_radial,Q4_course_or_radial,1,False,status_unknown,degree_display_rounding,"{""status"": ""unknown"", ""value"": null}","{""status"": ""present"", ""value"": {""course_deg"": 62.9, ""type"": ""course_deg""}}"
B1_prime_link,KAJR_R06,leg_2.Q4_course_or_radial,Q4_course_or_radial,2,False,status_unknown,exact_status_value,"{""status"": ""unknown"", ""value"": null}","{""status"": ""present"", ""value"": {""type"": ""direct""}}"
B1_prime_link,KAJR_R06,leg_3.Q4_course_or_radial,Q4_course_or_radial,3,False,status_unknown,exact_status_value,"{""status"": ""unknown"", ""value"": null}","{""status"": ""not_applicable"", ""value"": null}"
B1_prime_link,KAJR_R06,leg_3.Q5_hold_params,Q5_hold_params,3,False,status_unknown,degree_display_rounding,"{""status"": ""unknown"", ""value"": null}","{""status"": ""present"", ""value"": {""inbound_course_deg"": 62.9, ""leg_distance_nm"": 5.0, ""leg_time_min"": null, ""turn"": ""RIGHT""}}"
B1_prime_link,KAJR_R24,leg_1.Q4_course_or_radial,Q4_course_or_radial,1,False,status_unknown,degree_display_rounding,"{""status"": ""unknown"", ""value"": null}","{""status"": ""present"", ""value"": {""course_deg"": 245.8, ""type"": ""course_deg""}}"
B1_prime_link,KAJR_R24,leg_2.Q4_course_or_radial,Q4_course_or_radial,2,False,status_unknown,exact_status_value,"{""status"": ""unknown"", ""value"": null}","{""status"": ""present"", ""value"": {""type"": ""direct""}}"
B1_prime_link,KAJR_R24,leg_3.Q4_course_or_radial,Q4_course_or_radial,3,False,missing_leg_or_field,exact_status_value,null,"{""status"": ""not_applicable"", ""value"": null}"
B1_prime_link,KAJR_R24,leg_3.Q5_hold_params,Q5_hold_params,3,False,missing_leg_or_field,degree_display_rounding,null,"{""status"": ""present"", ""value"": {""inbound_course_deg"": 62.9, ""leg_distance_nm"": 5.0, ""leg_time_min"": null, ""turn"": ""RIGHT""}}"
B1_prime_link,KAKH_R03,leg_1.Q4_course_or_radial,Q4_course_or_radial,1,False,status_unknown,degree_display_rounding,"{""status"": ""unknown"", ""value"": null}","{""status"": ""present"", ""value"": {""course_deg"": 34.3, ""type"": ""course_deg""}}"
B1_prime_link,KAKH_R03,leg_2.Q4_course_or_radial,Q4_course_or_radial,2,False,status_unknown,exact_status_value,"{""status"": ""unknown"", ""value"": null}","{""status"": ""present"", ""value"": {""type"": ""direct""}}"
B1_prime_link,KAKH_R03,leg_3.Q4_course_or_radial,Q4_course_or_radial,3,False,status_unknown,exact_status_value,"{""status"": ""unknown"", ""value"": null}","{""status"": ""not_applicable"", ""value"": null}"
B1_prime_link,KAKH_R03,leg_4.Q4_course_or_radial,Q4_course_or_radial,4,False,status_unknown,exact_status_value,"{""status"": ""unknown"", ""value"": null}","{""status"": ""not_applicable"", ""value"": null}"
B1_prime_link,KAKH_R03,leg_5.Q4_course_or_radial,Q4_course_or_radial,5,False,missing_leg_or_field,exact_status_value,null,"{""status"": ""not_applicable"", ""value"": null}"
B1_prime_link,KAKH_R03,leg_5.Q5_hold_params,Q5_hold_params,5,False,missing_leg_or_field,degree_display_rounding,null,"{""status"": ""present"", ""value"": {""inbound_course_deg"": 260.7, ""leg_distance_nm"": 4.0, ""leg_time_min"": null, ""turn"": ""RIGHT""}}"
B1_prime_link,KAKH_R21,leg_1.Q4_course_or_radial,Q4_course_or_radial,1,False,status_not_applicable,degree_display_rounding,"{""status"": ""not_applicable"", ""value"": null}","{""status"": ""present"", ""value"": {""course_deg"": 214.4, ""type"": ""course_deg""}}"
B1_prime_link,KAKH_R21,leg_2.Q4_course_or_radial,Q4_course_or_radial,2,False,status_unknown,exact_status_value,"{""status"": ""unknown"", ""value"": null}","{""status"": ""present"", ""value"": {""type"": ""direct""}}"
B1_prime_link,KAKH_R21,leg_2.Q5_hold_params,Q5_hold_params,2,False,target_not_present_but_pred_present,exact_status_value,"{""status"": ""present"", ""value"": {""inbound_course_deg"": null, ""leg_distance_nm"": null, ""leg_time_min"": null, ""turn"": null}}","{""status"": ""not_applicable"", ""value"": null}"
B1_prime_link,KAKH_R21,leg_3.Q4_course_or_radial,Q4_course_or_radial,3,False,missing_leg_or_field,exact_status_value,null,"{""status"": ""not_applicable"", ""value"": null}"
B1_prime_link,KAKH_R21,leg_4.Q4_course_or_radial,Q4_course_or_radial,4,False,missing_leg_or_field,exact_status_value,null,"{""status"": ""not_applicable"", ""value"": null}"
B1_prime_link,KAKH_R21,leg_4.Q5_hold_params,Q5_hold_params,4,False,missing_leg_or_field,degree_display_rounding,null,"{""status"": ""present"", ""value"": {""inbound_course_deg"": 260.7, ""leg_distance_nm"": 4.0, ""leg_time_min"": null, ""turn"": ""RIGHT""}}"
B1_prime_link,KAKO_R11,leg_1.Q4_course_or_radial,Q4_course_or_radial,1,False,status_unknown,degree_display_rounding,"{""status"": ""unknown"", ""value"": null}","{""status"": ""present"", ""value"": {""course_deg"": 109.3, ""type"": ""course_deg""}}"
B1_prime_link,KAKO_R11,leg_2.Q4_course_or_radial,Q4_course_or_radial,2,False,status_unknown,exact_status_value,"{""status"": ""unknown"", ""value"": null}","{""status"": ""present"", ""value"": {""type"": ""direct""}}"
B1_prime_link,KAKO_R11,leg_3.Q4_course_or_radial,Q4_course_or_radial,3,False,missing_leg_or_field,exact_status_value,null,"{""status"": ""not_applicable"", ""value"": null}"
B1_prime_link,KAKO_R11,leg_3.Q5_hold_params,Q5_hold_params,3,False,missing_leg_or_field,degree_display_rounding,null,"{""status"": ""present"", ""value"": {""inbound_course_deg"": 289.5, ""leg_distance_nm"": 7.0, ""leg_time_min"": null, ""turn"": ""RIGHT""}}"
B1_prime_link,KAKO_R29,leg_1.Q4_course_or_radial,Q4_course_or_radial,1,False,status_unknown,degree_display_rounding,"{""status"": ""unknown"", ""value"": null}","{""status"": ""present"", ""value"": {""course_deg"": 289.4, ""type"": ""course_deg""}}"
B1_prime_link,KAKO_R29,leg_2.Q4_course_or_radial,Q4_course_or_radial,2,False,status_unknown,exact_status_value,"{""status"": ""unknown"", ""value"": null}","{""status"": ""present"", ""value"": {""type"": ""direct""}}"
B1_prime_link,KAKO_R29,leg_3.Q4_course_or_radial,Q4_course_or_radial,3,False,missing_leg_or_field,exact_status_value,null,"{""status"": ""not_applicable"", ""value"": null}"
B1_prime_link,KAKO_R29,leg_3.Q5_hold_params,Q5_hold_params,3,False,missing_leg_or_field,degree_display_rounding,null,"{""status"": ""present"", ""value"": {""inbound_course_deg"": 109.2, ""leg_distance_nm"": 7.0, ""leg_time_min"": null, ""turn"": ""RIGHT""}}"
B1_prime_link,KALB_R28,leg_1.Q4_course_or_radial,Q4_course_or_radial,1,False,status_unknown,degree_display_rounding,"{""status"": ""unknown"", ""value"": null}","{""status"": ""present"", ""value"": {""course_deg"": 281.3, ""type"": ""course_deg""}}"
B1_prime_link,KALB_R28,leg_2.Q4_course_or_radial,Q4_course_or_radial,2,False,status_unknown,exact_status_value,"{""status"": ""unknown"", ""value"": null}","{""status"": ""present"", ""value"": {""type"": ""direct""}}"
B1_prime_link,KALB_R28,leg_3.Q4_course_or_radial,Q4_course_or_radial,3,False,status_not_observable,exact_status_value,"{""status"": ""not_observable"", ""value"": null}","{""status"": ""not_applicable"", ""value"": null}"
B1_prime_link,KALB_R28,leg_3.Q5_hold_params,Q5_hold_params,3,False,target_not_present_but_pred_present,exact_status_value,"{""status"": ""present"", ""value"": {""inbound_course_deg"": null, ""leg_distance_nm"": null, ""leg_time_min"": null, ""turn"": null}}","{""status"": ""not_applicable"", ""value"": null}"
B1_prime_link,KALB_R28,leg_4.Q4_course_or_radial,Q4_course_or_radial,4,False,missing_leg_or_field,exact_status_value,null,"{""status"": ""not_applicable"", ""value"": null}"
B1_prime_link,KALB_R28,leg_4.Q5_hold_params,Q5_hold_params,4,False,missing_leg_or_field,degree_display_rounding,null,"{""status"": ""present"", ""value"": {""inbound_course_deg"": 119.1, ""leg_distance_nm"": 4.0, ""leg_time_min"": null, ""turn"": ""RIGHT""}}"
B1_prime_link,KALI_R13,leg_1.Q4_course_or_radial,Q4_course_or_radial,1,False,status_not_observable,degree_display_rounding,"{""status"": ""not_observable"", ""value"": null}","{""status"": ""present"", ""value"": {""course_deg"": 128.5, ""type"": ""course_deg""}}"
B1_prime_link,KALI_R13,leg_2.Q4_course_or_radial,Q4_course_or_radial,2,False,status_not_observable,exact_status_value,"{""status"": ""not_observable"", ""value"": null}","{""status"": ""present"", ""value"": {""type"": ""direct""}}"
B1_prime_link,KALI_R13,leg_3.Q4_course_or_radial,Q4_course_or_radial,3,False,missing_leg_or_field,exact_status_value,null,"{""status"": ""not_applicable"", ""value"": null}"
B1_prime_link,KALI_R13,leg_3.Q5_hold_params,Q5_hold_params,3,False,missing_leg_or_field,degree_display_rounding,null,"{""status"": ""present"", ""value"": {""inbound_course_deg"": 308.6, ""leg_distance_nm"": 4.0, ""leg_time_min"": null, ""turn"": ""RIGHT""}}"
B1_prime_link,KALI_R31,leg_1.Q4_course_or_radial,Q4_course_or_radial,1,False,status_not_observable,degree_display_rounding,"{""status"": ""not_observable"", ""value"": null}","{""status"": ""present"", ""value"": {""course_deg"": 308.5, ""type"": ""course_deg""}}"
B1_prime_link,KALI_R31,leg_2.Q4_course_or_radial,Q4_course_or_radial,2,False,status_not_observable,exact_status_value,"{""status"": ""not_observable"", ""value"": null}","{""status"": ""present"", ""value"": {""type"": ""direct""}}"
B1_prime_link,KALI_R31,leg_3.Q4_course_or_radial,Q4_course_or_radial,3,False,missing_leg_or_field,exact_status_value,null,"{""status"": ""not_applicable"", ""value"": null}"
B1_prime_link,KALI_R31,leg_3.Q5_hold_params,Q5_hold_params,3,False,missing_leg_or_field,degree_display_rounding,null,"{""status"": ""present"", ""value"": {""inbound_course_deg"": 128.4, ""leg_distance_nm"": 4.0, ""leg_time_min"": null, ""turn"": ""RIGHT""}}"
B1_prime_link,KALM_R04,leg_1.Q4_course_or_radial,Q4_course_or_radial,1,False,status_not_applicable,degree_display_rounding,"{""status"": ""not_applicable"", ""value"": null}","{""status"": ""present"", ""value"": {""course_deg"": 37.5, ""type"": ""course_deg""}}"
B1_prime_link,KALM_R04,leg_2.Q4_course_or_radial,Q4_course_or_radial,2,False,status_not_applicable,exact_status_value,"{""status"": ""not_applicable"", ""value"": null}","{""status"": ""present"", ""value"": {""type"": ""direct""}}"
B1_prime_link,KALM_R04,leg_3.Q4_course_or_radial,Q4_course_or_radial,3,False,status_not_observable,exact_status_value,"{""status"": ""not_observable"", ""value"": null}","{""status"": ""not_applicable"", ""value"": null}"
B1_prime_link,KALM_R04,leg_3.Q5_hold_params,Q5_hold_params,3,False,status_unknown,exact_status_value,"{""status"": ""unknown"", ""value"": null}","{""status"": ""present"", ""value"": {""inbound_course_deg"": 160.0, ""leg_distance_nm"": 5.0, ""leg_time_min"": null, ""turn"": ""RIGHT""}}"
B1_prime_link,KALN_L29,leg_1.Q4_course_or_radial,Q4_course_or_radial,1,False,status_not_observable,degree_display_rounding,"{""status"": ""not_observable"", ""value"": null}","{""status"": ""present"", ""value"": {""course_deg"": 294.4, ""type"": ""course_deg""}}"
B1_prime_link,KALN_L29,leg_2.Q4_course_or_radial,Q4_course_or_radial,2,False,status_unknown,degree_display_rounding,"{""status"": ""unknown"", ""value"": null}","{""status"": ""present"", ""value"": {""course_deg"": 310.0, ""type"": ""course_deg""}}"
B1_prime_link,KALN_L29,leg_3.Q4_course_or_radial,Q4_course_or_radial,3,False,status_unknown,degree_display_rounding,"{""status"": ""unknown"", ""value"": null}","{""status"": ""present"", ""value"": {""direction"": ""inbound"", ""navaid"": ""TOY"", ""radial_deg"": 322.0, ""type"": ""navaid_radial""}}"
B1_prime_link,KALN_L29,leg_4.Q4_course_or_radial,Q4_course_or_radial,4,False,missing_leg_or_field,exact_status_value,null,"{""status"": ""not_applicable"", ""value"": null}"
B1_prime_link,KALN_L29,leg_4.Q5_hold_params,Q5_hold_params,4,False,missing_leg_or_field,exact_status_value,null,"{""status"": ""present"", ""value"": {""inbound_course_deg"": 142.0, ""leg_distance_nm"": null, ""leg_time_min"": 1.0, ""turn"": ""LEFT""}}"
B1_prime_link,KALN_R11,leg_1.Q4_course_or_radial,Q4_course_or_radial,1,False,status_not_observable,degree_display_rounding,"{""status"": ""not_observable"", ""value"": null}","{""status"": ""present"", ""value"": {""course_deg"": 114.3, ""type"": ""course_deg""}}"
B1_prime_link,KALN_R11,leg_2.Q4_course_or_radial,Q4_course_or_radial,2,False,status_not_observable,exact_status_value,"{""status"": ""not_observable"", ""value"": null}","{""status"": ""present"", ""value"": {""type"": ""direct""}}"
B1_prime_link,KALN_R11,leg_2.Q5_hold_params,Q5_hold_params,2,False,target_not_present_but_pred_present,exact_status_value,"{""status"": ""present"", ""value"": {""inbound_course_deg"": null, ""leg_distance_nm"": null, ""leg_time_min"": null, ""turn"": null}}","{""status"": ""not_applicable"", ""value"": null}"
B1_prime_link,KALN_R11,leg_3.Q4_course_or_radial,Q4_course_or_radial,3,False,missing_leg_or_field,exact_status_value,null,"{""status"": ""not_applicable"", ""value"": null}"
B1_prime_link,KALN_R11,leg_3.Q5_hold_params,Q5_hold_params,3,False,missing_leg_or_field,degree_display_rounding,null,"{""status"": ""present"", ""value"": {""inbound_course_deg"": 294.5, ""leg_distance_nm"": 4.0, ""leg_time_min"": null, ""turn"": ""RIGHT""}}"
B1_prime_link,KALO_R12,leg_1.Q4_course_or_radial,Q4_course_or_radial,1,False,status_unknown,degree_display_rounding,"{""status"": ""unknown"", ""value"": null}","{""status"": ""present"", ""value"": {""course_deg"": 127.7, ""type"": ""course_deg""}}"
B1_prime_link,KALO_R12,leg_2.Q4_course_or_radial,Q4_course_or_radial,2,False,status_unknown,exact_status_value,"{""status"": ""unknown"", ""value"": null}","{""status"": ""present"", ""value"": {""type"": ""direct""}}"
B1_prime_link,KALO_R12,leg_3.Q4_course_or_radial,Q4_course_or_radial,3,False,missing_leg_or_field,exact_status_value,null,"{""status"": ""not_applicable"", ""value"": null}"
B1_prime_link,KALO_R12,leg_3.Q5_hold_params,Q5_hold_params,3,False,missing_leg_or_field,degree_display_rounding,null,"{""status"": ""present"", ""value"": {""inbound_course_deg"": 307.9, ""leg_distance_nm"": 5.0, ""leg_time_min"": null, ""turn"": ""RIGHT""}}"
B1_prime_link,KALO_R18,leg_1.Q4_course_or_radial,Q4_course_or_radial,1,False,status_not_observable,degree_display_rounding,"{""status"": ""not_observable"", ""value"": null}","{""status"": ""present"", ""value"": {""course_deg"": 187.8, ""type"": ""course_deg""}}"
B1_prime_link,KALO_R18,leg_2.Q4_course_or_radial,Q4_course_or_radial,2,False,status_not_observable,exact_status_value,"{""status"": ""not_observable"", ""value"": null}","{""status"": ""present"", ""value"": {""type"": ""direct""}}"
B1_prime_link,KALO_R18,leg_3.Q4_course_or_radial,Q4_course_or_radial,3,False,status_not_observable,exact_status_value,"{""status"": ""not_observable"", ""value"": null}","{""status"": ""not_applicable"", ""value"": null}"
B1_prime_link,KALO_R18,leg_3.Q5_hold_params,Q5_hold_params,3,False,status_not_observable,degree_display_rounding,"{""status"": ""not_observable"", ""value"": null}","{""status"": ""present"", ""value"": {""inbound_course_deg"": 187.8, ""leg_distance_nm"": 4.0, ""leg_time_min"": null, ""turn"": ""RIGHT""}}"
B1_prime_link,KALS_I02,leg_1.Q4_course_or_radial,Q4_course_or_radial,1,False,status_not_applicable,degree_display_rounding,"{""status"": ""not_applicable"", ""value"": null}","{""status"": ""present"", ""value"": {""course_deg"": 22.8, ""type"": ""course_deg""}}"
B1_prime_link,KALS_I02,leg_2.Q4_course_or_radial,Q4_course_or_radial,2,False,status_not_observable,exact_status_value,"{""status"": ""not_observable"", ""value"": null}","{""status"": ""present"", ""value"": {""type"": ""direct""}}"
B1_prime_link,KALS_I02,leg_3.Q4_course_or_radial,Q4_course_or_radial,3,False,status_unknown,exact_status_value,"{""status"": ""unknown"", ""value"": null}","{""status"": ""not_applicable"", ""value"": null}"
B1_prime_link,KALS_I02,leg_3.Q5_hold_params,Q5_hold_params,3,False,status_unknown,exact_status_value,"{""status"": ""unknown"", ""value"": null}","{""status"": ""present"", ""value"": {""inbound_course_deg"": 142.0, ""leg_distance_nm"": null, ""leg_time_min"": 1.0, ""turn"": ""RIGHT""}}"
B1_prime_link,KALS_R02,leg_1.Q4_course_or_radial,Q4_course_or_radial,1,False,status_unknown,degree_display_rounding,"{""status"": ""unknown"", ""value"": null}","{""status"": ""present"", ""value"": {""course_deg"": 22.7, ""type"": ""course_deg""}}"
B1_prime_link,KALS_R02,leg_2.Q4_course_or_radial,Q4_course_or_radial,2,False,type_mismatch:course_deg->direct,exact_status_value,"{""status"": ""present"", ""value"": {""course_deg"": 317, ""type"": ""course_deg""}}","{""status"": ""present"", ""value"": {""type"": ""direct""}}"
B1_prime_link,KALS_R02,leg_3.Q4_course_or_radial,Q4_course_or_radial,3,False,status_unknown,exact_status_value,"{""status"": ""unknown"", ""value"": null}","{""status"": ""not_applicable"", ""value"": null}"
B1_prime_link,KALS_R02,leg_4.Q4_course_or_radial,Q4_course_or_radial,4,False,missing_leg_or_field,exact_status_value,null,"{""status"": ""not_applicable"", ""value"": null}"
B1_prime_link,KALS_R02,leg_4.Q5_hold_params,Q5_hold_params,4,False,missing_leg_or_field,degree_display_rounding,null,"{""status"": ""present"", ""value"": {""inbound_course_deg"": 317.1, ""leg_distance_nm"": 9.0, ""leg_time_min"": null, ""turn"": ""RIGHT""}}"
B1_prime_link,KALS_R20,leg_1.Q4_course_or_radial,Q4_course_or_radial,1,False,status_unknown,degree_display_rounding,"{""status"": ""unknown"", ""value"": null}","{""status"": ""present"", ""value"": {""course_deg"": 202.8, ""type"": ""course_deg""}}"
B1_prime_link,KALS_R20,leg_2.Q4_course_or_radial,Q4_course_or_radial,2,False,status_unknown,exact_status_value,"{""status"": ""unknown"", ""value"": null}","{""status"": ""present"", ""value"": {""type"": ""direct""}}"
B1_prime_link,KALS_R20,leg_3.Q4_course_or_radial,Q4_course_or_radial,3,False,missing_leg_or_field,exact_status_value,null,"{""status"": ""not_applicable"", ""value"": null}"
B1_prime_link,KALS_R20,leg_3.Q5_hold_params,Q5_hold_params,3,False,missing_leg_or_field,degree_display_rounding,null,"{""status"": ""present"", ""value"": {""inbound_course_deg"": 202.7, ""leg_distance_nm"": 7.0, ""leg_time_min"": null, ""turn"": ""LEFT""}}"
B1_prime_link,KALW_R02,leg_1.Q4_course_or_radial,Q4_course_or_radial,1,False,status_not_observable,degree_display_rounding,"{""status"": ""not_observable"", ""value"": null}","{""status"": ""present"", ""value"": {""course_deg"": 22.1, ""type"": ""course_deg""}}"
B1_prime_link,KALW_R02,leg_2.Q4_course_or_radial,Q4_course_or_radial,2,False,status_not_observable,exact_status_value,"{""status"": ""not_observable"", ""value"": null}","{""status"": ""present"", ""value"": {""type"": ""direct""}}"
B1_prime_link,KALW_R02,leg_3.Q4_course_or_radial,Q4_course_or_radial,3,False,status_unknown,exact_status_value,"{""status"": ""unknown"", ""value"": null}","{""status"": ""not_applicable"", ""value"": null}"
B1_prime_link,KALW_R02,leg_4.Q4_course_or_radial,Q4_course_or_radial,4,False,missing_leg_or_field,exact_status_value,null,"{""status"": ""not_applicable"", ""value"": null}"
B1_prime_link,KALW_R02,leg_4.Q5_hold_params,Q5_hold_params,4,False,missing_leg_or_field,degree_display_rounding,null,"{""status"": ""present"", ""value"": {""inbound_course_deg"": 71.3, ""leg_distance_nm"": 4.0, ""leg_time_min"": null, ""turn"": ""RIGHT""}}"
B1_prime_link,KALW_R20,leg_1.Q4_course_or_radial,Q4_course_or_radial,1,False,status_unknown,degree_display_rounding,"{""status"": ""unknown"", ""value"": null}","{""status"": ""present"", ""value"": {""course_deg"": 202.3, ""type"": ""course_deg""}}"
B1_prime_link,KALW_R20,leg_2.Q4_course_or_radial,Q4_course_or_radial,2,False,status_unknown,exact_status_value,"{""status"": ""unknown"", ""value"": null}","{""status"": ""present"", ""value"": {""type"": ""direct""}}"
B1_prime_link,KALW_R20,leg_3.Q4_course_or_radial,Q4_course_or_radial,3,False,missing_leg_or_field,exact_status_value,null,"{""status"": ""not_applicable"", ""value"": null}"
B1_prime_link,KALW_R20,leg_3.Q5_hold_params,Q5_hold_params,3,False,missing_leg_or_field,degree_display_rounding,null,"{""status"": ""present"", ""value"": {""inbound_course_deg"": 22.1, ""leg_distance_nm"": 4.0, ""leg_time_min"": null, ""turn"": ""RIGHT""}}"
B1_prime_link,KALX_R18,leg_1.Q4_course_or_radial,Q4_course_or_radial,1,False,status_unknown,degree_display_rounding,"{""status"": ""unknown"", ""value"": null}","{""status"": ""present"", ""value"": {""course_deg"": 181.5, ""type"": ""course_deg""}}"
B1_prime_link,KALX_R18,leg_2.Q4_course_or_radial,Q4_course_or_radial,2,False,status_unknown,exact_status_value,"{""status"": ""unknown"", ""value"": null}","{""status"": ""present"", ""value"": {""type"": ""direct""}}"
B1_prime_link,KALX_R18,leg_3.Q4_course_or_radial,Q4_course_or_radial,3,False,missing_leg_or_field,exact_status_value,null,"{""status"": ""not_applicable"", ""value"": null}"
B1_prime_link,KALX_R18,leg_3.Q5_hold_params,Q5_hold_params,3,False,missing_leg_or_field,degree_display_rounding,null,"{""status"": ""present"", ""value"": {""inbound_course_deg"": 1.5, ""leg_distance_nm"": 4.0, ""leg_time_min"": null, ""turn"": ""RIGHT""}}"
B1_prime_link,KALX_R36,leg_1.Q4_course_or_radial,Q4_course_or_radial,1,False,status_not_observable,degree_display_rounding,"{""status"": ""not_observable"", ""value"": null}","{""status"": ""present"", ""value"": {""course_deg"": 1.5, ""type"": ""course_deg""}}"
B1_prime_link,KALX_R36,leg_2.Q4_course_or_radial,Q4_course_or_radial,2,False,status_not_observable,exact_status_value,"{""status"": ""not_observable"", ""value"": null}","{""status"": ""present"", ""value"": {""type"": ""direct""}}"
B1_prime_link,KALX_R36,leg_3.Q4_course_or_radial,Q4_course_or_radial,3,False,status_not_observable,exact_status_value,"{""status"": ""not_observable"", ""value"": null}","{""status"": ""not_applicable"", ""value"": null}"
B1_prime_link,KALX_R36,leg_3.Q5_hold_params,Q5_hold_params,3,False,status_not_observable,degree_display_rounding,"{""status"": ""not_observable"", ""value"": null}","{""status"": ""present"", ""value"": {""inbound_course_deg"": 1.5, ""leg_distance_nm"": 4.0, ""leg_time_min"": null, ""turn"": ""RIGHT""}}"
B1_prime_link,KAMA_I04,leg_1.Q4_course_or_radial,Q4_course_or_radial,1,False,status_not_observable,degree_display_rounding,"{""status"": ""not_observable"", ""value"": null}","{""status"": ""present"", ""value"": {""course_deg"": 38.0, ""type"": ""course_deg""}}"
B1_prime_link,KAMA_I04,leg_2.Q4_course_or_radial,Q4_course_or_radial,2,False,status_unknown,degree_display_rounding,"{""status"": ""unknown"", ""value"": null}","{""status"": ""present"", ""value"": {""direction"": ""inbound"", ""navaid"": ""PNH"", ""radial_deg"": 118.3, ""type"": ""navaid_radial""}}"
B1_prime_link,KAMA_I04,leg_3.Q4_course_or_radial,Q4_course_or_radial,3,False,status_not_observable,exact_status_value,"{""status"": ""not_observable"", ""value"": null}","{""status"": ""not_applicable"", ""value"": null}"
B1_prime_link,KAMA_I04,leg_3.Q5_hold_params,Q5_hold_params,3,False,missing_inbound_course_deg,degree_display_rounding,"{""status"": ""present"", ""value"": {""inbound_course_deg"": null, ""leg_distance_nm"": 13, ""leg_time_min"": null, ""turn"": null}}","{""status"": ""present"", ""value"": {""inbound_course_deg"": 298.3, ""leg_distance_nm"": null, ""leg_time_min"": 1.0, ""turn"": ""RIGHT""}}"
B1_prime_link,KAMA_R04-Y,leg_1.Q4_course_or_radial,Q4_course_or_radial,1,False,status_not_applicable,degree_display_rounding,"{""status"": ""not_applicable"", ""value"": null}","{""status"": ""present"", ""value"": {""course_deg"": 37.9, ""type"": ""course_deg""}}"
B1_prime_link,KAMA_R04-Y,leg_2.Q4_course_or_radial,Q4_course_or_radial,2,False,status_not_applicable,exact_status_value,"{""status"": ""not_applicable"", ""value"": null}","{""status"": ""present"", ""value"": {""type"": ""direct""}}"
B1_prime_link,KAMA_R04-Y,leg_3.Q4_course_or_radial,Q4_course_or_radial,3,False,status_unknown,exact_status_value,"{""status"": ""unknown"", ""value"": null}","{""status"": ""not_applicable"", ""value"": null}"
B1_prime_link,KAMA_R04-Y,leg_4.Q4_course_or_radial,Q4_course_or_radial,4,False,missing_leg_or_field,exact_status_value,null,"{""status"": ""not_applicable"", ""value"": null}"
B1_prime_link,KAMA_R04-Y,leg_4.Q5_hold_params,Q5_hold_params,4,False,missing_leg_or_field,degree_display_rounding,null,"{""status"": ""present"", ""value"": {""inbound_course_deg"": 233.1, ""leg_distance_nm"": 5.0, ""leg_time_min"": null, ""turn"": ""LEFT""}}"
B1_prime_link,KAMA_R13-Y,leg_1.Q4_course_or_radial,Q4_course_or_radial,1,False,status_not_applicable,degree_display_rounding,"{""status"": ""not_applicable"", ""value"": null}","{""status"": ""present"", ""value"": {""course_deg"": 129.4, ""type"": ""course_deg""}}"
B1_prime_link,KAMA_R13-Y,leg_2.Q4_course_or_radial,Q4_course_or_radial,2,False,status_unknown,exact_status_value,"{""status"": ""unknown"", ""value"": null}","{""status"": ""present"", ""value"": {""type"": ""direct""}}"
B1_prime_link,KAMA_R13-Y,leg_3.Q4_course_or_radial,Q4_course_or_radial,3,True,correct,exact_status_value,"{""status"": ""not_applicable"", ""value"": null}","{""status"": ""not_applicable"", ""value"": null}"
B1_prime_link,KAMA_R13-Y,leg_4.Q4_course_or_radial,Q4_course_or_radial,4,False,missing_leg_or_field,exact_status_value,null,"{""status"": ""not_applicable"", ""value"": null}"
B1_prime_link,KAMA_R13-Y,leg_4.Q5_hold_params,Q5_hold_params,4,False,missing_leg_or_field,degree_display_rounding,null,"{""status"": ""present"", ""value"": {""inbound_course_deg"": 298.3, ""leg_distance_nm"": 5.0, ""leg_time_min"": null, ""turn"": ""RIGHT""}}"
B1_prime_link,KAMG_R16,leg_1.Q4_course_or_radial,Q4_course_or_radial,1,False,status_unknown,degree_display_rounding,"{""status"": ""unknown"", ""value"": null}","{""status"": ""present"", ""value"": {""course_deg"": 156.9, ""type"": ""course_deg""}}"
B1_prime_link,KAMG_R16,leg_2.Q4_course_or_radial,Q4_course_or_radial,2,False,status_unknown,exact_status_value,"{""status"": ""unknown"", ""value"": null}","{""status"": ""present"", ""value"": {""type"": ""direct""}}"
B1_prime_link,KAMG_R16,leg_3.Q4_course_or_radial,Q4_course_or_radial,3,False,missing_leg_or_field,exact_status_value,null,"{""status"": ""not_applicable"", ""value"": null}"
B1_prime_link,KAMG_R16,leg_3.Q5_hold_params,Q5_hold_params,3,False,missing_leg_or_field,exact_status_value,null,"{""status"": ""present"", ""value"": {""inbound_course_deg"": 337.0, ""leg_distance_nm"": 4.0, ""leg_time_min"": null, ""turn"": ""RIGHT""}}"
B1_prime_link,KAMG_R34,leg_1.Q4_course_or_radial,Q4_course_or_radial,1,False,status_unknown,degree_display_rounding,"{""status"": ""unknown"", ""value"": null}","{""status"": ""present"", ""value"": {""course_deg"": 336.9, ""type"": ""course_deg""}}"
B1_prime_link,KAMG_R34,leg_2.Q4_course_or_radial,Q4_course_or_radial,2,False,status_unknown,exact_status_value,"{""status"": ""unknown"", ""value"": null}","{""status"": ""present"", ""value"": {""type"": ""direct""}}"
B1_prime_link,KAMG_R34,leg_3.Q4_course_or_radial,Q4_course_or_radial,3,False,missing_leg_or_field,exact_status_value,null,"{""status"": ""not_applicable"", ""value"": null}"
B1_prime_link,KAMG_R34,leg_3.Q5_hold_params,Q5_hold_params,3,False,missing_leg_or_field,degree_display_rounding,null,"{""status"": ""present"", ""value"": {""inbound_course_deg"": 156.8, ""leg_distance_nm"": 4.0, ""leg_time_min"": null, ""turn"": ""RIGHT""}}"
B1_prime_link,KAMN_R09,leg_1.Q4_course_or_radial,Q4_course_or_radial,1,False,status_unknown,degree_display_rounding,"{""status"": ""unknown"", ""value"": null}","{""status"": ""present"", ""value"": {""course_deg"": 95.2, ""type"": ""course_deg""}}"
B1_prime_link,KAMN_R09,leg_2.Q4_course_or_radial,Q4_course_or_radial,2,False,status_unknown,exact_status_value,"{""status"": ""unknown"", ""value"": null}","{""status"": ""present"", ""value"": {""type"": ""direct""}}"
B1_prime_link,KAMN_R09,leg_3.Q4_course_or_radial,Q4_course_or_radial,3,False,missing_leg_or_field,exact_status_value,null,"{""status"": ""not_applicable"", ""value"": null}"
B1_prime_link,KAMN_R09,leg_3.Q5_hold_params,Q5_hold_params,3,False,missing_leg_or_field,degree_display_rounding,null,"{""status"": ""present"", ""value"": {""inbound_course_deg"": 275.4, ""leg_distance_nm"": 4.0, ""leg_time_min"": null, ""turn"": ""RIGHT""}}"
B1_prime_link,KAMN_R18,leg_1.Q4_course_or_radial,Q4_course_or_radial,1,False,status_not_observable,degree_display_rounding,"{""status"": ""not_observable"", ""value"": null}","{""status"": ""present"", ""value"": {""course_deg"": 185.3, ""type"": ""course_deg""}}"
B1_prime_link,KAMN_R18,leg_2.Q4_course_or_radial,Q4_course_or_radial,2,False,status_not_observable,exact_status_value,"{""status"": ""not_observable"", ""value"": null}","{""status"": ""present"", ""value"": {""type"": ""direct""}}"
B1_prime_link,KAMN_R18,leg_2.Q5_hold_params,Q5_hold_params,2,False,target_not_present_but_pred_present,exact_status_value,"{""status"": ""present"", ""value"": {""inbound_course_deg"": null, ""leg_distance_nm"": null, ""leg_time_min"": null, ""turn"": null}}","{""status"": ""not_applicable"", ""value"": null}"
B1_prime_link,KAMN_R18,leg_3.Q4_course_or_radial,Q4_course_or_radial,3,False,missing_leg_or_field,exact_status_value,null,"{""status"": ""not_applicable"", ""value"": null}"
B1_prime_link,KAMN_R18,leg_3.Q5_hold_params,Q5_hold_params,3,False,missing_leg_or_field,degree_display_rounding,null,"{""status"": ""present"", ""value"": {""inbound_course_deg"": 185.3, ""leg_distance_nm"": 4.0, ""leg_time_min"": null, ""turn"": ""RIGHT""}}"
B1_prime_link,KAMN_R27,leg_1.Q4_course_or_radial,Q4_course_or_radial,1,False,status_not_observable,degree_display_rounding,"{""status"": ""not_observable"", ""value"": null}","{""status"": ""present"", ""value"": {""course_deg"": 275.3, ""type"": ""course_deg""}}"
B1_prime_link,KAMN_R27,leg_2.Q4_course_or_radial,Q4_course_or_radial,2,False,status_not_observable,exact_status_value,"{""status"": ""not_observable"", ""value"": null}","{""status"": ""present"", ""value"": {""type"": ""direct""}}"
B1_prime_link,KAMN_R27,leg_3.Q4_course_or_radial,Q4_course_or_radial,3,False,status_not_observable,exact_status_value,"{""status"": ""not_observable"", ""value"": null}","{""status"": ""not_applicable"", ""value"": null}"
B1_prime_link,KAMN_R27,leg_3.Q5_hold_params,Q5_hold_params,3,False,status_not_observable,degree_display_rounding,"{""status"": ""not_observable"", ""value"": null}","{""status"": ""present"", ""value"": {""inbound_course_deg"": 275.4, ""leg_distance_nm"": 4.0, ""leg_time_min"": null, ""turn"": ""RIGHT""}}"
B1_prime_link,KAMT_R05,leg_1.Q4_course_or_radial,Q4_course_or_radial,1,False,status_unknown,degree_display_rounding,"{""status"": ""unknown"", ""value"": null}","{""status"": ""present"", ""value"": {""course_deg"": 49.1, ""type"": ""course_deg""}}"
B1_prime_link,KAMT_R05,leg_2.Q4_course_or_radial,Q4_course_or_radial,2,False,status_unknown,exact_status_value,"{""status"": ""unknown"", ""value"": null}","{""status"": ""present"", ""value"": {""type"": ""direct""}}"
B1_prime_link,KAMT_R05,leg_3.Q4_course_or_radial,Q4_course_or_radial,3,False,missing_leg_or_field,exact_status_value,null,"{""status"": ""not_applicable"", ""value"": null}"
B1_prime_link,KAMT_R05,leg_3.Q5_hold_params,Q5_hold_params,3,False,missing_leg_or_field,degree_display_rounding,null,"{""status"": ""present"", ""value"": {""inbound_course_deg"": 229.3, ""leg_distance_nm"": 4.0, ""leg_time_min"": null, ""turn"": ""RIGHT""}}"
B1_prime_link,KAMT_R23,leg_1.Q4_course_or_radial,Q4_course_or_radial,1,False,status_not_observable,degree_display_rounding,"{""status"": ""not_observable"", ""value"": null}","{""status"": ""present"", ""value"": {""course_deg"": 229.2, ""type"": ""course_deg""}}"
B1_prime_link,KAMT_R23,leg_2.Q4_course_or_radial,Q4_course_or_radial,2,False,status_not_observable,exact_status_value,"{""status"": ""not_observable"", ""value"": null}","{""status"": ""present"", ""value"": {""type"": ""direct""}}"
B1_prime_link,KAMT_R23,leg_2.Q5_hold_params,Q5_hold_params,2,False,target_not_present_but_pred_present,exact_status_value,"{""status"": ""present"", ""value"": {""inbound_course_deg"": null, ""leg_distance_nm"": null, ""leg_time_min"": null, ""turn"": null}}","{""status"": ""not_applicable"", ""value"": null}"
B1_prime_link,KAMT_R23,leg_3.Q4_course_or_radial,Q4_course_or_radial,3,False,missing_leg_or_field,exact_status_value,null,"{""status"": ""not_applicable"", ""value"": null}"
B1_prime_link,KAMT_R23,leg_3.Q5_hold_params,Q5_hold_params,3,False,missing_leg_or_field,degree_display_rounding,null,"{""status"": ""present"", ""value"": {""inbound_course_deg"": 49.1, ""leg_distance_nm"": 4.0, ""leg_time_min"": null, ""turn"": ""RIGHT""}}"
B1_prime_link,KAMW_R01,leg_1.Q4_course_or_radial,Q4_course_or_radial,1,False,status_not_observable,degree_display_rounding,"{""status"": ""not_observable"", ""value"": null}","{""status"": ""present"", ""value"": {""course_deg"": 13.6, ""type"": ""course_deg""}}"
B1_prime_link,KAMW_R01,leg_2.Q4_course_or_radial,Q4_course_or_radial,2,False,status_not_observable,exact_status_value,"{""status"": ""not_observable"", ""value"": null}","{""status"": ""present"", ""value"": {""type"": ""direct""}}"
B1_prime_link,KAMW_R01,leg_3.Q4_course_or_radial,Q4_course_or_radial,3,False,missing_leg_or_field,exact_status_value,null,"{""status"": ""not_applicable"", ""value"": null}"
B1_prime_link,KAMW_R01,leg_3.Q5_hold_params,Q5_hold_params,3,False,missing_leg_or_field,degree_display_rounding,null,"{""status"": ""present"", ""value"": {""inbound_course_deg"": 193.7, ""leg_distance_nm"": 4.0, ""leg_time_min"": null, ""turn"": ""LEFT""}}"
B1_prime_link,KAMW_R13,leg_1.Q4_course_or_radial,Q4_course_or_radial,1,False,status_unknown,degree_display_rounding,"{""status"": ""unknown"", ""value"": null}","{""status"": ""present"", ""value"": {""course_deg"": 133.1, ""type"": ""course_deg""}}"
B1_prime_link,KAMW_R13,leg_2.Q4_course_or_radial,Q4_course_or_radial,2,False,status_unknown,exact_status_value,"{""status"": ""unknown"", ""value"": null}","{""status"": ""present"", ""value"": {""type"": ""direct""}}"
B1_prime_link,KAMW_R13,leg_3.Q4_course_or_radial,Q4_course_or_radial,3,False,missing_leg_or_field,exact_status_value,null,"{""status"": ""not_applicable"", ""value"": null}"
B1_prime_link,KAMW_R13,leg_3.Q5_hold_params,Q5_hold_params,3,False,missing_leg_or_field,degree_display_rounding,null,"{""status"": ""present"", ""value"": {""inbound_course_deg"": 313.3, ""leg_distance_nm"": 4.0, ""leg_time_min"": null, ""turn"": ""RIGHT""}}"
B1_prime_link,KAMW_R19,leg_1.Q4_course_or_radial,Q4_course_or_radial,1,False,status_not_observable,degree_display_rounding,"{""status"": ""not_observable"", ""value"": null}","{""status"": ""present"", ""value"": {""course_deg"": 193.6, ""type"": ""course_deg""}}"
B1_prime_link,KAMW_R19,leg_2.Q4_course_or_radial,Q4_course_or_radial,2,False,status_not_observable,exact_status_value,"{""status"": ""not_observable"", ""value"": null}","{""status"": ""present"", ""value"": {""type"": ""direct""}}"
B1_prime_link,KAMW_R19,leg_3.Q4_course_or_radial,Q4_course_or_radial,3,False,missing_leg_or_field,exact_status_value,null,"{""status"": ""not_applicable"", ""value"": null}"
B1_prime_link,KAMW_R19,leg_3.Q5_hold_params,Q5_hold_params,3,False,missing_leg_or_field,degree_display_rounding,null,"{""status"": ""present"", ""value"": {""inbound_course_deg"": 13.5, ""leg_distance_nm"": 4.0, ""leg_time_min"": null, ""turn"": ""RIGHT""}}"
B1_prime_link,KANB_R05,leg_1.Q4_course_or_radial,Q4_course_or_radial,1,False,status_not_applicable,degree_display_rounding,"{""status"": ""not_applicable"", ""value"": null}","{""status"": ""present"", ""value"": {""course_deg"": 52.4, ""type"": ""course_deg""}}"
B1_prime_link,KANB_R05,leg_2.Q4_course_or_radial,Q4_course_or_radial,2,False,status_not_applicable,exact_status_value,"{""status"": ""not_applicable"", ""value"": null}","{""status"": ""present"", ""value"": {""type"": ""direct""}}"
B1_prime_link,KANB_R05,leg_3.Q4_course_or_radial,Q4_course_or_radial,3,False,status_unknown,degree_display_rounding,"{""status"": ""unknown"", ""value"": null}","{""status"": ""present"", ""value"": {""course_deg"": 209.8, ""type"": ""course_deg""}}"
B1_prime_link,KANB_R05,leg_4.Q4_course_or_radial,Q4_course_or_radial,4,False,status_unknown,degree_display_rounding,"{""status"": ""unknown"", ""value"": null}","{""status"": ""present"", ""value"": {""course_deg"": 299.7, ""type"": ""course_deg""}}"
B1_prime_link,KANB_R05,leg_5.Q4_course_or_radial,Q4_course_or_radial,5,False,missing_leg_or_field,exact_status_value,null,"{""status"": ""not_applicable"", ""value"": null}"
B1_prime_link,KANB_R05,leg_5.Q5_hold_params,Q5_hold_params,5,False,missing_leg_or_field,degree_display_rounding,null,"{""status"": ""present"", ""value"": {""inbound_course_deg"": 52.3, ""leg_distance_nm"": 4.0, ""leg_time_min"": null, ""turn"": ""LEFT""}}"
B1_prime_link,KANB_R23,leg_1.Q4_course_or_radial,Q4_course_or_radial,1,False,status_unknown,degree_display_rounding,"{""status"": ""unknown"", ""value"": null}","{""status"": ""present"", ""value"": {""course_deg"": 232.5, ""type"": ""course_deg""}}"
B1_prime_link,KANB_R23,leg_2.Q4_course_or_radial,Q4_course_or_radial,2,False,status_unknown,exact_status_value,"{""status"": ""unknown"", ""value"": null}","{""status"": ""present"", ""value"": {""type"": ""direct""}}"
B1_prime_link,KANB_R23,leg_3.Q4_course_or_radial,Q4_course_or_radial,3,False,missing_leg_or_field,exact_status_value,null,"{""status"": ""not_applicable"", ""value"": null}"
B1_prime_link,KANB_R23,leg_3.Q5_hold_params,Q5_hold_params,3,False,missing_leg_or_field,degree_display_rounding,null,"{""status"": ""present"", ""value"": {""inbound_course_deg"": 52.3, ""leg_distance_nm"": 4.0, ""leg_time_min"": null, ""turn"": ""LEFT""}}"
B1_prime_link,KANJ_R14,leg_1.Q4_course_or_radial,Q4_course_or_radial,1,False,status_not_observable,degree_display_rounding,"{""status"": ""not_observable"", ""value"": null}","{""status"": ""present"", ""value"": {""course_deg"": 142.8, ""type"": ""course_deg""}}"
B1_prime_link,KANJ_R14,leg_2.Q4_course_or_radial,Q4_course_or_radial,2,False,status_unknown,exact_status_value,"{""status"": ""unknown"", ""value"": null}","{""status"": ""present"", ""value"": {""type"": ""direct""}}"
B1_prime_link,KANJ_R14,leg_3.Q4_course_or_radial,Q4_course_or_radial,3,False,status_not_observable,degree_display_rounding,"{""status"": ""not_observable"", ""value"": null}","{""status"": ""present"", ""value"": {""course_deg"": 146.7, ""type"": ""course_deg""}}"
B1_prime_link,KANJ_R14,leg_4.Q4_course_or_radial,Q4_course_or_radial,4,False,missing_leg_or_field,exact_status_value,null,"{""status"": ""not_applicable"", ""value"": null}"
B1_prime_link,KANJ_R14,leg_4.Q5_hold_params,Q5_hold_params,4,False,missing_leg_or_field,degree_display_rounding,null,"{""status"": ""present"", ""value"": {""inbound_course_deg"": 129.3, ""leg_distance_nm"": 4.0, ""leg_time_min"": null, ""turn"": ""RIGHT""}}"
B1_prime_link,KANJ_R32,leg_1.Q4_course_or_radial,Q4_course_or_radial,1,False,status_unknown,degree_display_rounding,"{""status"": ""unknown"", ""value"": null}","{""status"": ""present"", ""value"": {""course_deg"": 322.9, ""type"": ""course_deg""}}"
B1_prime_link,KANJ_R32,leg_2.Q4_course_or_radial,Q4_course_or_radial,2,False,status_unknown,exact_status_value,"{""status"": ""unknown"", ""value"": null}","{""status"": ""present"", ""value"": {""type"": ""direct""}}"
B1_prime_link,KANJ_R32,leg_3.Q4_course_or_radial,Q4_course_or_radial,3,False,missing_leg_or_field,exact_status_value,null,"{""status"": ""not_applicable"", ""value"": null}"
B1_prime_link,KANJ_R32,leg_3.Q5_hold_params,Q5_hold_params,3,False,missing_leg_or_field,degree_display_rounding,null,"{""status"": ""present"", ""value"": {""inbound_course_deg"": 142.7, ""leg_distance_nm"": 4.0, ""leg_time_min"": null, ""turn"": ""RIGHT""}}"
B1_prime_link,KANP_RNV-A,leg_1.Q4_course_or_radial,Q4_course_or_radial,1,False,status_unknown,degree_display_rounding,"{""status"": ""unknown"", ""value"": null}","{""status"": ""present"", ""value"": {""course_deg"": 297.6, ""type"": ""course_deg""}}"
B1_prime_link,KANP_RNV-A,leg_2.Q4_course_or_radial,Q4_course_or_radial,2,False,status_unknown,exact_status_value,"{""status"": ""unknown"", ""value"": null}","{""status"": ""present"", ""value"": {""type"": ""direct""}}"
B1_prime_link,KANP_RNV-A,leg_3.Q4_course_or_radial,Q4_course_or_radial,3,False,missing_leg_or_field,exact_status_value,null,"{""status"": ""not_applicable"", ""value"": null}"
B1_prime_link,KANP_RNV-A,leg_3.Q5_hold_params,Q5_hold_params,3,False,missing_leg_or_field,degree_display_rounding,null,"{""status"": ""present"", ""value"": {""inbound_course_deg"": 297.7, ""leg_distance_nm"": 4.0, ""leg_time_min"": null, ""turn"": ""LEFT""}}"
B1_prime_link,KANQ_R05,leg_1.Q4_course_or_radial,Q4_course_or_radial,1,False,status_unknown,degree_display_rounding,"{""status"": ""unknown"", ""value"": null}","{""status"": ""present"", ""value"": {""course_deg"": 52.0, ""type"": ""course_deg""}}"
B1_prime_link,KANQ_R05,leg_2.Q4_course_or_radial,Q4_course_or_radial,2,False,status_unknown,exact_status_value,"{""status"": ""unknown"", ""value"": null}","{""status"": ""present"", ""value"": {""type"": ""direct""}}"
B1_prime_link,KANQ_R05,leg_2.Q5_hold_params,Q5_hold_params,2,False,target_not_present_but_pred_present,exact_status_value,"{""status"": ""present"", ""value"": {""inbound_course_deg"": 232, ""leg_distance_nm"": 4, ""leg_time_min"": null, ""turn"": null}}","{""status"": ""not_applicable"", ""value"": null}"
B1_prime_link,KANQ_R05,leg_3.Q4_course_or_radial,Q4_course_or_radial,3,False,missing_leg_or_field,exact_status_value,null,"{""status"": ""not_applicable"", ""value"": null}"
B1_prime_link,KANQ_R05,leg_3.Q5_hold_params,Q5_hold_params,3,False,missing_leg_or_field,degree_display_rounding,null,"{""status"": ""present"", ""value"": {""inbound_course_deg"": 232.2, ""leg_distance_nm"": 4.0, ""leg_time_min"": null, ""turn"": ""RIGHT""}}"
B1_prime_link,KANQ_R23,leg_1.Q4_course_or_radial,Q4_course_or_radial,1,False,status_unknown,degree_display_rounding,"{""status"": ""unknown"", ""value"": null}","{""status"": ""present"", ""value"": {""course_deg"": 232.1, ""type"": ""course_deg""}}"
B1_prime_link,KANQ_R23,leg_2.Q4_course_or_radial,Q4_course_or_radial,2,False,status_unknown,exact_status_value,"{""status"": ""unknown"", ""value"": null}","{""status"": ""present"", ""value"": {""type"": ""direct""}}"
B1_prime_link,KANQ_R23,leg_3.Q4_course_or_radial,Q4_course_or_radial,3,False,missing_leg_or_field,exact_status_value,null,"{""status"": ""not_applicable"", ""value"": null}"
B1_prime_link,KANQ_R23,leg_3.Q5_hold_params,Q5_hold_params,3,False,missing_leg_or_field,degree_display_rounding,null,"{""status"": ""present"", ""value"": {""inbound_course_deg"": 51.9, ""leg_distance_nm"": 4.0, ""leg_time_min"": null, ""turn"": ""RIGHT""}}"
B1_prime_link,KANW_R13,leg_1.Q4_course_or_radial,Q4_course_or_radial,1,False,status_unknown,degree_display_rounding,"{""status"": ""unknown"", ""value"": null}","{""status"": ""present"", ""value"": {""course_deg"": 128.3, ""type"": ""course_deg""}}"
B1_prime_link,KANW_R13,leg_2.Q4_course_or_radial,Q4_course_or_radial,2,False,status_unknown,exact_status_value,"{""status"": ""unknown"", ""value"": null}","{""status"": ""present"", ""value"": {""type"": ""direct""}}"
B1_prime_link,KANW_R13,leg_3.Q4_course_or_radial,Q4_course_or_radial,3,False,missing_leg_or_field,exact_status_value,null,"{""status"": ""not_applicable"", ""value"": null}"
B1_prime_link,KANW_R13,leg_3.Q5_hold_params,Q5_hold_params,3,False,missing_leg_or_field,degree_display_rounding,null,"{""status"": ""present"", ""value"": {""inbound_course_deg"": 308.5, ""leg_distance_nm"": 5.0, ""leg_time_min"": null, ""turn"": ""RIGHT""}}"
B1_prime_link,KANW_R17,leg_1.Q4_course_or_radial,Q4_course_or_radial,1,False,status_not_observable,degree_display_rounding,"{""status"": ""not_observable"", ""value"": null}","{""status"": ""present"", ""value"": {""course_deg"": 173.3, ""type"": ""course_deg""}}"
B1_prime_link,KANW_R17,leg_2.Q4_course_or_radial,Q4_course_or_radial,2,False,status_not_observable,exact_status_value,"{""status"": ""not_observable"", ""value"": null}","{""status"": ""present"", ""value"": {""type"": ""direct""}}"
B1_prime_link,KANW_R17,leg_3.Q4_course_or_radial,Q4_course_or_radial,3,False,missing_leg_or_field,exact_status_value,null,"{""status"": ""not_applicable"", ""value"": null}"
B1_prime_link,KANW_R17,leg_3.Q5_hold_params,Q5_hold_params,3,False,missing_leg_or_field,degree_display_rounding,null,"{""status"": ""present"", ""value"": {""inbound_course_deg"": 353.3, ""leg_distance_nm"": 5.0, ""leg_time_min"": null, ""turn"": ""RIGHT""}}"
B1_prime_link,KANW_R31,leg_1.Q4_course_or_radial,Q4_course_or_radial,1,False,status_unknown,degree_display_rounding,"{""status"": ""unknown"", ""value"": null}","{""status"": ""present"", ""value"": {""course_deg"": 308.4, ""type"": ""course_deg""}}"
B1_prime_link,KANW_R31,leg_2.Q4_course_or_radial,Q4_course_or_radial,2,False,status_unknown,exact_status_value,"{""status"": ""unknown"", ""value"": null}","{""status"": ""present"", ""value"": {""type"": ""direct""}}"
B1_prime_link,KANW_R31,leg_3.Q4_course_or_radial,Q4_course_or_radial,3,False,missing_leg_or_field,exact_status_value,null,"{""status"": ""not_applicable"", ""value"": null}"
B1_prime_link,KANW_R31,leg_3.Q5_hold_params,Q5_hold_params,3,False,missing_leg_or_field,degree_display_rounding,null,"{""status"": ""present"", ""value"": {""inbound_course_deg"": 128.2, ""leg_distance_nm"": 5.0, ""leg_time_min"": null, ""turn"": ""RIGHT""}}"
B1_prime_link,KAOV_R13,leg_1.Q4_course_or_radial,Q4_course_or_radial,1,False,status_not_observable,degree_display_rounding,"{""status"": ""not_observable"", ""value"": null}","{""status"": ""present"", ""value"": {""course_deg"": 135.3, ""type"": ""course_deg""}}"
B1_prime_link,KAOV_R13,leg_2.Q4_course_or_radial,Q4_course_or_radial,2,False,status_not_observable,exact_status_value,"{""status"": ""not_observable"", ""value"": null}","{""status"": ""present"", ""value"": {""type"": ""direct""}}"
B1_prime_link,KAOV_R13,leg_2.Q5_hold_params,Q5_hold_params,2,False,target_not_present_but_pred_present,exact_status_value,"{""status"": ""present"", ""value"": {""inbound_course_deg"": null, ""leg_distance_nm"": null, ""leg_time_min"": null, ""turn"": null}}","{""status"": ""not_applicable"", ""value"": null}"
B1_prime_link,KAOV_R13,leg_3.Q4_course_or_radial,Q4_course_or_radial,3,False,missing_leg_or_field,exact_status_value,null,"{""status"": ""not_applicable"", ""value"": null}"
B1_prime_link,KAOV_R13,leg_3.Q5_hold_params,Q5_hold_params,3,False,missing_leg_or_field,degree_display_rounding,null,"{""status"": ""present"", ""value"": {""inbound_course_deg"": 315.4, ""leg_distance_nm"": 5.0, ""leg_time_min"": null, ""turn"": ""RIGHT""}}"
B1_prime_link,KAOV_R31,leg_1.Q4_course_or_radial,Q4_course_or_radial,1,False,status_unknown,degree_display_rounding,"{""status"": ""unknown"", ""value"": null}","{""status"": ""present"", ""value"": {""course_deg"": 315.4, ""type"": ""course_deg""}}"
B1_prime_link,KAOV_R31,leg_2.Q4_course_or_radial,Q4_course_or_radial,2,False,status_unknown,exact_status_value,"{""status"": ""unknown"", ""value"": null}","{""status"": ""present"", ""value"": {""type"": ""direct""}}"
B1_prime_link,KAOV_R31,leg_3.Q4_course_or_radial,Q4_course_or_radial,3,False,missing_leg_or_field,exact_status_value,null,"{""status"": ""not_applicable"", ""value"": null}"
B1_prime_link,KAOV_R31,leg_3.Q5_hold_params,Q5_hold_params,3,False,missing_leg_or_field,degree_display_rounding,null,"{""status"": ""present"", ""value"": {""inbound_course_deg"": 135.3, ""leg_distance_nm"": 5.0, ""leg_time_min"": null, ""turn"": ""RIGHT""}}"
B1_prime_link,KAPC_I01L,leg_1.Q4_course_or_radial,Q4_course_or_radial,1,False,status_unknown,degree_display_rounding,"{""status"": ""unknown"", ""value"": null}","{""status"": ""present"", ""value"": {""course_deg"": 5.7, ""type"": ""course_deg""}}"
B1_prime_link,KAPC_I01L,leg_2.Q4_course_or_radial,Q4_course_or_radial,2,False,status_unknown,exact_status_value,"{""status"": ""unknown"", ""value"": null}","{""status"": ""present"", ""value"": {""type"": ""direct""}}"
B1_prime_link,KAPC_I01L,leg_3.Q4_course_or_radial,Q4_course_or_radial,3,False,status_unknown,exact_status_value,"{""status"": ""unknown"", ""value"": null}","{""status"": ""not_applicable"", ""value"": null}"
B1_prime_link,KAPC_I01L,leg_4.Q4_course_or_radial,Q4_course_or_radial,4,False,missing_leg_or_field,exact_status_value,null,"{""status"": ""not_applicable"", ""value"": null}"
B1_prime_link,KAPC_I01L,leg_4.Q5_hold_params,Q5_hold_params,4,False,missing_leg_or_field,exact_status_value,null,"{""status"": ""present"", ""value"": {""inbound_course_deg"": 230.0, ""leg_distance_nm"": null, ""leg_time_min"": 1.0, ""turn"": ""RIGHT""}}"
B1_prime_link,KAPC_R01LY,leg_1.Q4_course_or_radial,Q4_course_or_radial,1,False,status_not_observable,degree_display_rounding,"{""status"": ""not_observable"", ""value"": null}","{""status"": ""present"", ""value"": {""course_deg"": 5.7, ""type"": ""course_deg""}}"
B1_prime_link,KAPC_R01LY,leg_2.Q4_course_or_radial,Q4_course_or_radial,2,False,status_not_observable,exact_status_value,"{""status"": ""not_observable"", ""value"": null}","{""status"": ""present"", ""value"": {""type"": ""direct""}}"
B1_prime_link,KAPC_R01LY,leg_3.Q4_course_or_radial,Q4_course_or_radial,3,False,missing_leg_or_field,exact_status_value,null,"{""status"": ""not_applicable"", ""value"": null}"
B1_prime_link,KAPC_R01LY,leg_4.Q4_course_or_radial,Q4_course_or_radial,4,False,missing_leg_or_field,exact_status_value,null,"{""status"": ""not_applicable"", ""value"": null}"
B1_prime_link,KAPC_R01LY,leg_4.Q5_hold_params,Q5_hold_params,4,False,missing_leg_or_field,degree_display_rounding,null,"{""status"": ""present"", ""value"": {""inbound_course_deg"": 330.4, ""leg_distance_nm"": 5.0, ""leg_time_min"": null, ""turn"": ""RIGHT""}}"
B1_prime_link,KAPC_R01LZ,leg_1.Q4_course_or_radial,Q4_course_or_radial,1,False,status_not_observable,degree_display_rounding,"{""status"": ""not_observable"", ""value"": null}","{""status"": ""present"", ""value"": {""course_deg"": 5.7, ""type"": ""course_deg""}}"
B1_prime_link,KAPC_R01LZ,leg_2.Q4_course_or_radial,Q4_course_or_radial,2,False,status_not_observable,exact_status_value,"{""status"": ""not_observable"", ""value"": null}","{""status"": ""present"", ""value"": {""type"": ""direct""}}"
B1_prime_link,KAPC_R01LZ,leg_3.Q4_course_or_radial,Q4_course_or_radial,3,False,missing_leg_or_field,exact_status_value,null,"{""status"": ""not_applicable"", ""value"": null}"
B1_prime_link,KAPC_R01LZ,leg_4.Q4_course_or_radial,Q4_course_or_radial,4,False,missing_leg_or_field,exact_status_value,null,"{""status"": ""not_applicable"", ""value"": null}"
B1_prime_link,KAPC_R01LZ,leg_4.Q5_hold_params,Q5_hold_params,4,False,missing_leg_or_field,degree_display_rounding,null,"{""status"": ""present"", ""value"": {""inbound_course_deg"": 330.4, ""leg_distance_nm"": 5.0, ""leg_time_min"": null, ""turn"": ""RIGHT""}}"
B1_prime_link,KAPF_R05-Y,leg_1.Q4_course_or_radial,Q4_course_or_radial,1,False,status_unknown,degree_display_rounding,"{""status"": ""unknown"", ""value"": null}","{""status"": ""present"", ""value"": {""course_deg"": 47.2, ""type"": ""course_deg""}}"
B1_prime_link,KAPF_R05-Y,leg_2.Q4_course_or_radial,Q4_course_or_radial,2,False,status_unknown,exact_status_value,"{""status"": ""unknown"", ""value"": null}","{""status"": ""present"", ""value"": {""type"": ""direct""}}"
B1_prime_link,KAPF_R05-Y,leg_3.Q4_course_or_radial,Q4_course_or_radial,3,False,status_unknown,exact_status_value,"{""status"": ""unknown"", ""value"": null}","{""status"": ""not_applicable"", ""value"": null}"
B1_prime_link,KAPF_R05-Y,leg_3.Q5_hold_params,Q5_hold_params,3,False,status_unknown,exact_status_value,"{""status"": ""unknown"", ""value"": null}","{""status"": ""present"", ""value"": {""inbound_course_deg"": 8.0, ""leg_distance_nm"": 4.0, ""leg_time_min"": null, ""turn"": ""RIGHT""}}"
B1_prime_link,KAPF_R14,leg_1.Q4_course_or_radial,Q4_course_or_radial,1,False,status_unknown,degree_display_rounding,"{""status"": ""unknown"", ""value"": null}","{""status"": ""present"", ""value"": {""course_deg"": 137.2, ""type"": ""course_deg""}}"
B1_prime_link,KAPF_R14,leg_2.Q4_course_or_radial,Q4_course_or_radial,2,False,status_unknown,exact_status_value,"{""status"": ""unknown"", ""value"": null}","{""status"": ""present"", ""value"": {""type"": ""direct""}}"
B1_prime_link,KAPF_R14,leg_3.Q4_course_or_radial,Q4_course_or_radial,3,False,status_unknown,exact_status_value,"{""status"": ""unknown"", ""value"": null}","{""status"": ""not_applicable"", ""value"": null}"
B1_prime_link,KAPF_R14,leg_3.Q5_hold_params,Q5_hold_params,3,False,status_unknown,exact_status_value,"{""status"": ""unknown"", ""value"": null}","{""status"": ""present"", ""value"": {""inbound_course_deg"": 8.0, ""leg_distance_nm"": 4.0, ""leg_time_min"": null, ""turn"": ""RIGHT""}}"
B1_prime_link,KAPF_R23-Y,leg_1.Q4_course_or_radial,Q4_course_or_radial,1,False,status_unknown,degree_display_rounding,"{""status"": ""unknown"", ""value"": null}","{""status"": ""present"", ""value"": {""course_deg"": 227.3, ""type"": ""course_deg""}}"
B1_prime_link,KAPF_R23-Y,leg_2.Q4_course_or_radial,Q4_course_or_radial,2,False,status_unknown,exact_status_value,"{""status"": ""unknown"", ""value"": null}","{""status"": ""present"", ""value"": {""type"": ""direct""}}"
B1_prime_link,KAPF_R23-Y,leg_3.Q4_course_or_radial,Q4_course_or_radial,3,False,missing_leg_or_field,exact_status_value,null,"{""status"": ""not_applicable"", ""value"": null}"
B1_prime_link,KAPF_R23-Y,leg_3.Q5_hold_params,Q5_hold_params,3,False,missing_leg_or_field,degree_display_rounding,null,"{""status"": ""present"", ""value"": {""inbound_course_deg"": 47.2, ""leg_distance_nm"": 4.0, ""leg_time_min"": null, ""turn"": ""RIGHT""}}"
B1_prime_link,KAPT_R04,leg_1.Q4_course_or_radial,Q4_course_or_radial,1,False,status_unknown,degree_display_rounding,"{""status"": ""unknown"", ""value"": null}","{""status"": ""present"", ""value"": {""course_deg"": 25.0, ""type"": ""course_deg""}}"
B1_prime_link,KAPT_R04,leg_2.Q4_course_or_radial,Q4_course_or_radial,2,False,status_unknown,exact_status_value,"{""status"": ""unknown"", ""value"": null}","{""status"": ""present"", ""value"": {""type"": ""direct""}}"
B1_prime_link,KAPT_R04,leg_3.Q4_course_or_radial,Q4_course_or_radial,3,False,status_unknown,exact_status_value,"{""status"": ""unknown"", ""value"": null}","{""status"": ""not_applicable"", ""value"": null}"
B1_prime_link,KAPT_R04,leg_4.Q4_course_or_radial,Q4_course_or_radial,4,False,missing_leg_or_field,exact_status_value,null,"{""status"": ""not_applicable"", ""value"": null}"
B1_prime_link,KAPT_R04,leg_4.Q5_hold_params,Q5_hold_params,4,False,missing_leg_or_field,degree_display_rounding,null,"{""status"": ""present"", ""value"": {""inbound_course_deg"": 24.3, ""leg_distance_nm"": 5.0, ""leg_time_min"": null, ""turn"": ""RIGHT""}}"
B1_prime_link,KAQO_R17,leg_1.Q4_course_or_radial,Q4_course_or_radial,1,False,status_not_observable,degree_display_rounding,"{""status"": ""not_observable"", ""value"": null}","{""status"": ""present"", ""value"": {""course_deg"": 174.2, ""type"": ""course_deg""}}"
B1_prime_link,KAQO_R17,leg_2.Q4_course_or_radial,Q4_course_or_radial,2,False,status_not_observable,exact_status_value,"{""status"": ""not_observable"", ""value"": null}","{""status"": ""present"", ""value"": {""type"": ""direct""}}"
B1_prime_link,KAQO_R17,leg_3.Q4_course_or_radial,Q4_course_or_radial,3,False,missing_leg_or_field,exact_status_value,null,"{""status"": ""not_applicable"", ""value"": null}"
B1_prime_link,KAQO_R17,leg_3.Q5_hold_params,Q5_hold_params,3,False,missing_leg_or_field,degree_display_rounding,null,"{""status"": ""present"", ""value"": {""inbound_course_deg"": 354.2, ""leg_distance_nm"": 4.0, ""leg_time_min"": null, ""turn"": ""RIGHT""}}"
B1_prime_link,KAQO_R35,leg_1.Q4_course_or_radial,Q4_course_or_radial,1,False,status_unknown,degree_display_rounding,"{""status"": ""unknown"", ""value"": null}","{""status"": ""present"", ""value"": {""course_deg"": 354.2, ""type"": ""course_deg""}}"
B1_prime_link,KAQO_R35,leg_2.Q4_course_or_radial,Q4_course_or_radial,2,False,status_unknown,exact_status_value,"{""status"": ""unknown"", ""value"": null}","{""status"": ""present"", ""value"": {""type"": ""direct""}}"
B1_prime_link,KAQO_R35,leg_3.Q4_course_or_radial,Q4_course_or_radial,3,False,missing_leg_or_field,exact_status_value,null,"{""status"": ""not_applicable"", ""value"": null}"
B1_prime_link,KAQO_R35,leg_3.Q5_hold_params,Q5_hold_params,3,False,missing_leg_or_field,degree_display_rounding,null,"{""status"": ""present"", ""value"": {""inbound_course_deg"": 174.2, ""leg_distance_nm"": 4.0, ""leg_time_min"": null, ""turn"": ""RIGHT""}}"
B1_prime_link,KAQW_RNV-A,leg_1.Q4_course_or_radial,Q4_course_or_radial,1,False,status_unknown,degree_display_rounding,"{""status"": ""unknown"", ""value"": null}","{""status"": ""present"", ""value"": {""course_deg"": 65.7, ""type"": ""course_deg""}}"
B1_prime_link,KAQW_RNV-A,leg_2.Q4_course_or_radial,Q4_course_or_radial,2,False,status_unknown,exact_status_value,"{""status"": ""unknown"", ""value"": null}","{""status"": ""present"", ""value"": {""type"": ""direct""}}"
B1_prime_link,KAQW_RNV-A,leg_3.Q4_course_or_radial,Q4_course_or_radial,3,False,missing_leg_or_field,exact_status_value,null,"{""status"": ""not_applicable"", ""value"": null}"
B1_prime_link,KAQW_RNV-A,leg_3.Q5_hold_params,Q5_hold_params,3,False,missing_leg_or_field,exact_status_value,null,"{""status"": ""present"", ""value"": {""inbound_course_deg"": 97.0, ""leg_distance_nm"": 5.0, ""leg_time_min"": null, ""turn"": ""LEFT""}}"
B1_prime_link,KAQW_RNV-B,leg_1.Q4_course_or_radial,Q4_course_or_radial,1,False,status_unknown,degree_display_rounding,"{""status"": ""unknown"", ""value"": null}","{""status"": ""present"", ""value"": {""course_deg"": 298.6, ""type"": ""course_deg""}}"
B1_prime_link,KAQW_RNV-B,leg_2.Q4_course_or_radial,Q4_course_or_radial,2,False,status_unknown,exact_status_value,"{""status"": ""unknown"", ""value"": null}","{""status"": ""present"", ""value"": {""type"": ""direct""}}"
B1_prime_link,KAQW_RNV-B,leg_3.Q4_course_or_radial,Q4_course_or_radial,3,False,missing_leg_or_field,exact_status_value,null,"{""status"": ""not_applicable"", ""value"": null}"
B1_prime_link,KAQW_RNV-B,leg_3.Q5_hold_params,Q5_hold_params,3,False,missing_leg_or_field,degree_display_rounding,null,"{""status"": ""present"", ""value"": {""inbound_course_deg"": 65.6, ""leg_distance_nm"": 5.0, ""leg_time_min"": null, ""turn"": ""RIGHT""}}"
B1_prime_link,KAQX_R17,leg_1.Q4_course_or_radial,Q4_course_or_radial,1,False,status_not_observable,degree_display_rounding,"{""status"": ""not_observable"", ""value"": null}","{""status"": ""present"", ""value"": {""course_deg"": 168.1, ""type"": ""course_deg""}}"
B1_prime_link,KAQX_R17,leg_2.Q4_course_or_radial,Q4_course_or_radial,2,False,status_not_observable,exact_status_value,"{""status"": ""not_observable"", ""value"": null}","{""status"": ""present"", ""value"": {""type"": ""direct""}}"
B1_prime_link,KAQX_R17,leg_3.Q4_course_or_radial,Q4_course_or_radial,3,False,status_not_observable,exact_status_value,"{""status"": ""not_observable"", ""value"": null}","{""status"": ""not_applicable"", ""value"": null}"
B1_prime_link,KAQX_R17,leg_3.Q5_hold_params,Q5_hold_params,3,False,status_unknown,degree_display_rounding,"{""status"": ""unknown"", ""value"": null}","{""status"": ""present"", ""value"": {""inbound_course_deg"": 78.1, ""leg_distance_nm"": 4.0, ""leg_time_min"": null, ""turn"": ""RIGHT""}}"
B1_prime_link,KAQX_R35,leg_1.Q4_course_or_radial,Q4_course_or_radial,1,False,status_unknown,degree_display_rounding,"{""status"": ""unknown"", ""value"": null}","{""status"": ""present"", ""value"": {""course_deg"": 348.2, ""type"": ""course_deg""}}"
B1_prime_link,KAQX_R35,leg_2.Q4_course_or_radial,Q4_course_or_radial,2,False,status_unknown,exact_status_value,"{""status"": ""unknown"", ""value"": null}","{""status"": ""present"", ""value"": {""type"": ""direct""}}"
B1_prime_link,KAQX_R35,leg_3.Q4_course_or_radial,Q4_course_or_radial,3,False,missing_leg_or_field,exact_status_value,null,"{""status"": ""not_applicable"", ""value"": null}"
B1_prime_link,KAQX_R35,leg_3.Q5_hold_params,Q5_hold_params,3,False,missing_leg_or_field,degree_display_rounding,null,"{""status"": ""present"", ""value"": {""inbound_course_deg"": 168.1, ""leg_distance_nm"": 4.0, ""leg_time_min"": null, ""turn"": ""RIGHT""}}"
B1_prime_link,KARA_R17,leg_1.Q4_course_or_radial,Q4_course_or_radial,1,False,status_not_observable,degree_display_rounding,"{""status"": ""not_observable"", ""value"": null}","{""status"": ""present"", ""value"": {""course_deg"": 167.5, ""type"": ""course_deg""}}"
B1_prime_link,KARA_R17,leg_2.Q4_course_or_radial,Q4_course_or_radial,2,False,status_not_observable,exact_status_value,"{""status"": ""not_observable"", ""value"": null}","{""status"": ""present"", ""value"": {""type"": ""direct""}}"
B1_prime_link,KARA_R17,leg_3.Q4_course_or_radial,Q4_course_or_radial,3,False,status_not_observable,exact_status_value,"{""status"": ""not_observable"", ""value"": null}","{""status"": ""not_applicable"", ""value"": null}"
B1_prime_link,KARA_R17,leg_3.Q5_hold_params,Q5_hold_params,3,False,status_not_observable,degree_display_rounding,"{""status"": ""not_observable"", ""value"": null}","{""status"": ""present"", ""value"": {""inbound_course_deg"": 294.3, ""leg_distance_nm"": 4.0, ""leg_time_min"": null, ""turn"": ""RIGHT""}}"
B1_prime_link,KARA_R35,leg_1.Q4_course_or_radial,Q4_course_or_radial,1,False,status_not_observable,degree_display_rounding,"{""status"": ""not_observable"", ""value"": null}","{""status"": ""present"", ""value"": {""course_deg"": 347.5, ""type"": ""course_deg""}}"
B1_prime_link,KARA_R35,leg_2.Q4_course_or_radial,Q4_course_or_radial,2,False,status_not_observable,exact_status_value,"{""status"": ""not_observable"", ""value"": null}","{""status"": ""present"", ""value"": {""type"": ""direct""}}"
B1_prime_link,KARA_R35,leg_3.Q4_course_or_radial,Q4_course_or_radial,3,False,status_not_observable,exact_status_value,"{""status"": ""not_observable"", ""value"": null}","{""status"": ""not_applicable"", ""value"": null}"
B1_prime_link,KARA_R35,leg_3.Q5_hold_params,Q5_hold_params,3,False,status_not_observable,degree_display_rounding,"{""status"": ""not_observable"", ""value"": null}","{""status"": ""present"", ""value"": {""inbound_course_deg"": 271.8, ""leg_distance_nm"": 4.0, ""leg_time_min"": null, ""turn"": ""LEFT""}}"
B1_prime_link,KARB_R06,leg_1.Q4_course_or_radial,Q4_course_or_radial,1,False,status_unknown,degree_display_rounding,"{""status"": ""unknown"", ""value"": null}","{""status"": ""present"", ""value"": {""course_deg"": 59.5, ""type"": ""course_deg""}}"
B1_prime_link,KARB_R06,leg_2.Q4_course_or_radial,Q4_course_or_radial,2,False,status_unknown,exact_status_value,"{""status"": ""unknown"", ""value"": null}","{""status"": ""present"", ""value"": {""type"": ""direct""}}"
B1_prime_link,KARB_R06,leg_3.Q4_course_or_radial,Q4_course_or_radial,3,False,missing_leg_or_field,exact_status_value,null,"{""status"": ""not_applicable"", ""value"": null}"
B1_prime_link,KARB_R06,leg_3.Q5_hold_params,Q5_hold_params,3,False,missing_leg_or_field,degree_display_rounding,null,"{""status"": ""present"", ""value"": {""inbound_course_deg"": 239.7, ""leg_distance_nm"": 5.0, ""leg_time_min"": null, ""turn"": ""RIGHT""}}"
B1_prime_link,KARB_R24,leg_1.Q4_course_or_radial,Q4_course_or_radial,1,False,status_unknown,degree_display_rounding,"{""status"": ""unknown"", ""value"": null}","{""status"": ""present"", ""value"": {""course_deg"": 239.6, ""type"": ""course_deg""}}"
B1_prime_link,KARB_R24,leg_2.Q4_course_or_radial,Q4_course_or_radial,2,False,status_unknown,exact_status_value,"{""status"": ""unknown"", ""value"": null}","{""status"": ""present"", ""value"": {""type"": ""direct""}}"
B1_prime_link,KARB_R24,leg_3.Q4_course_or_radial,Q4_course_or_radial,3,False,missing_leg_or_field,exact_status_value,null,"{""status"": ""not_applicable"", ""value"": null}"
B1_prime_link,KARB_R24,leg_3.Q5_hold_params,Q5_hold_params,3,False,missing_leg_or_field,degree_display_rounding,null,"{""status"": ""present"", ""value"": {""inbound_course_deg"": 59.4, ""leg_distance_nm"": 5.0, ""leg_time_min"": null, ""turn"": ""RIGHT""}}"
B1_prime_link,KARG_R04,leg_1.Q4_course_or_radial,Q4_course_or_radial,1,False,status_not_observable,degree_display_rounding,"{""status"": ""not_observable"", ""value"": null}","{""status"": ""present"", ""value"": {""course_deg"": 44.0, ""type"": ""course_deg""}}"
B1_prime_link,KARG_R04,leg_2.Q4_course_or_radial,Q4_course_or_radial,2,False,status_not_observable,exact_status_value,"{""status"": ""not_observable"", ""value"": null}","{""status"": ""present"", ""value"": {""type"": ""direct""}}"
B1_prime_link,KARG_R04,leg_3.Q4_course_or_radial,Q4_course_or_radial,3,False,missing_leg_or_field,exact_status_value,null,"{""status"": ""not_applicable"", ""value"": null}"
B1_prime_link,KARG_R04,leg_3.Q5_hold_params,Q5_hold_params,3,False,missing_leg_or_field,degree_display_rounding,null,"{""status"": ""present"", ""value"": {""inbound_course_deg"": 224.2, ""leg_distance_nm"": 4.0, ""leg_time_min"": null, ""turn"": ""RIGHT""}}"
B1_prime_link,KARG_R18,leg_1.Q4_course_or_radial,Q4_course_or_radial,1,False,status_unknown,degree_display_rounding,"{""status"": ""unknown"", ""value"": null}","{""status"": ""present"", ""value"": {""course_deg"": 179.0, ""type"": ""course_deg""}}"
B1_prime_link,KARG_R18,leg_2.Q4_course_or_radial,Q4_course_or_radial,2,False,status_unknown,exact_status_value,"{""status"": ""unknown"", ""value"": null}","{""status"": ""present"", ""value"": {""type"": ""direct""}}"
B1_prime_link,KARG_R18,leg_3.Q4_course_or_radial,Q4_course_or_radial,3,False,missing_leg_or_field,exact_status_value,null,"{""status"": ""not_applicable"", ""value"": null}"
B1_prime_link,KARG_R18,leg_3.Q5_hold_params,Q5_hold_params,3,False,missing_leg_or_field,exact_status_value,null,"{""status"": ""present"", ""value"": {""inbound_course_deg"": 359.0, ""leg_distance_nm"": 4.0, ""leg_time_min"": null, ""turn"": ""RIGHT""}}"
B1_prime_link,KARG_R22,leg_1.Q4_course_or_radial,Q4_course_or_radial,1,False,status_not_observable,degree_display_rounding,"{""status"": ""not_observable"", ""value"": null}","{""status"": ""present"", ""value"": {""course_deg"": 224.1, ""type"": ""course_deg""}}"
B1_prime_link,KARG_R22,leg_2.Q4_course_or_radial,Q4_course_or_radial,2,False,status_not_observable,exact_status_value,"{""status"": ""not_observable"", ""value"": null}","{""status"": ""present"", ""value"": {""type"": ""direct""}}"
B1_prime_link,KARG_R22,leg_2.Q5_hold_params,Q5_hold_params,2,False,target_not_present_but_pred_present,exact_status_value,"{""status"": ""present"", ""value"": {""inbound_course_deg"": 224, ""leg_distance_nm"": 4, ""leg_time_min"": null, ""turn"": null}}","{""status"": ""not_applicable"", ""value"": null}"
B1_prime_link,KARG_R22,leg_3.Q4_course_or_radial,Q4_course_or_radial,3,False,missing_leg_or_field,exact_status_value,null,"{""status"": ""not_applicable"", ""value"": null}"
B1_prime_link,KARG_R22,leg_3.Q5_hold_params,Q5_hold_params,3,False,missing_leg_or_field,exact_status_value,null,"{""status"": ""present"", ""value"": {""inbound_course_deg"": 44.0, ""leg_distance_nm"": 4.0, ""leg_time_min"": null, ""turn"": ""RIGHT""}}"
B1_prime_link,KARV_R18,leg_1.Q4_course_or_radial,Q4_course_or_radial,1,False,status_not_applicable,degree_display_rounding,"{""status"": ""not_applicable"", ""value"": null}","{""status"": ""present"", ""value"": {""course_deg"": 180.9, ""type"": ""course_deg""}}"
B1_prime_link,KARV_R18,leg_2.Q4_course_or_radial,Q4_course_or_radial,2,False,status_unknown,exact_status_value,"{""status"": ""unknown"", ""value"": null}","{""status"": ""present"", ""value"": {""type"": ""direct""}}"
B1_prime_link,KARV_R18,leg_3.Q4_course_or_radial,Q4_course_or_radial,3,False,status_unknown,degree_display_rounding,"{""status"": ""unknown"", ""value"": null}","{""status"": ""present"", ""value"": {""course_deg"": 283.3, ""type"": ""course_deg""}}"
B1_prime_link,KARV_R18,leg_4.Q4_course_or_radial,Q4_course_or_radial,4,False,missing_leg_or_field,exact_status_value,null,"{""status"": ""not_applicable"", ""value"": null}"
B1_prime_link,KARV_R18,leg_4.Q5_hold_params,Q5_hold_params,4,False,missing_leg_or_field,degree_display_rounding,null,"{""status"": ""present"", ""value"": {""inbound_course_deg"": 122.5, ""leg_distance_nm"": 5.0, ""leg_time_min"": null, ""turn"": ""RIGHT""}}"
B1_prime_link,KARV_R28,leg_1.Q4_course_or_radial,Q4_course_or_radial,1,False,status_not_applicable,degree_display_rounding,"{""status"": ""not_applicable"", ""value"": null}","{""status"": ""present"", ""value"": {""course_deg"": 282.6, ""type"": ""course_deg""}}"
B1_prime_link,KARV_R28,leg_2.Q4_course_or_radial,Q4_course_or_radial,2,False,status_not_applicable,exact_status_value,"{""status"": ""not_applicable"", ""value"": null}","{""status"": ""present"", ""value"": {""type"": ""direct""}}"
B1_prime_link,KARV_R28,leg_3.Q4_course_or_radial,Q4_course_or_radial,3,False,status_unknown,degree_display_rounding,"{""status"": ""unknown"", ""value"": null}","{""status"": ""present"", ""value"": {""course_deg"": 248.7, ""type"": ""course_deg""}}"
B1_prime_link,KARV_R28,leg_4.Q4_course_or_radial,Q4_course_or_radial,4,False,missing_leg_or_field,exact_status_value,null,"{""status"": ""not_applicable"", ""value"": null}"
B1_prime_link,KARV_R28,leg_4.Q5_hold_params,Q5_hold_params,4,False,missing_leg_or_field,degree_display_rounding,null,"{""status"": ""present"", ""value"": {""inbound_course_deg"": 122.5, ""leg_distance_nm"": 5.0, ""leg_time_min"": null, ""turn"": ""RIGHT""}}"
B1_prime_link,KAUS_I18L,leg_1.Q4_course_or_radial,Q4_course_or_radial,1,False,status_not_applicable,degree_display_rounding,"{""status"": ""not_applicable"", ""value"": null}","{""status"": ""present"", ""value"": {""course_deg"": 174.7, ""type"": ""course_deg""}}"
B1_prime_link,KAUS_I18L,leg_2.Q4_course_or_radial,Q4_course_or_radial,2,False,status_unknown,degree_display_rounding,"{""status"": ""unknown"", ""value"": null}","{""status"": ""present"", ""value"": {""course_deg"": 40.0, ""type"": ""course_deg""}}"
B1_prime_link,KAUS_I18L,leg_3.Q4_course_or_radial,Q4_course_or_radial,3,False,status_unknown,degree_display_rounding,"{""status"": ""unknown"", ""value"": null}","{""status"": ""present"", ""value"": {""direction"": ""inbound"", ""navaid"": ""CWK"", ""radial_deg"": 87.7, ""type"": ""navaid_radial""}}"
B1_prime_link,KAUS_I18L,leg_4.Q4_course_or_radial,Q4_course_or_radial,4,False,missing_leg_or_field,exact_status_value,null,"{""status"": ""not_applicable"", ""value"": null}"
B1_prime_link,KAUS_I18L,leg_4.Q5_hold_params,Q5_hold_params,4,False,missing_leg_or_field,degree_display_rounding,null,"{""status"": ""present"", ""value"": {""inbound_course_deg"": 267.7, ""leg_distance_nm"": null, ""leg_time_min"": 1.0, ""turn"": ""RIGHT""}}"
B1_prime_link,KAVQ_R12,leg_1.Q4_course_or_radial,Q4_course_or_radial,1,False,status_not_applicable,degree_display_rounding,"{""status"": ""not_applicable"", ""value"": null}","{""status"": ""present"", ""value"": {""course_deg"": 138.4, ""type"": ""course_deg""}}"
B1_prime_link,KAVQ_R12,leg_2.Q4_course_or_radial,Q4_course_or_radial,2,False,status_not_applicable,exact_status_value,"{""status"": ""not_applicable"", ""value"": null}","{""status"": ""present"", ""value"": {""type"": ""direct""}}"
B1_prime_link,KAVQ_R12,leg_3.Q4_course_or_radial,Q4_course_or_radial,3,False,status_not_observable,exact_status_value,"{""status"": ""not_observable"", ""value"": null}","{""status"": ""not_applicable"", ""value"": null}"
B1_prime_link,KAVQ_R12,leg_3.Q5_hold_params,Q5_hold_params,3,False,missing_inbound_course_deg,degree_display_rounding,"{""status"": ""present"", ""value"": {""inbound_course_deg"": null, ""leg_distance_nm"": null, ""leg_time_min"": null, ""turn"": null}}","{""status"": ""present"", ""value"": {""inbound_course_deg"": 128.1, ""leg_distance_nm"": 6.0, ""leg_time_min"": null, ""turn"": ""RIGHT""}}"
B1_prime_link,KAWG_R36,leg_1.Q4_course_or_radial,Q4_course_or_radial,1,False,status_unknown,degree_display_rounding,"{""status"": ""unknown"", ""value"": null}","{""status"": ""present"", ""value"": {""course_deg"": 4.1, ""type"": ""course_deg""}}"
B1_prime_link,KAWG_R36,leg_2.Q4_course_or_radial,Q4_course_or_radial,2,False,status_unknown,exact_status_value,"{""status"": ""unknown"", ""value"": null}","{""status"": ""present"", ""value"": {""type"": ""direct""}}"
B1_prime_link,KAWG_R36,leg_3.Q4_course_or_radial,Q4_course_or_radial,3,False,missing_leg_or_field,exact_status_value,null,"{""status"": ""not_applicable"", ""value"": null}"
B1_prime_link,KAWG_R36,leg_3.Q5_hold_params,Q5_hold_params,3,False,missing_leg_or_field,degree_display_rounding,null,"{""status"": ""present"", ""value"": {""inbound_course_deg"": 184.1, ""leg_distance_nm"": 4.0, ""leg_time_min"": null, ""turn"": ""RIGHT""}}"
B1_prime_link,KAWM_L17,leg_1.Q4_course_or_radial,Q4_course_or_radial,1,False,status_not_observable,degree_display_rounding,"{""status"": ""not_observable"", ""value"": null}","{""status"": ""present"", ""value"": {""course_deg"": 179.6, ""type"": ""course_deg""}}"
B1_prime_link,KAWM_L17,leg_2.Q4_course_or_radial,Q4_course_or_radial,2,False,status_not_observable,degree_display_rounding,"{""status"": ""not_observable"", ""value"": null}","{""status"": ""present"", ""value"": {""direction"": ""inbound"", ""navaid"": ""GQE"", ""radial_deg"": 147.0, ""type"": ""navaid_radial""}}"
B1_prime_link,KAWM_L17,leg_3.Q4_course_or_radial,Q4_course_or_radial,3,False,status_unknown,exact_status_value,"{""status"": ""unknown"", ""value"": null}","{""status"": ""not_applicable"", ""value"": null}"
B1_prime_link,KAWM_L17,leg_3.Q5_hold_params,Q5_hold_params,3,False,status_unknown,exact_status_value,"{""status"": ""unknown"", ""value"": null}","{""status"": ""present"", ""value"": {""inbound_course_deg"": 122.0, ""leg_distance_nm"": null, ""leg_time_min"": 1.0, ""turn"": ""RIGHT""}}"
B1_prime_link,KAXH_L09,leg_1.Q4_course_or_radial,Q4_course_or_radial,1,False,status_unknown,degree_display_rounding,"{""status"": ""unknown"", ""value"": null}","{""status"": ""present"", ""value"": {""course_deg"": 89.2, ""type"": ""course_deg""}}"
B1_prime_link,KAXH_L09,leg_2.Q4_course_or_radial,Q4_course_or_radial,2,False,missing_leg_or_field,exact_status_value,null,"{""status"": ""present"", ""value"": {""type"": ""direct""}}"
B1_prime_link,KAXH_R27,leg_1.Q4_course_or_radial,Q4_course_or_radial,1,False,status_not_applicable,degree_display_rounding,"{""status"": ""not_applicable"", ""value"": null}","{""status"": ""present"", ""value"": {""course_deg"": 269.3, ""type"": ""course_deg""}}"
B1_prime_link,KAXH_R27,leg_2.Q4_course_or_radial,Q4_course_or_radial,2,False,status_not_applicable,exact_status_value,"{""status"": ""not_applicable"", ""value"": null}","{""status"": ""present"", ""value"": {""type"": ""direct""}}"
B1_prime_link,KAXH_R27,leg_3.Q4_course_or_radial,Q4_course_or_radial,3,False,status_unknown,degree_display_rounding,"{""status"": ""unknown"", ""value"": null}","{""status"": ""present"", ""value"": {""course_deg"": 200.4, ""type"": ""course_deg""}}"
B1_prime_link,KAXV_R26,leg_1.Q4_course_or_radial,Q4_course_or_radial,1,False,status_unknown,degree_display_rounding,"{""status"": ""unknown"", ""value"": null}","{""status"": ""present"", ""value"": {""course_deg"": 260.7, ""type"": ""course_deg""}}"
B1_prime_link,KAXV_R26,leg_2.Q4_course_or_radial,Q4_course_or_radial,2,False,status_unknown,exact_status_value,"{""status"": ""unknown"", ""value"": null}","{""status"": ""present"", ""value"": {""type"": ""direct""}}"
B1_prime_link,KAXV_R26,leg_3.Q4_course_or_radial,Q4_course_or_radial,3,False,missing_leg_or_field,exact_status_value,null,"{""status"": ""not_applicable"", ""value"": null}"
B1_prime_link,KAXV_R26,leg_3.Q5_hold_params,Q5_hold_params,3,False,missing_leg_or_field,degree_display_rounding,null,"{""status"": ""present"", ""value"": {""inbound_course_deg"": 80.4, ""leg_distance_nm"": 4.0, ""leg_time_min"": null, ""turn"": ""RIGHT""}}"
B1_prime_link,KBDL_L33,leg_1.Q4_course_or_radial,Q4_course_or_radial,1,False,status_not_applicable,degree_display_rounding,"{""status"": ""not_applicable"", ""value"": null}","{""status"": ""present"", ""value"": {""course_deg"": 328.4, ""type"": ""course_deg""}}"
B1_prime_link,KBDL_L33,leg_2.Q4_course_or_radial,Q4_course_or_radial,2,False,status_not_observable,exact_status_value,"{""status"": ""not_observable"", ""value"": null}","{""status"": ""present"", ""value"": {""type"": ""direct""}}"
B1_prime_link,KBDL_L33,leg_3.Q4_course_or_radial,Q4_course_or_radial,3,False,missing_leg_or_field,exact_status_value,null,"{""status"": ""not_applicable"", ""value"": null}"
B1_prime_link,KBDL_L33,leg_3.Q5_hold_params,Q5_hold_params,3,False,missing_leg_or_field,degree_display_rounding,null,"{""status"": ""present"", ""value"": {""inbound_course_deg"": 274.8, ""leg_distance_nm"": null, ""leg_time_min"": 1.0, ""turn"": ""LEFT""}}"
B1_prime_link,KBDN_R34,leg_1.Q4_course_or_radial,Q4_course_or_radial,1,False,status_unknown,degree_display_rounding,"{""status"": ""unknown"", ""value"": null}","{""status"": ""present"", ""value"": {""course_deg"": 331.1, ""type"": ""course_deg""}}"
B1_prime_link,KBDN_R34,leg_2.Q4_course_or_radial,Q4_course_or_radial,2,False,status_unknown,exact_status_value,"{""status"": ""unknown"", ""value"": null}","{""status"": ""present"", ""value"": {""type"": ""direct""}}"
B1_prime_link,KBDN_R34,leg_3.Q4_course_or_radial,Q4_course_or_radial,3,False,status_unknown,exact_status_value,"{""status"": ""unknown"", ""value"": null}","{""status"": ""not_applicable"", ""value"": null}"
B1_prime_link,KBDN_R34,leg_4.Q4_course_or_radial,Q4_course_or_radial,4,False,missing_leg_or_field,exact_status_value,null,"{""status"": ""not_applicable"", ""value"": null}"
B1_prime_link,KBDN_R34,leg_4.Q5_hold_params,Q5_hold_params,4,False,missing_leg_or_field,exact_status_value,null,"{""status"": ""present"", ""value"": {""inbound_course_deg"": 129.0, ""leg_distance_nm"": 5.0, ""leg_time_min"": null, ""turn"": ""LEFT""}}"
B1_prime_link,KBFD_R14,leg_1.Q4_course_or_radial,Q4_course_or_radial,1,False,status_not_observable,degree_display_rounding,"{""status"": ""not_observable"", ""value"": null}","{""status"": ""present"", ""value"": {""course_deg"": 144.8, ""type"": ""course_deg""}}"
B1_prime_link,KBFD_R14,leg_2.Q4_course_or_radial,Q4_course_or_radial,2,False,status_not_observable,exact_status_value,"{""status"": ""not_observable"", ""value"": null}","{""status"": ""present"", ""value"": {""type"": ""direct""}}"
B1_prime_link,KBFD_R14,leg_3.Q4_course_or_radial,Q4_course_or_radial,3,False,missing_leg_or_field,exact_status_value,null,"{""status"": ""not_applicable"", ""value"": null}"
B1_prime_link,KBFD_R14,leg_3.Q5_hold_params,Q5_hold_params,3,False,missing_leg_or_field,exact_status_value,null,"{""status"": ""present"", ""value"": {""inbound_course_deg"": 325.0, ""leg_distance_nm"": 5.0, ""leg_time_min"": null, ""turn"": ""RIGHT""}}"
B1_prime_link,KBFF_L12,leg_1.Q4_course_or_radial,Q4_course_or_radial,1,False,status_not_observable,degree_display_rounding,"{""status"": ""not_observable"", ""value"": null}","{""status"": ""present"", ""value"": {""course_deg"": 125.6, ""type"": ""course_deg""}}"
B1_prime_link,KBFF_L12,leg_2.Q4_course_or_radial,Q4_course_or_radial,2,False,status_not_observable,exact_status_value,"{""status"": ""not_observable"", ""value"": null}","{""status"": ""present"", ""value"": {""type"": ""direct""}}"
B1_prime_link,KBFF_L12,leg_3.Q4_course_or_radial,Q4_course_or_radial,3,False,missing_leg_or_field,exact_status_value,null,"{""status"": ""not_applicable"", ""value"": null}"
B1_prime_link,KBFF_L12,leg_3.Q5_hold_params,Q5_hold_params,3,False,missing_leg_or_field,exact_status_value,null,"{""status"": ""present"", ""value"": {""inbound_course_deg"": 245.0, ""leg_distance_nm"": null, ""leg_time_min"": 1.0, ""turn"": ""RIGHT""}}"
B1_prime_link,KBJC_R12L,leg_1.Q4_course_or_radial,Q4_course_or_radial,1,False,status_not_observable,degree_display_rounding,"{""status"": ""not_observable"", ""value"": null}","{""status"": ""present"", ""value"": {""course_deg"": 135.3, ""type"": ""course_deg""}}"
B1_prime_link,KBJC_R12L,leg_2.Q4_course_or_radial,Q4_course_or_radial,2,False,status_not_observable,exact_status_value,"{""status"": ""not_observable"", ""value"": null}","{""status"": ""present"", ""value"": {""type"": ""direct""}}"
B1_prime_link,KBJC_R12L,leg_3.Q4_course_or_radial,Q4_course_or_radial,3,False,missing_leg_or_field,exact_status_value,null,"{""status"": ""not_applicable"", ""value"": null}"
B1_prime_link,KBJC_R12L,leg_3.Q5_hold_params,Q5_hold_params,3,False,missing_leg_or_field,degree_display_rounding,null,"{""status"": ""present"", ""value"": {""inbound_course_deg"": 338.3, ""leg_distance_nm"": 7.0, ""leg_time_min"": null, ""turn"": ""LEFT""}}"
B1_prime_link,KBKX_R30,leg_1.Q4_course_or_radial,Q4_course_or_radial,1,False,status_unknown,degree_display_rounding,"{""status"": ""unknown"", ""value"": null}","{""status"": ""present"", ""value"": {""course_deg"": 295.6, ""type"": ""course_deg""}}"
B1_prime_link,KBKX_R30,leg_2.Q4_course_or_radial,Q4_course_or_radial,2,False,status_unknown,exact_status_value,"{""status"": ""unknown"", ""value"": null}","{""status"": ""present"", ""value"": {""type"": ""direct""}}"
B1_prime_link,KBKX_R30,leg_3.Q4_course_or_radial,Q4_course_or_radial,3,False,missing_leg_or_field,exact_status_value,null,"{""status"": ""not_applicable"", ""value"": null}"
B1_prime_link,KBKX_R30,leg_3.Q5_hold_params,Q5_hold_params,3,False,missing_leg_or_field,degree_display_rounding,null,"{""status"": ""present"", ""value"": {""inbound_course_deg"": 115.4, ""leg_distance_nm"": 4.0, ""leg_time_min"": null, ""turn"": ""RIGHT""}}"
B1_prime_link,KBLF_R05,leg_1.Q4_course_or_radial,Q4_course_or_radial,1,False,status_not_observable,degree_display_rounding,"{""status"": ""not_observable"", ""value"": null}","{""status"": ""present"", ""value"": {""course_deg"": 63.8, ""type"": ""course_deg""}}"
B1_prime_link,KBLF_R05,leg_2.Q4_course_or_radial,Q4_course_or_radial,2,False,status_not_observable,exact_status_value,"{""status"": ""not_observable"", ""value"": null}","{""status"": ""present"", ""value"": {""type"": ""direct""}}"
B1_prime_link,KBLF_R05,leg_2.Q5_hold_params,Q5_hold_params,2,False,target_not_present_but_pred_present,exact_status_value,"{""status"": ""present"", ""value"": {""inbound_course_deg"": null, ""leg_distance_nm"": null, ""leg_time_min"": null, ""turn"": null}}","{""status"": ""not_applicable"", ""value"": null}"
B1_prime_link,KBLF_R05,leg_3.Q4_course_or_radial,Q4_course_or_radial,3,False,missing_leg_or_field,exact_status_value,null,"{""status"": ""not_applicable"", ""value"": null}"
B1_prime_link,KBLF_R05,leg_3.Q5_hold_params,Q5_hold_params,3,False,missing_leg_or_field,degree_display_rounding,null,"{""status"": ""present"", ""value"": {""inbound_course_deg"": 100.6, ""leg_distance_nm"": 5.0, ""leg_time_min"": null, ""turn"": ""RIGHT""}}"
B1_prime_link,KBLV_R32RY,leg_1.Q4_course_or_radial,Q4_course_or_radial,1,False,status_not_observable,degree_display_rounding,"{""status"": ""not_observable"", ""value"": null}","{""status"": ""present"", ""value"": {""course_deg"": 318.6, ""type"": ""course_deg""}}"
B1_prime_link,KBLV_R32RY,leg_2.Q4_course_or_radial,Q4_course_or_radial,2,False,status_not_observable,exact_status_value,"{""status"": ""not_observable"", ""value"": null}","{""status"": ""present"", ""value"": {""type"": ""direct""}}"
B1_prime_link,KBLV_R32RY,leg_3.Q4_course_or_radial,Q4_course_or_radial,3,False,missing_leg_or_field,exact_status_value,null,"{""status"": ""not_applicable"", ""value"": null}"
B1_prime_link,KBLV_R32RY,leg_3.Q5_hold_params,Q5_hold_params,3,False,missing_leg_or_field,degree_display_rounding,null,"{""status"": ""present"", ""value"": {""inbound_course_deg"": 283.5, ""leg_distance_nm"": 4.0, ""leg_time_min"": null, ""turn"": ""RIGHT""}}"
B1_prime_link,KBMQ_R01,leg_1.Q4_course_or_radial,Q4_course_or_radial,1,False,status_unknown,degree_display_rounding,"{""status"": ""unknown"", ""value"": null}","{""status"": ""present"", ""value"": {""course_deg"": 13.1, ""type"": ""course_deg""}}"
B1_prime_link,KBMQ_R01,leg_2.Q4_course_or_radial,Q4_course_or_radial,2,False,status_unknown,exact_status_value,"{""status"": ""unknown"", ""value"": null}","{""status"": ""present"", ""value"": {""type"": ""direct""}}"
B1_prime_link,KBMQ_R01,leg_3.Q4_course_or_radial,Q4_course_or_radial,3,False,missing_leg_or_field,exact_status_value,null,"{""status"": ""not_applicable"", ""value"": null}"
B1_prime_link,KBMQ_R01,leg_3.Q5_hold_params,Q5_hold_params,3,False,missing_leg_or_field,degree_display_rounding,null,"{""status"": ""present"", ""value"": {""inbound_course_deg"": 193.2, ""leg_distance_nm"": 4.0, ""leg_time_min"": null, ""turn"": ""RIGHT""}}"
B1_prime_link,KBOS_L15R,leg_1.Q4_course_or_radial,Q4_course_or_radial,1,False,status_unknown,degree_display_rounding,"{""status"": ""unknown"", ""value"": null}","{""status"": ""present"", ""value"": {""direction"": ""inbound"", ""navaid"": ""BOS"", ""radial_deg"": 154.0, ""type"": ""navaid_radial""}}"
B1_prime_link,KBOS_L15R,leg_2.Q4_course_or_radial,Q4_course_or_radial,2,False,status_unknown,exact_status_value,"{""status"": ""unknown"", ""value"": null}","{""status"": ""not_applicable"", ""value"": null}"
B1_prime_link,KBOS_L15R,leg_2.Q5_hold_params,Q5_hold_params,2,False,status_unknown,exact_status_value,"{""status"": ""unknown"", ""value"": null}","{""status"": ""present"", ""value"": {""inbound_course_deg"": 334.0, ""leg_distance_nm"": null, ""leg_time_min"": 1.0, ""turn"": ""RIGHT""}}"
B1_prime_link,KBOS_R32,leg_1.Q4_course_or_radial,Q4_course_or_radial,1,False,status_unknown,degree_display_rounding,"{""status"": ""unknown"", ""value"": null}","{""status"": ""present"", ""value"": {""course_deg"": 330.7, ""type"": ""course_deg""}}"
B1_prime_link,KBOS_R32,leg_2.Q4_course_or_radial,Q4_course_or_radial,2,False,status_unknown,exact_status_value,"{""status"": ""unknown"", ""value"": null}","{""status"": ""present"", ""value"": {""type"": ""direct""}}"
B1_prime_link,KBOS_R32,leg_3.Q4_course_or_radial,Q4_course_or_radial,3,False,status_unknown,exact_status_value,"{""status"": ""unknown"", ""value"": null}","{""status"": ""not_applicable"", ""value"": null}"
B1_prime_link,KBOS_R32,leg_3.Q5_hold_params,Q5_hold_params,3,False,target_not_present_but_pred_present,exact_status_value,"{""status"": ""present"", ""value"": {""inbound_course_deg"": null, ""leg_distance_nm"": null, ""leg_time_min"": null, ""turn"": null}}","{""status"": ""not_applicable"", ""value"": null}"
B1_prime_link,KBOS_R32,leg_4.Q4_course_or_radial,Q4_course_or_radial,4,False,missing_leg_or_field,exact_status_value,null,"{""status"": ""not_applicable"", ""value"": null}"
B1_prime_link,KBOS_R32,leg_4.Q5_hold_params,Q5_hold_params,4,False,missing_leg_or_field,degree_display_rounding,null,"{""status"": ""present"", ""value"": {""inbound_course_deg"": 284.1, ""leg_distance_nm"": 5.0, ""leg_time_min"": null, ""turn"": ""RIGHT""}}"
B1_prime_link,KBRD_L34,leg_1.Q4_course_or_radial,Q4_course_or_radial,1,False,status_not_applicable,degree_display_rounding,"{""status"": ""not_applicable"", ""value"": null}","{""status"": ""present"", ""value"": {""course_deg"": 339.7, ""type"": ""course_deg""}}"
B1_prime_link,KBRD_L34,leg_2.Q4_course_or_radial,Q4_course_or_radial,2,False,status_not_observable,exact_status_value,"{""status"": ""not_observable"", ""value"": null}","{""status"": ""present"", ""value"": {""type"": ""direct""}}"
B1_prime_link,KBRD_L34,leg_3.Q4_course_or_radial,Q4_course_or_radial,3,False,status_not_observable,exact_status_value,"{""status"": ""not_observable"", ""value"": null}","{""status"": ""not_applicable"", ""value"": null}"
B1_prime_link,KBRD_L34,leg_3.Q5_hold_params,Q5_hold_params,3,False,status_unknown,degree_display_rounding,"{""status"": ""unknown"", ""value"": null}","{""status"": ""present"", ""value"": {""inbound_course_deg"": 231.3, ""leg_distance_nm"": null, ""leg_time_min"": 1.0, ""turn"": ""RIGHT""}}"
B1_prime_link,KBTL_L23R,leg_1.Q4_course_or_radial,Q4_course_or_radial,1,False,status_not_observable,degree_display_rounding,"{""status"": ""not_observable"", ""value"": null}","{""status"": ""present"", ""value"": {""course_deg"": 226.6, ""type"": ""course_deg""}}"
B1_prime_link,KBTL_L23R,leg_2.Q4_course_or_radial,Q4_course_or_radial,2,False,status_not_observable,exact_status_value,"{""status"": ""not_observable"", ""value"": null}","{""status"": ""present"", ""value"": {""type"": ""direct""}}"
B1_prime_link,KBTL_L23R,leg_3.Q4_course_or_radial,Q4_course_or_radial,3,False,status_not_observable,exact_status_value,"{""status"": ""not_observable"", ""value"": null}","{""status"": ""not_applicable"", ""value"": null}"
B1_prime_link,KBTL_L23R,leg_3.Q5_hold_params,Q5_hold_params,3,False,inbound_degree_numeric_mismatch,degree_display_rounding,"{""status"": ""present"", ""value"": {""inbound_course_deg"": 47, ""leg_distance_nm"": null, ""leg_time_min"": null, ""turn"": null}}","{""status"": ""present"", ""value"": {""inbound_course_deg"": 189.5, ""leg_distance_nm"": 4.0, ""leg_time_min"": null, ""turn"": ""RIGHT""}}"
B1_prime_link,KBTP_L08,leg_1.Q4_course_or_radial,Q4_course_or_radial,1,False,status_unknown,degree_display_rounding,"{""status"": ""unknown"", ""value"": null}","{""status"": ""present"", ""value"": {""course_deg"": 80.0, ""type"": ""course_deg""}}"
B1_prime_link,KBTP_L08,leg_2.Q4_course_or_radial,Q4_course_or_radial,2,False,status_unknown,exact_status_value,"{""status"": ""unknown"", ""value"": null}","{""status"": ""present"", ""value"": {""type"": ""direct""}}"
B1_prime_link,KBTP_L08,leg_3.Q4_course_or_radial,Q4_course_or_radial,3,False,status_unknown,exact_status_value,"{""status"": ""unknown"", ""value"": null}","{""status"": ""not_applicable"", ""value"": null}"
B1_prime_link,KBTP_L08,leg_3.Q5_hold_params,Q5_hold_params,3,False,status_unknown,exact_status_value,"{""status"": ""unknown"", ""value"": null}","{""status"": ""present"", ""value"": {""inbound_course_deg"": 100.0, ""leg_distance_nm"": null, ""leg_time_min"": 1.0, ""turn"": ""RIGHT""}}"
B1_prime_link,KBTR_R04L,leg_1.Q4_course_or_radial,Q4_course_or_radial,1,False,status_not_observable,degree_display_rounding,"{""status"": ""not_observable"", ""value"": null}","{""status"": ""present"", ""value"": {""course_deg"": 43.4, ""type"": ""course_deg""}}"
B1_prime_link,KBTR_R04L,leg_2.Q4_course_or_radial,Q4_course_or_radial,2,False,status_not_observable,exact_status_value,"{""status"": ""not_observable"", ""value"": null}","{""status"": ""present"", ""value"": {""type"": ""direct""}}"
B1_prime_link,KBTR_R04L,leg_3.Q4_course_or_radial,Q4_course_or_radial,3,False,missing_leg_or_field,exact_status_value,null,"{""status"": ""not_applicable"", ""value"": null}"
B1_prime_link,KBTR_R04L,leg_3.Q5_hold_params,Q5_hold_params,3,False,missing_leg_or_field,degree_display_rounding,null,"{""status"": ""present"", ""value"": {""inbound_course_deg"": 223.6, ""leg_distance_nm"": 4.0, ""leg_time_min"": null, ""turn"": ""RIGHT""}}"
B1_prime_link,KBUM_R18,leg_1.Q4_course_or_radial,Q4_course_or_radial,1,False,status_not_observable,degree_display_rounding,"{""status"": ""not_observable"", ""value"": null}","{""status"": ""present"", ""value"": {""course_deg"": 177.9, ""type"": ""course_deg""}}"
B1_prime_link,KBUM_R18,leg_2.Q4_course_or_radial,Q4_course_or_radial,2,False,status_not_observable,exact_status_value,"{""status"": ""not_observable"", ""value"": null}","{""status"": ""present"", ""value"": {""type"": ""direct""}}"
B1_prime_link,KBUM_R18,leg_3.Q4_course_or_radial,Q4_course_or_radial,3,False,missing_leg_or_field,exact_status_value,null,"{""status"": ""not_applicable"", ""value"": null}"
B1_prime_link,KBUM_R18,leg_3.Q5_hold_params,Q5_hold_params,3,False,missing_leg_or_field,degree_display_rounding,null,"{""status"": ""present"", ""value"": {""inbound_course_deg"": 357.9, ""leg_distance_nm"": 4.0, ""leg_time_min"": null, ""turn"": ""RIGHT""}}"
B1_prime_link,KBUR_L08-Z,leg_1.Q4_course_or_radial,Q4_course_or_radial,1,False,status_not_applicable,degree_display_rounding,"{""status"": ""not_applicable"", ""value"": null}","{""status"": ""present"", ""value"": {""course_deg"": 78.9, ""type"": ""course_deg""}}"
B1_prime_link,KBUR_L08-Z,leg_2.Q4_course_or_radial,Q4_course_or_radial,2,False,status_unknown,degree_display_rounding,"{""status"": ""unknown"", ""value"": null}","{""status"": ""present"", ""value"": {""course_deg"": 210.0, ""type"": ""course_deg""}}"
B1_prime_link,KBUR_L08-Z,leg_3.Q4_course_or_radial,Q4_course_or_radial,3,False,status_unknown,degree_display_rounding,"{""status"": ""unknown"", ""value"": null}","{""status"": ""present"", ""value"": {""direction"": ""inbound"", ""navaid"": ""VTU"", ""radial_deg"": 86.0, ""type"": ""navaid_radial""}}"
B1_prime_link,KBUR_L08-Z,leg_3.Q5_hold_params,Q5_hold_params,3,False,target_not_present_but_pred_present,exact_status_value,"{""status"": ""present"", ""value"": {""inbound_course_deg"": null, ""leg_distance_nm"": null, ""leg_time_min"": 1, ""turn"": null}}","{""status"": ""not_applicable"", ""value"": null}"
B1_prime_link,KBUR_L08-Z,leg_4.Q4_course_or_radial,Q4_course_or_radial,4,False,missing_leg_or_field,exact_status_value,null,"{""status"": ""not_applicable"", ""value"": null}"
B1_prime_link,KBUR_L08-Z,leg_4.Q5_hold_params,Q5_hold_params,4,False,missing_leg_or_field,degree_display_rounding,null,"{""status"": ""present"", ""value"": {""inbound_course_deg"": 130.6, ""leg_distance_nm"": null, ""leg_time_min"": 1.0, ""turn"": ""LEFT""}}"
B1_prime_link,KBUR_R08-Z,leg_1.Q4_course_or_radial,Q4_course_or_radial,1,False,status_not_applicable,degree_display_rounding,"{""status"": ""not_applicable"", ""value"": null}","{""status"": ""present"", ""value"": {""course_deg"": 78.9, ""type"": ""course_deg""}}"
B1_prime_link,KBUR_R08-Z,leg_2.Q4_course_or_radial,Q4_course_or_radial,2,False,status_not_applicable,exact_status_value,"{""status"": ""not_applicable"", ""value"": null}","{""status"": ""present"", ""value"": {""type"": ""direct""}}"
B1_prime_link,KBUR_R08-Z,leg_3.Q4_course_or_radial,Q4_course_or_radial,3,False,status_unknown,exact_status_value,"{""status"": ""unknown"", ""value"": null}","{""status"": ""not_applicable"", ""value"": null}"
B1_prime_link,KBUR_R08-Z,leg_4.Q4_course_or_radial,Q4_course_or_radial,4,False,missing_leg_or_field,exact_status_value,null,"{""status"": ""not_applicable"", ""value"": null}"
B1_prime_link,KBUR_R08-Z,leg_4.Q5_hold_params,Q5_hold_params,4,False,missing_leg_or_field,degree_display_rounding,null,"{""status"": ""present"", ""value"": {""inbound_course_deg"": 130.6, ""leg_distance_nm"": 5.0, ""leg_time_min"": null, ""turn"": ""LEFT""}}"
B1_prime_link,KBUY_I06-Z,leg_1.Q4_course_or_radial,Q4_course_or_radial,1,False,status_not_observable,degree_display_rounding,"{""status"": ""not_observable"", ""value"": null}","{""status"": ""present"", ""value"": {""course_deg"": 60.1, ""type"": ""course_deg""}}"
B1_prime_link,KBUY_I06-Z,leg_2.Q4_course_or_radial,Q4_course_or_radial,2,False,status_not_observable,exact_status_value,"{""status"": ""not_observable"", ""value"": null}","{""status"": ""present"", ""value"": {""type"": ""direct""}}"
B1_prime_link,KBUY_I06-Z,leg_3.Q4_course_or_radial,Q4_course_or_radial,3,False,status_not_observable,exact_status_value,"{""status"": ""not_observable"", ""value"": null}","{""status"": ""not_applicable"", ""value"": null}"
B1_prime_link,KBUY_I06-Z,leg_3.Q5_hold_params,Q5_hold_params,3,False,status_not_observable,exact_status_value,"{""status"": ""not_observable"", ""value"": null}","{""status"": ""present"", ""value"": {""inbound_course_deg"": 236.0, ""leg_distance_nm"": null, ""leg_time_min"": 1.0, ""turn"": ""RIGHT""}}"
B1_prime_link,KBWG_I03-Y,leg_1.Q4_course_or_radial,Q4_course_or_radial,1,False,status_not_applicable,degree_display_rounding,"{""status"": ""not_applicable"", ""value"": null}","{""status"": ""present"", ""value"": {""course_deg"": 33.9, ""type"": ""course_deg""}}"
B1_prime_link,KBWG_I03-Y,leg_2.Q4_course_or_radial,Q4_course_or_radial,2,False,status_not_applicable,exact_status_value,"{""status"": ""not_applicable"", ""value"": null}","{""status"": ""present"", ""value"": {""type"": ""direct""}}"
B1_prime_link,KBWG_I03-Y,leg_3.Q4_course_or_radial,Q4_course_or_radial,3,True,correct,exact_status_value,"{""status"": ""not_applicable"", ""value"": null}","{""status"": ""not_applicable"", ""value"": null}"
B1_prime_link,KBWG_I03-Y,leg_3.Q5_hold_params,Q5_hold_params,3,False,status_unknown,degree_display_rounding,"{""status"": ""unknown"", ""value"": null}","{""status"": ""present"", ""value"": {""inbound_course_deg"": 33.9, ""leg_distance_nm"": null, ""leg_time_min"": 1.0, ""turn"": ""RIGHT""}}"
B1_prime_link,KBWI_L15L,leg_1.Q4_course_or_radial,Q4_course_or_radial,1,False,status_unknown,degree_display_rounding,"{""status"": ""unknown"", ""value"": null}","{""status"": ""present"", ""value"": {""course_deg"": 155.0, ""type"": ""course_deg""}}"
B1_prime_link,KBWI_L15L,leg_2.Q4_course_or_radial,Q4_course_or_radial,2,False,status_unknown,degree_display_rounding,"{""status"": ""unknown"", ""value"": null}","{""status"": ""present"", ""value"": {""direction"": ""inbound"", ""navaid"": ""BAL"", ""radial_deg"": 152.9, ""type"": ""navaid_radial""}}"
B1_prime_link,KBWI_L15L,leg_3.Q4_course_or_radial,Q4_course_or_radial,3,False,missing_leg_or_field,exact_status_value,null,"{""status"": ""not_applicable"", ""value"": null}"
B1_prime_link,KBWI_L15L,leg_3.Q5_hold_params,Q5_hold_params,3,False,missing_leg_or_field,degree_display_rounding,null,"{""status"": ""present"", ""value"": {""inbound_course_deg"": 332.9, ""leg_distance_nm"": null, ""leg_time_min"": 1.0, ""turn"": ""LEFT""}}"
B1_prime_link,KBXA_R18,leg_1.Q4_course_or_radial,Q4_course_or_radial,1,False,status_unknown,degree_display_rounding,"{""status"": ""unknown"", ""value"": null}","{""status"": ""present"", ""value"": {""course_deg"": 182.8, ""type"": ""course_deg""}}"
B1_prime_link,KBXA_R18,leg_2.Q4_course_or_radial,Q4_course_or_radial,2,False,status_unknown,exact_status_value,"{""status"": ""unknown"", ""value"": null}","{""status"": ""present"", ""value"": {""type"": ""direct""}}"
B1_prime_link,KBXA_R18,leg_3.Q4_course_or_radial,Q4_course_or_radial,3,False,missing_leg_or_field,exact_status_value,null,"{""status"": ""not_applicable"", ""value"": null}"
B1_prime_link,KBXA_R18,leg_3.Q5_hold_params,Q5_hold_params,3,False,missing_leg_or_field,degree_display_rounding,null,"{""status"": ""present"", ""value"": {""inbound_course_deg"": 2.8, ""leg_distance_nm"": 4.0, ""leg_time_min"": null, ""turn"": ""RIGHT""}}"
B1_prime_link,KBYH_R36,leg_1.Q4_course_or_radial,Q4_course_or_radial,1,False,status_unknown,degree_display_rounding,"{""status"": ""unknown"", ""value"": null}","{""status"": ""present"", ""value"": {""course_deg"": 1.0, ""type"": ""course_deg""}}"
B1_prime_link,KBYH_R36,leg_2.Q4_course_or_radial,Q4_course_or_radial,2,False,status_unknown,exact_status_value,"{""status"": ""unknown"", ""value"": null}","{""status"": ""present"", ""value"": {""type"": ""direct""}}"
B1_prime_link,KBYH_R36,leg_3.Q4_course_or_radial,Q4_course_or_radial,3,False,missing_leg_or_field,exact_status_value,null,"{""status"": ""not_applicable"", ""value"": null}"
B1_prime_link,KBYH_R36,leg_3.Q5_hold_params,Q5_hold_params,3,False,missing_leg_or_field,exact_status_value,null,"{""status"": ""present"", ""value"": {""inbound_course_deg"": 181.0, ""leg_distance_nm"": 6.0, ""leg_time_min"": null, ""turn"": ""RIGHT""}}"
B1_prime_link,KCAK_L01,leg_1.Q4_course_or_radial,Q4_course_or_radial,1,False,status_not_observable,degree_display_rounding,"{""status"": ""not_observable"", ""value"": null}","{""status"": ""present"", ""value"": {""course_deg"": 9.5, ""type"": ""course_deg""}}"
B1_prime_link,KCAK_L01,leg_2.Q4_course_or_radial,Q4_course_or_radial,2,False,status_not_observable,exact_status_value,"{""status"": ""not_observable"", ""value"": null}","{""status"": ""present"", ""value"": {""type"": ""direct""}}"
B1_prime_link,KCAK_L01,leg_3.Q4_course_or_radial,Q4_course_or_radial,3,False,status_not_observable,exact_status_value,"{""status"": ""not_observable"", ""value"": null}","{""status"": ""not_applicable"", ""value"": null}"
B1_prime_link,KCAK_L01,leg_3.Q5_hold_params,Q5_hold_params,3,False,status_unknown,exact_status_value,"{""status"": ""unknown"", ""value"": null}","{""status"": ""present"", ""value"": {""inbound_course_deg"": 272.0, ""leg_distance_nm"": null, ""leg_time_min"": 1.0, ""turn"": ""RIGHT""}}"
B1_prime_link,KCAO_R02,leg_1.Q4_course_or_radial,Q4_course_or_radial,1,False,status_not_observable,degree_display_rounding,"{""status"": ""not_observable"", ""value"": null}","{""status"": ""present"", ""value"": {""course_deg"": 21.2, ""type"": ""course_deg""}}"
B1_prime_link,KCAO_R02,leg_2.Q4_course_or_radial,Q4_course_or_radial,2,False,status_not_observable,exact_status_value,"{""status"": ""not_observable"", ""value"": null}","{""status"": ""present"", ""value"": {""type"": ""direct""}}"
B1_prime_link,KCAO_R02,leg_3.Q4_course_or_radial,Q4_course_or_radial,3,False,missing_leg_or_field,exact_status_value,null,"{""status"": ""not_applicable"", ""value"": null}"
B1_prime_link,KCAO_R02,leg_3.Q5_hold_params,Q5_hold_params,3,False,missing_leg_or_field,degree_display_rounding,null,"{""status"": ""present"", ""value"": {""inbound_course_deg"": 201.3, ""leg_distance_nm"": 7.0, ""leg_time_min"": null, ""turn"": ""RIGHT""}}"
B1_prime_link,KCBF_L36,leg_1.Q4_course_or_radial,Q4_course_or_radial,1,False,status_not_observable,degree_display_rounding,"{""status"": ""not_observable"", ""value"": null}","{""status"": ""present"", ""value"": {""course_deg"": 356.5, ""type"": ""course_deg""}}"
B1_prime_link,KCBF_L36,leg_2.Q4_course_or_radial,Q4_course_or_radial,2,False,status_not_observable,exact_status_value,"{""status"": ""not_observable"", ""value"": null}","{""status"": ""present"", ""value"": {""type"": ""direct""}}"
B1_prime_link,KCBF_L36,leg_3.Q4_course_or_radial,Q4_course_or_radial,3,False,status_not_observable,exact_status_value,"{""status"": ""not_observable"", ""value"": null}","{""status"": ""not_applicable"", ""value"": null}"
B1_prime_link,KCBF_L36,leg_3.Q5_hold_params,Q5_hold_params,3,False,missing_inbound_course_deg,exact_status_value,"{""status"": ""present"", ""value"": {""inbound_course_deg"": null, ""leg_distance_nm"": null, ""leg_time_min"": null, ""turn"": null}}","{""status"": ""present"", ""value"": {""inbound_course_deg"": 284.0, ""leg_distance_nm"": null, ""leg_time_min"": 1.0, ""turn"": ""RIGHT""}}"
B1_prime_link,KCBF_R36,leg_1.Q4_course_or_radial,Q4_course_or_radial,1,False,status_unknown,degree_display_rounding,"{""status"": ""unknown"", ""value"": null}","{""status"": ""present"", ""value"": {""course_deg"": 356.5, ""type"": ""course_deg""}}"
B1_prime_link,KCBF_R36,leg_2.Q4_course_or_radial,Q4_course_or_radial,2,False,status_unknown,exact_status_value,"{""status"": ""unknown"", ""value"": null}","{""status"": ""present"", ""value"": {""type"": ""direct""}}"
B1_prime_link,KCBF_R36,leg_3.Q4_course_or_radial,Q4_course_or_radial,3,False,missing_leg_or_field,exact_status_value,null,"{""status"": ""not_applicable"", ""value"": null}"
B1_prime_link,KCBF_R36,leg_3.Q5_hold_params,Q5_hold_params,3,False,missing_leg_or_field,degree_display_rounding,null,"{""status"": ""present"", ""value"": {""inbound_course_deg"": 176.5, ""leg_distance_nm"": 4.0, ""leg_time_min"": null, ""turn"": ""RIGHT""}}"
B1_prime_link,KCDI_R04,leg_1.Q4_course_or_radial,Q4_course_or_radial,1,False,status_unknown,degree_display_rounding,"{""status"": ""unknown"", ""value"": null}","{""status"": ""present"", ""value"": {""course_deg"": 40.1, ""type"": ""course_deg""}}"
B1_prime_link,KCDI_R04,leg_2.Q4_course_or_radial,Q4_course_or_radial,2,False,status_unknown,exact_status_value,"{""status"": ""unknown"", ""value"": null}","{""status"": ""present"", ""value"": {""type"": ""direct""}}"
B1_prime_link,KCDI_R04,leg_3.Q4_course_or_radial,Q4_course_or_radial,3,False,missing_leg_or_field,exact_status_value,null,"{""status"": ""not_applicable"", ""value"": null}"
B1_prime_link,KCDI_R04,leg_3.Q5_hold_params,Q5_hold_params,3,False,missing_leg_or_field,degree_display_rounding,null,"{""status"": ""present"", ""value"": {""inbound_course_deg"": 220.2, ""leg_distance_nm"": 4.0, ""leg_time_min"": null, ""turn"": ""RIGHT""}}"
B1_prime_link,KCDS_R36,leg_1.Q4_course_or_radial,Q4_course_or_radial,1,False,status_not_observable,degree_display_rounding,"{""status"": ""not_observable"", ""value"": null}","{""status"": ""present"", ""value"": {""course_deg"": 355.9, ""type"": ""course_deg""}}"
B1_prime_link,KCDS_R36,leg_2.Q4_course_or_radial,Q4_course_or_radial,2,False,status_not_observable,exact_status_value,"{""status"": ""not_observable"", ""value"": null}","{""status"": ""present"", ""value"": {""type"": ""direct""}}"
B1_prime_link,KCDS_R36,leg_3.Q4_course_or_radial,Q4_course_or_radial,3,False,missing_leg_or_field,exact_status_value,null,"{""status"": ""not_applicable"", ""value"": null}"
B1_prime_link,KCDS_R36,leg_3.Q5_hold_params,Q5_hold_params,3,False,missing_leg_or_field,degree_display_rounding,null,"{""status"": ""present"", ""value"": {""inbound_course_deg"": 57.7, ""leg_distance_nm"": 4.0, ""leg_time_min"": null, ""turn"": ""RIGHT""}}"
B1_prime_link,KCEA_RNV-D,leg_1.Q4_course_or_radial,Q4_course_or_radial,1,False,status_unknown,degree_display_rounding,"{""status"": ""unknown"", ""value"": null}","{""status"": ""present"", ""value"": {""course_deg"": 279.8, ""type"": ""course_deg""}}"
B1_prime_link,KCEA_RNV-D,leg_2.Q4_course_or_radial,Q4_course_or_radial,2,False,status_unknown,exact_status_value,"{""status"": ""unknown"", ""value"": null}","{""status"": ""present"", ""value"": {""type"": ""direct""}}"
B1_prime_link,KCEA_RNV-D,leg_3.Q4_course_or_radial,Q4_course_or_radial,3,False,missing_leg_or_field,exact_status_value,null,"{""status"": ""not_applicable"", ""value"": null}"
B1_prime_link,KCEA_RNV-D,leg_3.Q5_hold_params,Q5_hold_params,3,False,missing_leg_or_field,degree_display_rounding,null,"{""status"": ""present"", ""value"": {""inbound_course_deg"": 279.9, ""leg_distance_nm"": 5.0, ""leg_time_min"": null, ""turn"": ""RIGHT""}}"
B1_prime_link,KCEC_L12,leg_1.Q4_course_or_radial,Q4_course_or_radial,1,False,status_not_applicable,degree_display_rounding,"{""status"": ""not_applicable"", ""value"": null}","{""status"": ""present"", ""value"": {""course_deg"": 119.2, ""type"": ""course_deg""}}"
B1_prime_link,KCEC_L12,leg_2.Q4_course_or_radial,Q4_course_or_radial,2,False,status_unknown,degree_display_rounding,"{""status"": ""unknown"", ""value"": null}","{""status"": ""present"", ""value"": {""direction"": ""inbound"", ""navaid"": ""CEC"", ""radial_deg"": 165.8, ""type"": ""navaid_radial""}}"
B1_prime_link,KCEC_L12,leg_3.Q4_course_or_radial,Q4_course_or_radial,3,False,status_not_observable,exact_status_value,"{""status"": ""not_observable"", ""value"": null}","{""status"": ""not_applicable"", ""value"": null}"
B1_prime_link,KCEC_L12,leg_3.Q5_hold_params,Q5_hold_params,3,False,"inbound_round_equivalent_but_hold_other_mismatch:leg_distance_nm,turn",degree_display_rounding,"{""status"": ""present"", ""value"": {""inbound_course_deg"": 346, ""leg_distance_nm"": null, ""leg_time_min"": null, ""turn"": null}}","{""status"": ""present"", ""value"": {""inbound_course_deg"": 345.8, ""leg_distance_nm"": 4.0, ""leg_time_min"": null, ""turn"": ""LEFT""}}"
B1_prime_link,KCGI_R10,leg_1.Q4_course_or_radial,Q4_course_or_radial,1,False,status_unknown,degree_display_rounding,"{""status"": ""unknown"", ""value"": null}","{""status"": ""present"", ""value"": {""course_deg"": 107.8, ""type"": ""course_deg""}}"
B1_prime_link,KCGI_R10,leg_2.Q4_course_or_radial,Q4_course_or_radial,2,False,status_unknown,exact_status_value,"{""status"": ""unknown"", ""value"": null}","{""status"": ""present"", ""value"": {""type"": ""direct""}}"
B1_prime_link,KCGI_R10,leg_3.Q4_course_or_radial,Q4_course_or_radial,3,False,missing_leg_or_field,exact_status_value,null,"{""status"": ""not_applicable"", ""value"": null}"
B1_prime_link,KCGI_R10,leg_3.Q5_hold_params,Q5_hold_params,3,False,missing_leg_or_field,exact_status_value,null,"{""status"": ""present"", ""value"": {""inbound_course_deg"": 288.0, ""leg_distance_nm"": 4.0, ""leg_time_min"": null, ""turn"": ""RIGHT""}}"
B1_prime_link,KCHO_R03,leg_1.Q4_course_or_radial,Q4_course_or_radial,1,False,status_unknown,degree_display_rounding,"{""status"": ""unknown"", ""value"": null}","{""status"": ""present"", ""value"": {""course_deg"": 30.1, ""type"": ""course_deg""}}"
B1_prime_link,KCHO_R03,leg_2.Q4_course_or_radial,Q4_course_or_radial,2,False,status_unknown,exact_status_value,"{""status"": ""unknown"", ""value"": null}","{""status"": ""present"", ""value"": {""type"": ""direct""}}"
B1_prime_link,KCHO_R03,leg_3.Q4_course_or_radial,Q4_course_or_radial,3,False,status_not_observable,exact_status_value,"{""status"": ""not_observable"", ""value"": null}","{""status"": ""not_applicable"", ""value"": null}"
B1_prime_link,KCHO_R03,leg_3.Q5_hold_params,Q5_hold_params,3,False,status_not_observable,exact_status_value,"{""status"": ""not_observable"", ""value"": null}","{""status"": ""present"", ""value"": {""inbound_course_deg"": 33.0, ""leg_distance_nm"": 4.0, ""leg_time_min"": null, ""turn"": ""RIGHT""}}"
B1_prime_link,KCII_R33,leg_1.Q4_course_or_radial,Q4_course_or_radial,1,False,status_unknown,degree_display_rounding,"{""status"": ""unknown"", ""value"": null}","{""status"": ""present"", ""value"": {""course_deg"": 337.8, ""type"": ""course_deg""}}"
B1_prime_link,KCII_R33,leg_2.Q4_course_or_radial,Q4_course_or_radial,2,False,status_unknown,exact_status_value,"{""status"": ""unknown"", ""value"": null}","{""status"": ""present"", ""value"": {""type"": ""direct""}}"
B1_prime_link,KCII_R33,leg_3.Q4_course_or_radial,Q4_course_or_radial,3,False,missing_leg_or_field,exact_status_value,null,"{""status"": ""not_applicable"", ""value"": null}"
B1_prime_link,KCII_R33,leg_3.Q5_hold_params,Q5_hold_params,3,False,missing_leg_or_field,degree_display_rounding,null,"{""status"": ""present"", ""value"": {""inbound_course_deg"": 147.7, ""leg_distance_nm"": 7.0, ""leg_time_min"": null, ""turn"": ""RIGHT""}}"
B1_prime_link,KCJR_L04,leg_1.Q4_course_or_radial,Q4_course_or_radial,1,False,status_not_applicable,degree_display_rounding,"{""status"": ""not_applicable"", ""value"": null}","{""status"": ""present"", ""value"": {""course_deg"": 38.2, ""type"": ""course_deg""}}"
B1_prime_link,KCJR_L04,leg_2.Q4_course_or_radial,Q4_course_or_radial,2,False,status_unknown,degree_display_rounding,"{""status"": ""unknown"", ""value"": null}","{""status"": ""present"", ""value"": {""course_deg"": 180.0, ""type"": ""course_deg""}}"
B1_prime_link,KCJR_L04,leg_3.Q4_course_or_radial,Q4_course_or_radial,3,False,status_unknown,degree_display_rounding,"{""status"": ""unknown"", ""value"": null}","{""status"": ""present"", ""value"": {""direction"": ""inbound"", ""navaid"": ""GVE"", ""radial_deg"": 28.4, ""type"": ""navaid_radial""}}"
B1_prime_link,KCJR_L04,leg_4.Q4_course_or_radial,Q4_course_or_radial,4,False,missing_leg_or_field,exact_status_value,null,"{""status"": ""not_applicable"", ""value"": null}"
B1_prime_link,KCJR_L04,leg_4.Q5_hold_params,Q5_hold_params,4,False,missing_leg_or_field,degree_display_rounding,null,"{""status"": ""present"", ""value"": {""inbound_course_deg"": 28.4, ""leg_distance_nm"": null, ""leg_time_min"": 1.0, ""turn"": ""RIGHT""}}"
B1_prime_link,KCMH_I10R,leg_1.Q4_course_or_radial,Q4_course_or_radial,1,False,status_not_applicable,degree_display_rounding,"{""status"": ""not_applicable"", ""value"": null}","{""status"": ""present"", ""value"": {""course_deg"": 101.2, ""type"": ""course_deg""}}"
B1_prime_link,KCMH_I10R,leg_2.Q4_course_or_radial,Q4_course_or_radial,2,False,status_not_observable,exact_status_value,"{""status"": ""not_observable"", ""value"": null}","{""status"": ""present"", ""value"": {""type"": ""direct""}}"
B1_prime_link,KCMH_I10R,leg_3.Q4_course_or_radial,Q4_course_or_radial,3,False,missing_leg_or_field,exact_status_value,null,"{""status"": ""not_applicable"", ""value"": null}"
B1_prime_link,KCMH_I10R,leg_3.Q5_hold_params,Q5_hold_params,3,False,missing_leg_or_field,exact_status_value,null,"{""status"": ""present"", ""value"": {""inbound_course_deg"": 38.0, ""leg_distance_nm"": null, ""leg_time_min"": 1.0, ""turn"": ""LEFT""}}"
B1_prime_link,KCNC_R10,leg_1.Q4_course_or_radial,Q4_course_or_radial,1,False,status_not_observable,degree_display_rounding,"{""status"": ""not_observable"", ""value"": null}","{""status"": ""present"", ""value"": {""course_deg"": 98.6, ""type"": ""course_deg""}}"
B1_prime_link,KCNC_R10,leg_2.Q4_course_or_radial,Q4_course_or_radial,2,False,status_not_observable,exact_status_value,"{""status"": ""not_observable"", ""value"": null}","{""status"": ""present"", ""value"": {""type"": ""direct""}}"
B1_prime_link,KCNC_R10,leg_3.Q4_course_or_radial,Q4_course_or_radial,3,False,missing_leg_or_field,exact_status_value,null,"{""status"": ""not_applicable"", ""value"": null}"
B1_prime_link,KCNC_R10,leg_3.Q5_hold_params,Q5_hold_params,3,False,missing_leg_or_field,degree_display_rounding,null,"{""status"": ""present"", ""value"": {""inbound_course_deg"": 278.7, ""leg_distance_nm"": 4.0, ""leg_time_min"": null, ""turn"": ""RIGHT""}}"
B1_prime_link,KCRS_R32,leg_1.Q4_course_or_radial,Q4_course_or_radial,1,False,status_unknown,degree_display_rounding,"{""status"": ""unknown"", ""value"": null}","{""status"": ""present"", ""value"": {""course_deg"": 319.1, ""type"": ""course_deg""}}"
B1_prime_link,KCRS_R32,leg_2.Q4_course_or_radial,Q4_course_or_radial,2,False,status_unknown,exact_status_value,"{""status"": ""unknown"", ""value"": null}","{""status"": ""present"", ""value"": {""type"": ""direct""}}"
B1_prime_link,KCRS_R32,leg_3.Q4_course_or_radial,Q4_course_or_radial,3,False,status_unknown,exact_status_value,"{""status"": ""unknown"", ""value"": null}","{""status"": ""not_applicable"", ""value"": null}"
B1_prime_link,KCRS_R32,leg_3.Q5_hold_params,Q5_hold_params,3,False,status_unknown,degree_display_rounding,"{""status"": ""unknown"", ""value"": null}","{""status"": ""present"", ""value"": {""inbound_course_deg"": 162.8, ""leg_distance_nm"": 4.0, ""leg_time_min"": null, ""turn"": ""RIGHT""}}"
B1_prime_link,KCRW_L05,leg_1.Q4_course_or_radial,Q4_course_or_radial,1,False,status_not_applicable,degree_display_rounding,"{""status"": ""not_applicable"", ""value"": null}","{""status"": ""present"", ""value"": {""course_deg"": 51.7, ""type"": ""course_deg""}}"
B1_prime_link,KCRW_L05,leg_2.Q4_course_or_radial,Q4_course_or_radial,2,False,status_not_applicable,exact_status_value,"{""status"": ""not_applicable"", ""value"": null}","{""status"": ""present"", ""value"": {""type"": ""direct""}}"
B1_prime_link,KCRW_L05,leg_3.Q4_course_or_radial,Q4_course_or_radial,3,False,missing_leg_or_field,exact_status_value,null,"{""status"": ""not_applicable"", ""value"": null}"
B1_prime_link,KCRW_L05,leg_3.Q5_hold_params,Q5_hold_params,3,False,missing_leg_or_field,exact_status_value,null,"{""status"": ""present"", ""value"": {""inbound_course_deg"": 81.0, ""leg_distance_nm"": null, ""leg_time_min"": 1.0, ""turn"": ""RIGHT""}}"
